user_id,account_tier,primary_product,recency_days,total_transactions,total_monetary_value,r_score,f_score,m_score,rfm_segment,support_tickets_30d,app_logins_30d,is_churn,churn_probability,revenue_at_risk_usd
USR_13674,Standard,Crypto,10,27,24840.59,1,1,1,VIP,1,31,0,0.002066054946874593,51.32
USR_14857,Gold,Crypto,24,15,24018.000000000004,1,1,1,VIP,0,24,0,0.002066054946874593,49.62
USR_11445,Standard,Equities,236,17,23902.460000000003,3,1,1,At Risk,0,22,1,0.9954846203561771,23794.53
USR_12704,VIP Wealth,Equities,7,20,23051.970000000005,1,1,1,VIP,0,22,0,0.002066054946874593,47.63
USR_11746,Standard,Robo-Advisory,153,15,22940.81,3,1,1,At Risk,0,27,1,0.9954846203561771,22837.22
USR_11277,Gold,High-Yield Savings,1,17,22818.159999999993,1,1,1,VIP,3,32,0,0.002066054946874593,47.14
USR_12406,Standard,Equities,41,15,21980.35,2,1,1,At Risk,2,5,0,0.002066054946874593,45.41
USR_14749,Standard,High-Yield Savings,79,13,21601.380000000005,3,2,1,At Risk,0,13,0,0.002066054946874593,44.63
USR_12336,VIP Wealth,Robo-Advisory,156,12,21225.13,3,2,1,At Risk,1,3,1,0.9954846203561771,21129.29
USR_11889,Gold,Equities,51,17,20996.079999999998,2,1,1,At Risk,0,29,0,0.002066054946874593,43.38
USR_10082,Standard,Equities,90,22,20810.240000000005,3,1,1,At Risk,0,10,0,0.002066054946874593,43.0
USR_11908,VIP Wealth,Crypto,19,19,20741.579999999998,1,1,1,VIP,2,41,0,0.002066054946874593,42.85
USR_10239,Gold,Equities,20,23,20651.760000000002,1,1,1,VIP,3,33,0,0.002066054946874593,42.67
USR_14309,Standard,Equities,2,22,20152.609999999997,1,1,1,VIP,0,38,0,0.002066054946874593,41.64
USR_11690,Gold,Crypto,27,17,20147.93,2,1,1,At Risk,0,32,0,0.002066054946874593,41.63
USR_12202,Gold,Equities,28,18,20053.619999999995,2,1,1,At Risk,0,2,1,0.9954846203561771,19963.07
USR_12672,Standard,Robo-Advisory,55,16,19847.54,2,1,1,At Risk,1,19,0,0.002066054946874593,41.01
USR_14644,VIP Wealth,Equities,1,23,19828.430000000004,1,1,1,VIP,1,35,0,0.002066054946874593,40.97
USR_10299,Standard,High-Yield Savings,14,16,19607.820000000007,1,1,1,VIP,0,37,0,0.002066054946874593,40.51
USR_13762,Gold,Equities,59,15,19326.190000000002,2,1,1,At Risk,1,8,0,0.002066054946874593,39.93
USR_10512,Standard,High-Yield Savings,47,20,19159.280000000002,2,1,1,At Risk,1,42,0,0.002066054946874593,39.58
USR_11854,Standard,Crypto,36,19,19128.059999999998,2,1,1,At Risk,0,23,0,0.002066054946874593,39.52
USR_13047,Standard,High-Yield Savings,56,12,19068.489999999998,2,2,1,At Risk,2,40,0,0.002066054946874593,39.4
USR_11432,VIP Wealth,Crypto,96,21,19002.230000000003,3,1,1,At Risk,0,31,1,0.9954846203561771,18916.43
USR_13796,Standard,Crypto,9,23,18757.63,1,1,1,VIP,1,3,1,0.9954846203561771,18672.93
USR_13858,Standard,Robo-Advisory,15,19,18655.340000000004,1,1,1,VIP,1,26,0,0.002066054946874593,38.54
USR_12120,Standard,Crypto,182,12,18536.52,3,2,1,At Risk,0,28,1,0.9954846203561771,18452.82
USR_12421,Gold,High-Yield Savings,40,20,18365.64,2,1,1,At Risk,2,12,0,0.002066054946874593,37.94
USR_13771,Standard,Equities,71,16,18323.429999999997,3,1,1,At Risk,0,15,0,0.002066054946874593,37.86
USR_10098,Gold,Equities,100,14,18267.68,3,1,1,At Risk,0,24,1,0.9954846203561771,18185.19
USR_12156,Standard,Equities,10,19,18225.34,1,1,1,VIP,0,25,0,0.002066054946874593,37.65
USR_11446,Standard,High-Yield Savings,298,17,17988.26,3,1,1,At Risk,3,32,1,0.9954846203561771,17907.04
USR_12031,Standard,Equities,12,17,17944.219999999998,1,1,1,VIP,0,9,0,0.002066054946874593,37.07
USR_10935,VIP Wealth,Equities,57,20,17800.0,2,1,1,At Risk,0,34,0,0.002066054946874593,36.78
USR_14850,Gold,Equities,2,17,17757.149999999994,1,1,1,VIP,1,44,0,0.002066054946874593,36.69
USR_13256,Gold,Equities,6,27,17628.76,1,1,1,VIP,1,21,0,0.002066054946874593,36.42
USR_12222,Standard,Equities,8,25,17614.230000000003,1,1,1,VIP,1,19,0,0.002066054946874593,36.39
USR_13993,Standard,Equities,20,18,17593.870000000003,1,1,1,VIP,1,31,0,0.002066054946874593,36.35
USR_12853,Standard,Equities,138,10,17579.7,3,2,1,At Risk,1,25,1,0.9954846203561771,17500.32
USR_13356,Gold,Equities,88,15,17538.829999999998,3,1,1,At Risk,0,39,0,0.002066054946874593,36.24
USR_10224,Standard,Crypto,9,18,17504.440000000002,1,1,1,VIP,0,18,0,0.002066054946874593,36.17
USR_14315,Standard,Crypto,49,14,17459.460000000003,2,1,1,At Risk,1,31,0,0.002066054946874593,36.07
USR_14637,Standard,Equities,12,17,17286.779999999995,1,1,1,VIP,1,25,0,0.002066054946874593,35.72
USR_14852,VIP Wealth,Equities,29,18,17279.03,2,1,1,At Risk,0,12,0,0.002066054946874593,35.7
USR_13849,Standard,Robo-Advisory,54,12,17257.480000000003,2,2,1,At Risk,0,17,0,0.002066054946874593,35.65
USR_11684,Standard,Equities,87,15,17189.56,3,1,1,At Risk,2,28,0,0.002066054946874593,35.51
USR_10668,Gold,Equities,20,14,17131.82,1,1,1,VIP,3,19,0,0.002066054946874593,35.4
USR_10461,Gold,High-Yield Savings,2,13,17074.48,1,2,1,Lost / Inactive,1,34,0,0.002066054946874593,35.28
USR_11383,Gold,High-Yield Savings,62,20,17050.43,2,1,1,At Risk,1,32,0,0.002066054946874593,35.23
USR_14562,Gold,Equities,1,14,17031.85,1,1,1,VIP,0,16,0,0.002066054946874593,35.19
USR_13780,Standard,Crypto,9,10,16932.71,1,3,1,Lost / Inactive,0,34,0,0.002066054946874593,34.98
USR_13261,Standard,Crypto,12,13,16926.579999999998,1,2,1,Lost / Inactive,0,36,0,0.002066054946874593,34.97
USR_13294,Standard,Equities,59,19,16923.65,2,1,1,At Risk,0,10,0,0.002066054946874593,34.97
USR_10029,Standard,Crypto,33,16,16908.18,2,1,1,At Risk,2,42,0,0.002066054946874593,34.93
USR_13066,Standard,Equities,49,12,16767.38,2,2,1,At Risk,1,10,0,0.002066054946874593,34.64
USR_13730,Gold,High-Yield Savings,32,13,16747.27,2,2,1,At Risk,0,14,0,0.002066054946874593,34.6
USR_12093,Standard,High-Yield Savings,55,12,16724.82,2,2,1,At Risk,1,21,0,0.002066054946874593,34.55
USR_11433,Standard,High-Yield Savings,50,21,16723.250000000004,2,1,1,At Risk,1,10,0,0.002066054946874593,34.55
USR_14570,Standard,High-Yield Savings,14,20,16711.819999999996,1,1,1,VIP,2,43,0,0.002066054946874593,34.53
USR_14454,Gold,Robo-Advisory,13,15,16694.050000000003,1,1,1,VIP,0,38,0,0.002066054946874593,34.49
USR_12263,Gold,High-Yield Savings,49,19,16681.750000000004,2,1,1,At Risk,0,25,0,0.002066054946874593,34.47
USR_13389,Gold,Crypto,50,13,16673.17,2,2,1,At Risk,1,28,0,0.002066054946874593,34.45
USR_14296,Gold,Crypto,64,16,16667.03,2,1,1,At Risk,0,31,0,0.002066054946874593,34.43
USR_13777,VIP Wealth,Equities,2,20,16665.39,1,1,1,VIP,0,4,1,0.9954846203561771,16590.14
USR_11382,Standard,Equities,9,18,16589.03,1,1,1,VIP,0,4,1,0.9954846203561771,16514.12
USR_12542,Standard,Robo-Advisory,218,11,16509.180000000004,3,2,1,At Risk,0,23,1,0.9954846203561771,16434.63
USR_10604,Standard,Equities,35,17,16501.91,2,1,1,At Risk,0,28,0,0.002066054946874593,34.09
USR_12843,Gold,Equities,46,20,16480.719999999998,2,1,1,At Risk,0,12,0,0.002066054946874593,34.05
USR_14808,Standard,Crypto,14,8,16333.9,1,3,1,Lost / Inactive,0,27,0,0.002066054946874593,33.75
USR_12161,Standard,Equities,10,17,16276.720000000001,1,1,1,VIP,0,14,0,0.002066054946874593,33.63
USR_12810,Gold,High-Yield Savings,45,21,16108.070000000002,2,1,1,At Risk,1,27,0,0.002066054946874593,33.28
USR_11623,Standard,Robo-Advisory,108,11,16105.070000000002,3,2,1,At Risk,1,23,1,0.9954846203561771,16032.35
USR_12137,Standard,Crypto,16,13,16104.039999999999,1,2,1,Lost / Inactive,1,21,0,0.002066054946874593,33.27
USR_10268,Gold,Robo-Advisory,6,15,16078.789999999997,1,1,1,VIP,2,28,0,0.002066054946874593,33.22
USR_14482,Standard,Robo-Advisory,5,23,16077.509999999998,1,1,1,VIP,0,4,1,0.9954846203561771,16004.91
USR_11686,Gold,Equities,23,17,16072.939999999997,1,1,1,VIP,0,27,0,0.002066054946874593,33.21
USR_11976,Standard,Crypto,37,20,16057.519999999995,2,1,1,At Risk,1,34,0,0.002066054946874593,33.18
USR_10987,Gold,High-Yield Savings,4,20,16033.179999999997,1,1,1,VIP,0,43,0,0.002066054946874593,33.13
USR_10179,Gold,Equities,31,13,16025.45,2,2,1,At Risk,0,36,0,0.002066054946874593,33.11
USR_11911,Standard,Crypto,168,11,16006.019999999999,3,2,1,At Risk,0,31,1,0.9954846203561771,15933.75
USR_10733,Standard,Robo-Advisory,93,17,15994.670000000002,3,1,1,At Risk,2,26,1,0.9954846203561771,15922.45
USR_10685,Gold,Equities,4,17,15983.769999999997,1,1,1,VIP,0,11,0,0.002066054946874593,33.02
USR_10303,Standard,Robo-Advisory,17,20,15958.89,1,1,1,VIP,0,28,0,0.002066054946874593,32.97
USR_12066,Standard,Equities,16,15,15944.460000000001,1,1,1,VIP,1,17,0,0.002066054946874593,32.94
USR_13854,VIP Wealth,Equities,48,16,15903.369999999999,2,1,1,At Risk,1,14,0,0.002066054946874593,32.86
USR_10318,Standard,Crypto,74,13,15893.949999999997,3,2,1,At Risk,1,43,0,0.002066054946874593,32.84
USR_14611,Standard,Crypto,55,14,15827.65,2,1,1,At Risk,0,38,0,0.002066054946874593,32.7
USR_13942,Standard,Equities,85,19,15748.580000000004,3,1,1,At Risk,1,0,1,0.9954846203561771,15677.47
USR_12736,Standard,Crypto,20,12,15745.810000000003,1,2,1,Lost / Inactive,1,31,0,0.002066054946874593,32.53
USR_14650,Standard,Robo-Advisory,17,14,15708.119999999999,1,1,1,VIP,1,30,0,0.002066054946874593,32.45
USR_11502,Gold,Equities,114,13,15692.829999999998,3,1,1,At Risk,1,12,1,0.9954846203561771,15621.97
USR_14438,Standard,Crypto,5,15,15635.43,1,1,1,VIP,0,29,0,0.002066054946874593,32.3
USR_12993,VIP Wealth,Robo-Advisory,40,13,15633.36,2,2,1,At Risk,0,39,0,0.002066054946874593,32.3
USR_12641,Gold,Equities,50,13,15613.100000000002,2,2,1,At Risk,0,17,0,0.002066054946874593,32.26
USR_14399,Standard,Crypto,1,18,15558.230000000003,1,1,1,VIP,1,38,0,0.002066054946874593,32.14
USR_14372,Standard,High-Yield Savings,17,17,15540.840000000004,1,1,1,VIP,0,44,0,0.002066054946874593,32.11
USR_11997,Standard,Robo-Advisory,4,17,15526.449999999999,1,1,1,VIP,2,0,1,0.9954846203561771,15456.34
USR_10705,Standard,Crypto,34,15,15518.879999999997,2,1,1,At Risk,0,4,1,0.9954846203561771,15448.81
USR_10763,Gold,High-Yield Savings,16,15,15517.859999999997,1,1,1,VIP,0,38,0,0.002066054946874593,32.06
USR_13176,Standard,Equities,39,21,15508.63,2,1,1,At Risk,0,13,0,0.002066054946874593,32.04
USR_11575,Standard,High-Yield Savings,6,15,15497.47,1,1,1,VIP,0,12,0,0.002066054946874593,32.02
USR_13582,Standard,Crypto,10,14,15479.17,1,1,1,VIP,0,14,0,0.002066054946874593,31.98
USR_14402,Standard,Equities,71,7,15463.439999999999,3,3,1,At Risk,2,10,0,0.002066054946874593,31.95
USR_10246,Standard,Crypto,63,21,15452.889999999996,2,1,1,At Risk,1,34,0,0.002066054946874593,31.93
USR_11898,VIP Wealth,Equities,33,18,15433.17,2,1,1,At Risk,0,8,0,0.002066054946874593,31.89
USR_12053,Standard,High-Yield Savings,52,16,15420.13,2,1,1,At Risk,0,1,1,0.9954846203561771,15350.5
USR_13740,Gold,Crypto,19,13,15412.84,1,2,1,Lost / Inactive,1,41,0,0.002066054946874593,31.84
USR_13778,VIP Wealth,Equities,3,21,15401.42,1,1,1,VIP,2,28,0,0.002066054946874593,31.82
USR_11007,Standard,Crypto,4,11,15391.470000000001,1,2,1,Lost / Inactive,0,43,0,0.002066054946874593,31.8
USR_13331,Standard,Crypto,93,24,15322.340000000004,3,1,1,At Risk,0,31,1,0.9954846203561771,15253.15
USR_10369,Standard,Crypto,11,13,15305.25,1,2,1,Lost / Inactive,1,20,0,0.002066054946874593,31.62
USR_13441,Standard,Equities,13,9,15291.340000000002,1,3,1,Lost / Inactive,1,39,0,0.002066054946874593,31.59
USR_12330,Gold,Equities,5,15,15286.2,1,1,1,VIP,2,41,0,0.002066054946874593,31.58
USR_10926,Standard,High-Yield Savings,106,11,15269.16,3,2,1,At Risk,1,24,1,0.9954846203561771,15200.21
USR_10609,Gold,Robo-Advisory,84,18,15259.22,3,1,1,At Risk,1,32,0,0.002066054946874593,31.53
USR_14062,VIP Wealth,Crypto,8,18,15255.329999999998,1,1,1,VIP,0,16,0,0.002066054946874593,31.52
USR_14261,Standard,Crypto,26,19,15252.900000000005,2,1,1,At Risk,1,25,0,0.002066054946874593,31.51
USR_11121,Standard,Equities,17,14,15246.79,1,1,1,VIP,1,3,1,0.9954846203561771,15177.94
USR_10874,Gold,Equities,128,17,15174.66,3,1,1,At Risk,0,35,1,0.9954846203561771,15106.14
USR_10459,Standard,High-Yield Savings,69,12,15157.95,3,2,1,At Risk,0,32,0,0.002066054946874593,31.32
USR_10785,Standard,Crypto,26,17,15137.7,2,1,1,At Risk,1,26,0,0.002066054946874593,31.28
USR_11529,Standard,Equities,5,15,15123.210000000003,1,1,1,VIP,1,17,0,0.002066054946874593,31.25
USR_12943,Standard,Robo-Advisory,82,17,14984.44,3,1,1,At Risk,1,24,0,0.002066054946874593,30.96
USR_10946,Standard,Robo-Advisory,52,10,14975.509999999998,2,3,1,At Risk,1,29,0,0.002066054946874593,30.94
USR_11771,Standard,Equities,13,17,14949.530000000002,1,1,1,VIP,0,19,0,0.002066054946874593,30.89
USR_12057,Standard,High-Yield Savings,101,20,14936.18,3,1,1,At Risk,1,39,1,0.9954846203561771,14868.74
USR_13814,Gold,Equities,22,16,14914.95,1,1,1,VIP,0,9,0,0.002066054946874593,30.82
USR_13961,Gold,High-Yield Savings,22,17,14907.740000000002,1,1,1,VIP,0,3,1,0.9954846203561771,14840.43
USR_13482,Standard,Crypto,75,15,14889.89,3,1,1,At Risk,0,18,0,0.002066054946874593,30.76
USR_13842,Standard,Equities,30,16,14885.609999999999,2,1,1,At Risk,1,19,0,0.002066054946874593,30.75
USR_13340,Gold,Equities,10,14,14873.75,1,1,1,VIP,1,29,0,0.002066054946874593,30.73
USR_11286,Standard,High-Yield Savings,43,15,14869.130000000003,2,1,1,At Risk,0,25,0,0.002066054946874593,30.72
USR_14132,Standard,Crypto,10,21,14868.779999999997,1,1,1,VIP,1,17,0,0.002066054946874593,30.72
USR_14055,Standard,Crypto,6,18,14864.760000000002,1,1,1,VIP,1,29,0,0.002066054946874593,30.71
USR_10211,Standard,Equities,84,21,14859.87,3,1,1,At Risk,1,35,0,0.002066054946874593,30.7
USR_14427,Standard,Crypto,33,11,14859.090000000002,2,2,1,At Risk,0,29,0,0.002066054946874593,30.7
USR_12304,Standard,Equities,5,15,14828.489999999998,1,1,1,VIP,1,38,0,0.002066054946874593,30.64
USR_12423,Standard,Crypto,9,18,14821.210000000001,1,1,1,VIP,0,27,0,0.002066054946874593,30.62
USR_12600,Standard,Equities,8,18,14803.949999999999,1,1,1,VIP,1,43,0,0.002066054946874593,30.59
USR_10488,Standard,High-Yield Savings,34,19,14793.689999999999,2,1,1,At Risk,1,23,0,0.002066054946874593,30.56
USR_14533,Standard,Equities,5,19,14773.12,1,1,1,VIP,0,37,0,0.002066054946874593,30.52
USR_12151,Gold,Robo-Advisory,59,17,14737.47,2,1,1,At Risk,1,1,1,0.9954846203561771,14670.92
USR_13892,Standard,Equities,61,22,14736.900000000001,2,1,1,At Risk,1,2,1,0.9954846203561771,14670.36
USR_10595,Standard,Crypto,27,17,14664.28,2,1,1,At Risk,0,1,1,0.9954846203561771,14598.07
USR_13384,Standard,High-Yield Savings,1,14,14631.760000000002,1,1,1,VIP,1,13,0,0.002066054946874593,30.23
USR_12686,VIP Wealth,Robo-Advisory,66,14,14619.0,2,1,1,At Risk,1,18,0,0.002066054946874593,30.2
USR_13965,Standard,Equities,11,18,14594.509999999998,1,1,1,VIP,0,5,0,0.002066054946874593,30.15
USR_12820,Gold,Crypto,49,15,14589.98,2,1,1,At Risk,0,22,0,0.002066054946874593,30.14
USR_14595,Standard,High-Yield Savings,62,17,14575.659999999998,2,1,1,At Risk,3,23,0,0.002066054946874593,30.11
USR_10392,Gold,Equities,48,19,14560.310000000001,2,1,1,At Risk,2,41,0,0.002066054946874593,30.08
USR_11767,Standard,Equities,99,11,14556.779999999999,3,2,1,At Risk,0,17,1,0.9954846203561771,14491.05
USR_13769,Standard,Equities,102,22,14545.12,3,1,1,At Risk,0,25,1,0.9954846203561771,14479.44
USR_14822,Gold,High-Yield Savings,43,18,14544.070000000002,2,1,1,At Risk,0,31,0,0.002066054946874593,30.05
USR_14344,Standard,Equities,3,15,14535.550000000001,1,1,1,VIP,0,3,1,0.9954846203561771,14469.92
USR_10277,Gold,Crypto,23,15,14528.070000000002,1,1,1,VIP,0,32,0,0.002066054946874593,30.02
USR_14687,Standard,Crypto,128,12,14512.83,3,2,1,At Risk,0,11,1,0.9954846203561771,14447.3
USR_13107,Gold,Equities,22,18,14504.24,1,1,1,VIP,0,37,0,0.002066054946874593,29.97
USR_11583,Standard,Equities,22,13,14501.590000000004,1,2,1,Lost / Inactive,1,37,0,0.002066054946874593,29.96
USR_11177,Standard,Equities,62,17,14498.170000000002,2,1,1,At Risk,1,39,0,0.002066054946874593,29.95
USR_10116,Standard,Equities,76,14,14488.08,3,1,1,At Risk,1,4,1,0.9954846203561771,14422.66
USR_13756,VIP Wealth,Equities,29,16,14468.64,2,1,1,At Risk,1,22,0,0.002066054946874593,29.89
USR_14075,Gold,Robo-Advisory,73,16,14443.869999999999,3,1,1,At Risk,3,6,0,0.002066054946874593,29.84
USR_14469,Gold,Crypto,5,12,14433.869999999999,1,2,1,Lost / Inactive,0,35,0,0.002066054946874593,29.82
USR_12645,Standard,High-Yield Savings,65,12,14427.839999999998,2,2,1,At Risk,1,8,0,0.002066054946874593,29.81
USR_12615,Standard,Robo-Advisory,68,20,14413.870000000003,3,1,1,At Risk,2,14,0,0.002066054946874593,29.78
USR_11208,VIP Wealth,High-Yield Savings,98,14,14408.43,3,1,1,At Risk,0,8,1,0.9954846203561771,14343.37
USR_13141,Standard,Robo-Advisory,54,14,14401.6,2,1,1,At Risk,0,32,0,0.002066054946874593,29.75
USR_10193,Standard,Equities,55,16,14391.67,2,1,1,At Risk,0,2,1,0.9954846203561771,14326.69
USR_13248,Gold,Equities,22,13,14378.34,1,2,1,Lost / Inactive,1,39,0,0.002066054946874593,29.71
USR_14457,Standard,Crypto,49,15,14364.5,2,1,1,At Risk,0,32,0,0.002066054946874593,29.68
USR_12453,Standard,Crypto,30,17,14363.69,2,1,1,At Risk,0,2,1,0.9954846203561771,14298.83
USR_13966,Standard,Equities,46,13,14359.660000000002,2,2,1,At Risk,0,36,0,0.002066054946874593,29.67
USR_13641,Standard,Equities,2,15,14345.33,1,1,1,VIP,0,5,0,0.002066054946874593,29.64
USR_14398,Gold,High-Yield Savings,166,15,14323.419999999998,3,1,1,At Risk,0,27,1,0.9954846203561771,14258.74
USR_14059,Standard,High-Yield Savings,51,15,14304.39,2,1,1,At Risk,0,29,0,0.002066054946874593,29.55
USR_11879,Gold,High-Yield Savings,32,13,14301.569999999998,2,2,1,At Risk,1,18,0,0.002066054946874593,29.55
USR_11247,Gold,Crypto,37,15,14300.660000000002,2,1,1,At Risk,4,11,0,0.002066054946874593,29.55
USR_10794,Standard,High-Yield Savings,6,16,14282.4,1,1,1,VIP,1,25,0,0.002066054946874593,29.51
USR_12701,Standard,Equities,27,15,14272.689999999999,2,1,1,At Risk,0,42,0,0.002066054946874593,29.49
USR_10483,Standard,Crypto,78,13,14266.170000000002,3,2,1,At Risk,0,21,0,0.002066054946874593,29.47
USR_10368,Standard,High-Yield Savings,18,18,14246.95,1,1,1,VIP,0,28,0,0.002066054946874593,29.43
USR_11353,Standard,Crypto,33,17,14144.0,2,1,1,At Risk,1,15,0,0.002066054946874593,29.22
USR_11547,Standard,Equities,11,21,14140.489999999998,1,1,1,VIP,1,28,0,0.002066054946874593,29.22
USR_10360,Gold,High-Yield Savings,13,17,14118.090000000002,1,1,1,VIP,2,26,0,0.002066054946874593,29.17
USR_13454,VIP Wealth,Robo-Advisory,72,15,14102.259999999998,3,1,1,At Risk,1,26,0,0.002066054946874593,29.14
USR_10013,Standard,Robo-Advisory,15,17,14095.189999999999,1,1,1,VIP,0,16,0,0.002066054946874593,29.12
USR_14216,Gold,High-Yield Savings,2,16,14093.74,1,1,1,VIP,0,25,0,0.002066054946874593,29.12
USR_14396,Standard,Equities,21,21,14040.429999999998,1,1,1,VIP,1,35,0,0.002066054946874593,29.01
USR_10155,Gold,Crypto,47,15,14037.289999999997,2,1,1,At Risk,2,1,1,0.9954846203561771,13973.91
USR_14818,Gold,Equities,20,14,14029.45,1,1,1,VIP,0,7,0,0.002066054946874593,28.99
USR_14517,Standard,Equities,81,15,14018.760000000002,3,1,1,At Risk,1,23,0,0.002066054946874593,28.96
USR_11418,Standard,Equities,40,20,14006.91,2,1,1,At Risk,1,36,0,0.002066054946874593,28.94
USR_10615,VIP Wealth,Equities,50,15,13998.659999999998,2,1,1,At Risk,0,14,0,0.002066054946874593,28.92
USR_13461,Standard,Equities,29,11,13987.95,2,2,1,At Risk,1,6,0,0.002066054946874593,28.9
USR_10771,Gold,High-Yield Savings,106,20,13976.24,3,1,1,At Risk,1,41,1,0.9954846203561771,13913.13
USR_14621,Standard,High-Yield Savings,68,13,13961.689999999999,3,2,1,At Risk,3,16,0,0.002066054946874593,28.85
USR_11071,Gold,Equities,23,13,13935.830000000002,1,2,1,Lost / Inactive,0,21,0,0.002066054946874593,28.79
USR_11515,Gold,High-Yield Savings,6,18,13927.189999999997,1,1,1,VIP,1,15,0,0.002066054946874593,28.77
USR_14099,Gold,High-Yield Savings,7,11,13923.269999999997,1,2,1,Lost / Inactive,0,34,0,0.002066054946874593,28.77
USR_12488,Standard,Crypto,61,12,13878.269999999999,2,2,1,At Risk,0,33,0,0.002066054946874593,28.67
USR_11711,Standard,Crypto,13,13,13858.960000000003,1,2,1,Lost / Inactive,3,34,0,0.002066054946874593,28.63
USR_10229,Standard,High-Yield Savings,30,20,13851.849999999997,2,1,1,At Risk,0,21,0,0.002066054946874593,28.62
USR_12578,Gold,High-Yield Savings,61,16,13850.530000000002,2,1,1,At Risk,1,4,1,0.9954846203561771,13787.99
USR_10907,Gold,High-Yield Savings,7,18,13847.679999999998,1,1,1,VIP,0,43,0,0.002066054946874593,28.61
USR_12064,Standard,High-Yield Savings,156,17,13842.060000000001,3,1,1,At Risk,1,10,1,0.9954846203561771,13779.56
USR_12326,Gold,Crypto,101,20,13828.880000000001,3,1,1,At Risk,1,3,1,0.9954846203561771,13766.44
USR_14651,Standard,Robo-Advisory,11,15,13821.459999999997,1,1,1,VIP,0,43,0,0.002066054946874593,28.56
USR_11203,Standard,Robo-Advisory,31,16,13796.710000000001,2,1,1,At Risk,1,9,0,0.002066054946874593,28.5
USR_10170,Gold,Robo-Advisory,212,13,13776.280000000004,3,1,1,At Risk,1,14,1,0.9954846203561771,13714.07
USR_10699,Standard,Crypto,40,12,13734.810000000001,2,2,1,At Risk,0,37,0,0.002066054946874593,28.38
USR_11299,Standard,High-Yield Savings,15,21,13731.03,1,1,1,VIP,1,38,0,0.002066054946874593,28.37
USR_10046,Standard,Equities,26,17,13726.800000000001,2,1,1,At Risk,0,3,1,0.9954846203561771,13664.82
USR_12193,Standard,Robo-Advisory,55,17,13726.15,2,1,1,At Risk,0,39,0,0.002066054946874593,28.36
USR_14859,Standard,Equities,7,6,13723.98,1,3,1,Lost / Inactive,1,7,0,0.002066054946874593,28.35
USR_14837,Standard,Equities,6,18,13705.0,1,1,1,VIP,1,22,0,0.002066054946874593,28.32
USR_10301,Standard,Crypto,55,12,13703.74,2,2,1,At Risk,0,23,0,0.002066054946874593,28.31
USR_11568,Gold,High-Yield Savings,132,12,13695.259999999998,3,2,1,At Risk,2,12,1,0.9954846203561771,13633.42
USR_12984,Standard,Robo-Advisory,43,17,13694.960000000001,2,1,1,At Risk,2,1,1,0.9954846203561771,13633.12
USR_14003,Standard,Equities,162,13,13681.14,3,1,1,At Risk,3,25,1,0.9954846203561771,13619.36
USR_13118,Standard,Crypto,37,18,13662.469999999998,2,1,1,At Risk,1,10,0,0.002066054946874593,28.23
USR_11793,Gold,High-Yield Savings,74,9,13658.739999999998,3,3,1,At Risk,0,14,0,0.002066054946874593,28.22
USR_13450,Standard,Crypto,1,16,13652.620000000003,1,1,1,VIP,2,15,0,0.002066054946874593,28.21
USR_14689,Standard,Equities,40,13,13646.1,2,2,1,At Risk,0,39,0,0.002066054946874593,28.19
USR_11959,Standard,Robo-Advisory,23,19,13644.22,1,1,1,VIP,0,26,0,0.002066054946874593,28.19
USR_14278,VIP Wealth,Crypto,13,11,13635.100000000002,1,2,1,Lost / Inactive,0,30,0,0.002066054946874593,28.17
USR_14095,Gold,High-Yield Savings,53,17,13597.98,2,1,1,At Risk,1,24,0,0.002066054946874593,28.09
USR_11234,Standard,High-Yield Savings,1,16,13596.070000000002,1,1,1,VIP,0,13,0,0.002066054946874593,28.09
USR_13004,Standard,High-Yield Savings,124,13,13586.329999999996,3,1,1,At Risk,1,43,1,0.9954846203561771,13524.98
USR_12644,Standard,Equities,18,13,13579.969999999998,1,2,1,Lost / Inactive,0,30,0,0.002066054946874593,28.06
USR_12844,Standard,High-Yield Savings,52,14,13574.76,2,1,1,At Risk,0,42,0,0.002066054946874593,28.05
USR_14167,Gold,Crypto,41,14,13571.2,2,1,1,At Risk,0,34,0,0.002066054946874593,28.04
USR_14527,Standard,Crypto,47,15,13550.540000000003,2,1,1,At Risk,0,40,0,0.002066054946874593,28.0
USR_14096,Gold,Robo-Advisory,65,15,13527.710000000001,2,1,1,At Risk,0,13,0,0.002066054946874593,27.95
USR_13140,Gold,High-Yield Savings,88,12,13522.18,3,2,1,At Risk,0,41,0,0.002066054946874593,27.94
USR_14677,Standard,Equities,41,14,13520.640000000001,2,1,1,At Risk,0,43,0,0.002066054946874593,27.93
USR_10099,Gold,High-Yield Savings,136,15,13518.399999999998,3,1,1,At Risk,1,40,1,0.9954846203561771,13457.36
USR_11009,Standard,Crypto,46,14,13506.999999999998,2,1,1,At Risk,0,23,0,0.002066054946874593,27.91
USR_12800,Gold,High-Yield Savings,27,15,13493.359999999999,2,1,1,At Risk,1,44,0,0.002066054946874593,27.88
USR_14842,Gold,Crypto,100,16,13489.27,3,1,1,At Risk,0,34,1,0.9954846203561771,13428.36
USR_13037,Standard,Crypto,92,19,13480.72,3,1,1,At Risk,0,4,1,0.9954846203561771,13419.85
USR_12486,Standard,Crypto,33,15,13470.18,2,1,1,At Risk,1,28,0,0.002066054946874593,27.83
USR_10827,Gold,Robo-Advisory,81,19,13463.150000000001,3,1,1,At Risk,0,12,0,0.002066054946874593,27.82
USR_14783,Gold,Equities,36,14,13462.9,2,1,1,At Risk,0,38,0,0.002066054946874593,27.82
USR_14752,Standard,Equities,20,12,13451.600000000002,1,2,1,Lost / Inactive,1,1,1,0.9954846203561771,13390.86
USR_11904,Gold,Equities,110,11,13443.019999999999,3,2,1,At Risk,1,36,1,0.9954846203561771,13382.32
USR_11987,Gold,Crypto,98,11,13437.74,3,2,1,At Risk,2,20,1,0.9954846203561771,13377.06
USR_13986,Gold,High-Yield Savings,20,12,13425.790000000003,1,2,1,Lost / Inactive,0,22,0,0.002066054946874593,27.74
USR_13834,Gold,Equities,8,16,13404.59,1,1,1,VIP,0,21,0,0.002066054946874593,27.69
USR_11023,Standard,Equities,42,25,13403.499999999996,2,1,1,At Risk,0,21,0,0.002066054946874593,27.69
USR_13207,Standard,Crypto,27,13,13399.43,2,2,1,At Risk,0,32,0,0.002066054946874593,27.68
USR_12658,Gold,Crypto,28,12,13392.369999999999,2,2,1,At Risk,0,40,0,0.002066054946874593,27.67
USR_11762,Gold,Equities,48,11,13378.66,2,2,1,At Risk,3,8,0,0.002066054946874593,27.64
USR_13393,Standard,Robo-Advisory,80,13,13369.97,3,2,1,At Risk,0,33,0,0.002066054946874593,27.62
USR_11189,Standard,Equities,12,20,13356.209999999997,1,1,1,VIP,0,17,0,0.002066054946874593,27.59
USR_13509,Standard,Crypto,32,15,13341.390000000001,2,1,1,At Risk,0,11,0,0.002066054946874593,27.56
USR_13228,Standard,Equities,40,15,13340.87,2,1,1,At Risk,3,21,0,0.002066054946874593,27.56
USR_10972,Standard,Equities,188,10,13301.970000000001,3,3,1,At Risk,0,4,1,0.9954846203561771,13241.91
USR_11141,Gold,Robo-Advisory,165,12,13295.410000000002,3,2,1,At Risk,0,9,1,0.9954846203561771,13235.38
USR_14913,Gold,Equities,12,12,13295.399999999998,1,2,1,Lost / Inactive,0,35,0,0.002066054946874593,27.47
USR_11753,Gold,Robo-Advisory,103,14,13292.460000000001,3,1,1,At Risk,1,20,1,0.9954846203561771,13232.44
USR_14950,Standard,High-Yield Savings,6,17,13283.179999999998,1,1,1,VIP,0,16,0,0.002066054946874593,27.44
USR_10605,Standard,Equities,13,18,13281.890000000001,1,1,1,VIP,0,24,0,0.002066054946874593,27.44
USR_13457,Standard,Equities,10,14,13275.679999999998,1,1,1,VIP,2,36,0,0.002066054946874593,27.43
USR_11229,Standard,Equities,8,10,13266.46,1,3,1,Lost / Inactive,2,43,0,0.002066054946874593,27.41
USR_10665,Standard,Equities,22,18,13264.5,1,1,1,VIP,1,12,0,0.002066054946874593,27.41
USR_14636,Standard,Robo-Advisory,20,17,13235.829999999998,1,1,1,VIP,2,29,0,0.002066054946874593,27.35
USR_13151,Standard,Equities,19,18,13230.7,1,1,1,VIP,0,24,0,0.002066054946874593,27.34
USR_11409,Gold,Crypto,95,16,13228.859999999999,3,1,1,At Risk,0,23,1,0.9954846203561771,13169.13
USR_12648,Gold,Crypto,36,14,13227.710000000001,2,1,1,At Risk,2,35,0,0.002066054946874593,27.33
USR_10040,Standard,High-Yield Savings,67,12,13223.63,2,2,1,At Risk,1,27,0,0.002066054946874593,27.32
USR_14557,VIP Wealth,Crypto,18,14,13195.519999999999,1,1,1,VIP,2,22,0,0.002066054946874593,27.26
USR_12379,Standard,High-Yield Savings,40,19,13183.73,2,1,1,At Risk,2,35,0,0.002066054946874593,27.24
USR_11123,Gold,Crypto,55,16,13182.34,2,1,1,At Risk,3,31,0,0.002066054946874593,27.24
USR_11544,Standard,Equities,49,12,13173.710000000001,2,2,1,At Risk,0,35,0,0.002066054946874593,27.22
USR_14668,Gold,High-Yield Savings,33,15,13170.18,2,1,1,At Risk,4,30,0,0.002066054946874593,27.21
USR_12113,Standard,Equities,57,14,13164.149999999998,2,1,1,At Risk,1,36,0,0.002066054946874593,27.2
USR_12655,Standard,Crypto,61,18,13154.59,2,1,1,At Risk,0,25,0,0.002066054946874593,27.18
USR_10634,VIP Wealth,Equities,66,9,13126.27,2,3,1,At Risk,1,2,1,0.9954846203561771,13067.0
USR_13349,Standard,High-Yield Savings,83,11,13125.91,3,2,1,At Risk,3,31,0,0.002066054946874593,27.12
USR_14937,VIP Wealth,Robo-Advisory,21,16,13124.92,1,1,1,VIP,2,7,0,0.002066054946874593,27.12
USR_13096,Standard,High-Yield Savings,13,18,13118.830000000002,1,1,1,VIP,2,33,0,0.002066054946874593,27.1
USR_14467,Standard,High-Yield Savings,44,9,13107.16,2,3,1,At Risk,0,31,0,0.002066054946874593,27.08
USR_14178,Standard,High-Yield Savings,36,16,13101.279999999999,2,1,1,At Risk,0,29,0,0.002066054946874593,27.07
USR_14736,VIP Wealth,Equities,50,14,13093.340000000002,2,1,1,At Risk,1,31,0,0.002066054946874593,27.05
USR_11531,Standard,Equities,7,21,13088.500000000002,1,1,1,VIP,2,3,1,0.9954846203561771,13029.4
USR_13608,Gold,Crypto,43,17,13084.56,2,1,1,At Risk,2,34,0,0.002066054946874593,27.03
USR_14005,Standard,Robo-Advisory,1,14,13071.130000000003,1,1,1,VIP,0,8,0,0.002066054946874593,27.01
USR_14744,Standard,Equities,116,15,13059.599999999997,3,1,1,At Risk,1,29,1,0.9954846203561771,13000.63
USR_13868,Standard,Crypto,10,14,13058.39,1,1,1,VIP,0,37,0,0.002066054946874593,26.98
USR_11699,Standard,Equities,12,22,13057.579999999998,1,1,1,VIP,3,8,0,0.002066054946874593,26.98
USR_13015,Standard,High-Yield Savings,44,13,13039.779999999999,2,2,1,At Risk,2,34,0,0.002066054946874593,26.94
USR_10194,Standard,High-Yield Savings,27,14,13036.119999999999,2,1,1,At Risk,1,11,0,0.002066054946874593,26.93
USR_11307,Standard,Crypto,4,16,13032.99,1,1,1,VIP,0,27,0,0.002066054946874593,26.93
USR_11465,Gold,Robo-Advisory,22,20,13028.7,1,1,1,VIP,0,36,0,0.002066054946874593,26.92
USR_13232,Standard,Equities,13,20,13021.93,1,1,1,VIP,1,32,0,0.002066054946874593,26.9
USR_10453,Gold,Crypto,109,11,13006.090000000002,3,2,1,At Risk,0,5,1,0.9954846203561771,12947.36
USR_12963,Gold,Equities,39,8,12995.05,2,3,1,At Risk,1,26,0,0.002066054946874593,26.85
USR_14389,VIP Wealth,High-Yield Savings,14,16,12990.76,1,1,1,VIP,0,32,0,0.002066054946874593,26.84
USR_13492,Gold,Crypto,1,15,12982.210000000001,1,1,1,VIP,0,42,0,0.002066054946874593,26.82
USR_13827,Standard,Equities,62,17,12979.5,2,1,1,At Risk,2,5,0,0.002066054946874593,26.82
USR_11967,Standard,Crypto,15,13,12970.42,1,2,1,Lost / Inactive,0,40,0,0.002066054946874593,26.8
USR_13964,VIP Wealth,Robo-Advisory,22,12,12965.47,1,2,1,Lost / Inactive,0,25,0,0.002066054946874593,26.79
USR_11778,Gold,High-Yield Savings,51,18,12960.72,2,1,1,At Risk,0,42,0,0.002066054946874593,26.78
USR_12443,Gold,High-Yield Savings,5,17,12949.599999999999,1,1,1,VIP,2,26,0,0.002066054946874593,26.75
USR_12383,Gold,Equities,9,15,12933.529999999999,1,1,1,VIP,0,31,0,0.002066054946874593,26.72
USR_10258,VIP Wealth,High-Yield Savings,34,18,12916.949999999999,2,1,1,At Risk,0,10,0,0.002066054946874593,26.69
USR_14310,Gold,High-Yield Savings,30,13,12898.280000000002,2,2,1,At Risk,1,2,1,0.9954846203561771,12840.04
USR_10900,Standard,High-Yield Savings,93,10,12896.14,3,3,1,At Risk,1,36,1,0.9954846203561771,12837.91
USR_13224,Gold,Robo-Advisory,36,16,12894.900000000001,2,1,1,At Risk,1,43,0,0.002066054946874593,26.64
USR_14882,Gold,Crypto,6,21,12875.2,1,1,1,VIP,2,18,0,0.002066054946874593,26.6
USR_13941,Standard,High-Yield Savings,1,18,12872.439999999999,1,1,1,VIP,1,7,0,0.002066054946874593,26.6
USR_12786,Standard,Crypto,87,10,12872.07,3,3,1,At Risk,0,34,0,0.002066054946874593,26.59
USR_12367,Standard,Crypto,4,21,12868.150000000001,1,1,1,VIP,0,43,0,0.002066054946874593,26.59
USR_13440,Gold,High-Yield Savings,2,17,12848.999999999996,1,1,1,VIP,0,0,1,0.9954846203561771,12790.98
USR_13398,Standard,Robo-Advisory,31,16,12837.22,2,1,1,At Risk,3,30,0,0.002066054946874593,26.52
USR_12708,Gold,Equities,10,17,12808.62,1,1,1,VIP,0,42,0,0.002066054946874593,26.46
USR_14702,VIP Wealth,Equities,31,20,12804.360000000002,2,1,1,At Risk,0,43,0,0.002066054946874593,26.45
USR_12908,Standard,Equities,5,18,12803.49,1,1,1,VIP,0,44,0,0.002066054946874593,26.45
USR_14362,Gold,Equities,7,16,12800.2,1,1,1,VIP,0,3,1,0.9954846203561771,12742.4
USR_12891,Standard,Robo-Advisory,78,12,12794.869999999999,3,2,1,At Risk,2,18,0,0.002066054946874593,26.43
USR_12376,Standard,High-Yield Savings,29,21,12792.609999999999,2,1,1,At Risk,0,43,0,0.002066054946874593,26.43
USR_12352,Standard,Robo-Advisory,182,14,12782.990000000002,3,1,1,At Risk,0,39,1,0.9954846203561771,12725.27
USR_12123,Standard,Crypto,70,9,12782.71,3,3,1,At Risk,0,10,0,0.002066054946874593,26.41
USR_11820,Standard,Equities,35,13,12773.020000000002,2,2,1,At Risk,0,19,0,0.002066054946874593,26.39
USR_10983,Standard,Equities,5,14,12769.060000000001,1,1,1,VIP,2,10,0,0.002066054946874593,26.38
USR_10786,Standard,Equities,49,14,12768.89,2,1,1,At Risk,1,41,0,0.002066054946874593,26.38
USR_13532,Standard,Crypto,187,13,12764.709999999997,3,1,1,At Risk,1,34,1,0.9954846203561771,12707.07
USR_13355,Standard,High-Yield Savings,32,16,12733.869999999997,2,1,1,At Risk,1,8,0,0.002066054946874593,26.31
USR_12714,VIP Wealth,Equities,11,16,12731.689999999997,1,1,1,VIP,1,37,0,0.002066054946874593,26.3
USR_13378,Standard,Equities,111,20,12731.590000000004,3,1,1,At Risk,1,37,1,0.9954846203561771,12674.1
USR_13049,Gold,Equities,95,15,12727.259999999998,3,1,1,At Risk,0,11,1,0.9954846203561771,12669.79
USR_14409,VIP Wealth,High-Yield Savings,167,13,12719.280000000002,3,1,1,At Risk,1,23,1,0.9954846203561771,12661.85
USR_11629,VIP Wealth,Equities,31,17,12708.210000000001,2,1,1,At Risk,0,9,0,0.002066054946874593,26.26
USR_10807,Standard,High-Yield Savings,37,16,12696.489999999998,2,1,1,At Risk,2,12,0,0.002066054946874593,26.23
USR_12509,Standard,Equities,49,10,12688.230000000001,2,3,1,At Risk,0,2,1,0.9954846203561771,12630.94
USR_13594,Gold,Equities,47,18,12683.3,2,1,1,At Risk,1,30,0,0.002066054946874593,26.2
USR_10521,Gold,Equities,26,20,12676.54,2,1,1,At Risk,1,31,0,0.002066054946874593,26.19
USR_13062,Standard,High-Yield Savings,10,20,12675.660000000002,1,1,1,VIP,1,34,0,0.002066054946874593,26.19
USR_10308,Gold,Crypto,24,16,12675.45,1,1,1,VIP,0,29,0,0.002066054946874593,26.19
USR_11946,Gold,Crypto,87,10,12675.399999999998,3,3,1,At Risk,1,30,0,0.002066054946874593,26.19
USR_11923,Standard,High-Yield Savings,23,15,12667.949999999999,1,1,1,VIP,1,11,0,0.002066054946874593,26.17
USR_13848,VIP Wealth,Crypto,187,13,12667.510000000002,3,1,1,At Risk,1,26,1,0.9954846203561771,12610.31
USR_12678,Standard,High-Yield Savings,1,17,12665.92,1,1,1,VIP,0,35,0,0.002066054946874593,26.17
USR_10265,Gold,Equities,54,14,12661.180000000002,2,1,1,At Risk,1,35,0,0.002066054946874593,26.16
USR_12082,Standard,Equities,58,17,12653.439999999999,2,1,1,At Risk,1,40,0,0.002066054946874593,26.14
USR_13663,Gold,Robo-Advisory,31,15,12645.08,2,1,1,At Risk,1,11,0,0.002066054946874593,26.13
USR_11564,Standard,High-Yield Savings,12,16,12643.52,1,1,1,VIP,0,42,0,0.002066054946874593,26.12
USR_11065,Standard,Crypto,54,11,12639.390000000001,2,2,1,At Risk,1,18,0,0.002066054946874593,26.11
USR_10411,Gold,Robo-Advisory,57,12,12618.949999999999,2,2,1,At Risk,0,27,0,0.002066054946874593,26.07
USR_11190,Standard,Crypto,63,18,12617.95,2,1,1,At Risk,0,20,0,0.002066054946874593,26.07
USR_11142,Gold,Equities,41,10,12604.340000000002,2,3,1,At Risk,3,8,0,0.002066054946874593,26.04
USR_13856,Gold,Crypto,36,18,12592.32,2,1,1,At Risk,1,8,0,0.002066054946874593,26.02
USR_10724,Standard,Crypto,22,22,12585.250000000002,1,1,1,VIP,1,33,0,0.002066054946874593,26.0
USR_12039,Standard,Equities,13,13,12571.519999999999,1,2,1,Lost / Inactive,0,32,0,0.002066054946874593,25.97
USR_12200,VIP Wealth,High-Yield Savings,95,15,12570.05,3,1,1,At Risk,0,18,1,0.9954846203561771,12513.29
USR_12897,Standard,Crypto,4,17,12556.92,1,1,1,VIP,0,24,0,0.002066054946874593,25.94
USR_10945,Gold,High-Yield Savings,56,12,12556.349999999999,2,2,1,At Risk,1,12,0,0.002066054946874593,25.94
USR_14580,Standard,Crypto,111,13,12554.24,3,1,1,At Risk,1,37,1,0.9954846203561771,12497.55
USR_11826,Standard,Robo-Advisory,33,20,12548.92,2,1,1,At Risk,2,37,0,0.002066054946874593,25.93
USR_12034,Standard,Robo-Advisory,45,16,12544.55,2,1,1,At Risk,0,23,0,0.002066054946874593,25.92
USR_11920,Standard,High-Yield Savings,15,19,12534.81,1,1,1,VIP,0,4,1,0.9954846203561771,12478.21
USR_12933,Standard,Equities,38,18,12521.399999999996,2,1,1,At Risk,0,3,1,0.9954846203561771,12464.86
USR_11185,Standard,High-Yield Savings,88,17,12519.449999999999,3,1,1,At Risk,2,27,0,0.002066054946874593,25.87
USR_10055,Gold,Robo-Advisory,6,12,12519.34,1,2,1,Lost / Inactive,0,32,0,0.002066054946874593,25.87
USR_10249,VIP Wealth,Equities,24,16,12515.169999999998,1,1,1,VIP,0,41,0,0.002066054946874593,25.86
USR_10376,Standard,High-Yield Savings,50,17,12514.59,2,1,1,At Risk,0,19,0,0.002066054946874593,25.86
USR_14410,Standard,High-Yield Savings,203,15,12507.699999999999,3,1,1,At Risk,1,29,1,0.9954846203561771,12451.22
USR_13126,Gold,High-Yield Savings,23,13,12495.609999999999,1,2,1,Lost / Inactive,0,42,0,0.002066054946874593,25.82
USR_13012,Standard,Equities,8,13,12486.83,1,2,1,Lost / Inactive,1,12,0,0.002066054946874593,25.8
USR_11688,Standard,Robo-Advisory,29,16,12481.4,2,1,1,At Risk,0,4,1,0.9954846203561771,12425.04
USR_14228,Standard,Robo-Advisory,55,11,12471.89,2,2,1,At Risk,0,17,0,0.002066054946874593,25.77
USR_11729,Gold,Equities,32,16,12454.999999999998,2,1,1,At Risk,2,4,1,0.9954846203561771,12398.76
USR_14854,Standard,Crypto,112,11,12447.05,3,2,1,At Risk,1,23,1,0.9954846203561771,12390.85
USR_13077,Standard,Equities,14,16,12445.730000000003,1,1,1,VIP,0,12,0,0.002066054946874593,25.71
USR_11788,Gold,Equities,30,17,12443.280000000002,2,1,1,At Risk,0,6,0,0.002066054946874593,25.71
USR_14494,Standard,High-Yield Savings,46,15,12435.55,2,1,1,At Risk,2,7,0,0.002066054946874593,25.69
USR_14225,Standard,Equities,33,15,12433.72,2,1,1,At Risk,2,16,0,0.002066054946874593,25.69
USR_11626,Gold,High-Yield Savings,62,14,12428.61,2,1,1,At Risk,1,14,0,0.002066054946874593,25.68
USR_14673,Standard,Robo-Advisory,75,12,12420.219999999998,3,2,1,At Risk,2,30,0,0.002066054946874593,25.66
USR_11777,VIP Wealth,Crypto,79,17,12397.9,3,1,1,At Risk,0,21,0,0.002066054946874593,25.61
USR_13865,Standard,Crypto,3,13,12396.29,1,2,1,Lost / Inactive,3,24,0,0.002066054946874593,25.61
USR_14074,Standard,Crypto,18,10,12388.439999999999,1,3,1,Lost / Inactive,1,23,0,0.002066054946874593,25.6
USR_14524,Standard,High-Yield Savings,77,10,12388.14,3,3,1,At Risk,0,18,0,0.002066054946874593,25.59
USR_10846,Standard,High-Yield Savings,19,11,12384.009999999998,1,2,1,Lost / Inactive,1,32,0,0.002066054946874593,25.59
USR_11423,Standard,Equities,47,16,12373.740000000002,2,1,1,At Risk,0,23,0,0.002066054946874593,25.56
USR_13039,Gold,Robo-Advisory,53,13,12357.3,2,2,1,At Risk,4,13,0,0.002066054946874593,25.53
USR_11909,Gold,Crypto,9,21,12352.690000000002,1,1,1,VIP,1,14,0,0.002066054946874593,25.52
USR_10620,Standard,High-Yield Savings,6,16,12348.890000000003,1,1,1,VIP,0,17,0,0.002066054946874593,25.51
USR_14776,Standard,Crypto,34,16,12347.120000000003,2,1,1,At Risk,0,38,0,0.002066054946874593,25.51
USR_13293,Standard,Crypto,33,15,12339.320000000002,2,1,1,At Risk,1,0,1,0.9954846203561771,12283.6
USR_12770,Standard,Robo-Advisory,18,16,12311.609999999997,1,1,1,VIP,1,36,0,0.002066054946874593,25.44
USR_14493,Gold,Crypto,32,17,12309.239999999998,2,1,1,At Risk,4,5,0,0.002066054946874593,25.43
USR_14741,Gold,Equities,44,15,12300.330000000002,2,1,1,At Risk,1,36,0,0.002066054946874593,25.41
USR_10513,Standard,Robo-Advisory,34,19,12299.120000000003,2,1,1,At Risk,2,0,1,0.9954846203561771,12243.58
USR_10440,Gold,High-Yield Savings,7,17,12286.230000000001,1,1,1,VIP,0,4,1,0.9954846203561771,12230.75
USR_10606,Gold,Equities,19,10,12280.380000000001,1,3,1,Lost / Inactive,1,9,0,0.002066054946874593,25.37
USR_14123,Standard,Equities,15,17,12279.669999999998,1,1,1,VIP,1,28,0,0.002066054946874593,25.37
USR_11099,Standard,Equities,18,15,12276.619999999999,1,1,1,VIP,0,7,0,0.002066054946874593,25.36
USR_13576,Standard,High-Yield Savings,45,15,12272.909999999998,2,1,1,At Risk,0,41,0,0.002066054946874593,25.36
USR_13924,Standard,Crypto,38,12,12269.669999999998,2,2,1,At Risk,0,0,1,0.9954846203561771,12214.27
USR_14179,Standard,Equities,37,13,12264.66,2,2,1,At Risk,0,30,0,0.002066054946874593,25.34
USR_13994,Gold,Equities,25,7,12261.119999999999,2,3,1,At Risk,0,42,0,0.002066054946874593,25.33
USR_12917,Gold,Robo-Advisory,4,16,12244.39,1,1,1,VIP,0,38,0,0.002066054946874593,25.3
USR_14297,Standard,Equities,172,14,12236.770000000002,3,1,1,At Risk,1,11,1,0.9954846203561771,12181.52
USR_12997,Gold,Equities,131,11,12230.599999999999,3,2,1,At Risk,0,37,1,0.9954846203561771,12175.37
USR_10506,Gold,Crypto,5,14,12230.300000000001,1,1,1,VIP,0,38,0,0.002066054946874593,25.27
USR_11414,Gold,Equities,78,9,12211.84,3,3,1,At Risk,1,29,0,0.002066054946874593,25.23
USR_13229,Standard,Robo-Advisory,4,14,12199.169999999998,1,1,1,VIP,0,43,0,0.002066054946874593,25.2
USR_14181,Standard,Crypto,15,15,12196.07,1,1,1,VIP,0,24,0,0.002066054946874593,25.2
USR_11321,Standard,Crypto,122,16,12192.8,3,1,1,At Risk,0,11,1,0.9954846203561771,12137.74
USR_13161,Gold,Robo-Advisory,2,20,12192.220000000003,1,1,1,VIP,2,26,0,0.002066054946874593,25.19
USR_11610,Standard,Equities,40,12,12189.029999999999,2,2,1,At Risk,1,41,0,0.002066054946874593,25.18
USR_11737,Standard,Equities,11,20,12188.57,1,1,1,VIP,0,22,0,0.002066054946874593,25.18
USR_10341,Standard,Equities,47,12,12186.12,2,2,1,At Risk,1,19,0,0.002066054946874593,25.18
USR_11541,Gold,Crypto,159,9,12177.640000000001,3,3,1,At Risk,2,27,1,0.9954846203561771,12122.65
USR_13138,Gold,Robo-Advisory,8,11,12167.23,1,2,1,Lost / Inactive,0,22,0,0.002066054946874593,25.14
USR_13189,Gold,Crypto,111,12,12155.55,3,2,1,At Risk,0,8,1,0.9954846203561771,12100.66
USR_12315,VIP Wealth,Equities,135,16,12153.210000000003,3,1,1,At Risk,0,29,1,0.9954846203561771,12098.33
USR_14229,Standard,Equities,85,12,12150.600000000002,3,2,1,At Risk,0,13,0,0.002066054946874593,25.1
USR_11385,Standard,Equities,61,15,12146.310000000001,2,1,1,At Risk,2,4,1,0.9954846203561771,12091.46
USR_13099,Standard,High-Yield Savings,1,12,12139.079999999998,1,2,1,Lost / Inactive,0,14,0,0.002066054946874593,25.08
USR_11282,VIP Wealth,Crypto,2,10,12130.53,1,3,1,Lost / Inactive,2,25,0,0.002066054946874593,25.06
USR_13922,VIP Wealth,High-Yield Savings,93,10,12107.11,3,3,1,At Risk,0,16,1,0.9954846203561771,12052.44
USR_10601,Standard,Crypto,41,20,12106.24,2,1,1,At Risk,0,6,0,0.002066054946874593,25.01
USR_12924,Standard,Crypto,37,16,12102.369999999999,2,1,1,At Risk,3,21,0,0.002066054946874593,25.0
USR_10783,Standard,Crypto,52,15,12100.990000000002,2,1,1,At Risk,2,32,0,0.002066054946874593,25.0
USR_14693,Standard,Equities,9,12,12099.59,1,2,1,Lost / Inactive,2,27,0,0.002066054946874593,25.0
USR_12337,Standard,Equities,22,11,12097.87,1,2,1,Lost / Inactive,0,10,0,0.002066054946874593,24.99
USR_14707,Standard,Robo-Advisory,20,14,12088.289999999999,1,1,1,VIP,2,16,0,0.002066054946874593,24.98
USR_10479,Standard,Equities,3,17,12081.2,1,1,1,VIP,1,38,0,0.002066054946874593,24.96
USR_13362,Gold,Equities,12,11,12078.839999999998,1,2,1,Lost / Inactive,1,39,0,0.002066054946874593,24.96
USR_12115,Gold,Equities,91,18,12059.179999999998,3,1,1,At Risk,0,18,1,0.9954846203561771,12004.73
USR_14612,Standard,Equities,17,17,12057.39,1,1,1,VIP,0,3,1,0.9954846203561771,12002.95
USR_10722,VIP Wealth,Equities,34,11,12052.630000000001,2,2,1,At Risk,0,2,1,0.9954846203561771,11998.21
USR_11224,Standard,Crypto,40,15,12048.51,2,1,1,At Risk,1,17,0,0.002066054946874593,24.89
USR_14600,Standard,Equities,10,15,12028.23,1,1,1,VIP,2,30,0,0.002066054946874593,24.85
USR_12546,Standard,Equities,17,19,12025.85,1,1,1,VIP,0,12,0,0.002066054946874593,24.85
USR_11708,Standard,Crypto,49,8,12003.000000000002,2,3,1,At Risk,0,40,0,0.002066054946874593,24.8
USR_12049,VIP Wealth,Robo-Advisory,95,14,11998.16,3,1,1,At Risk,2,11,1,0.9954846203561771,11943.98
USR_10986,Standard,Equities,2,18,11991.110000000004,1,1,1,VIP,0,32,0,0.002066054946874593,24.77
USR_13003,Gold,Equities,42,13,11980.429999999998,2,2,1,At Risk,1,4,1,0.9954846203561771,11926.33
USR_11252,Standard,Crypto,33,14,11979.019999999997,2,1,1,At Risk,0,9,0,0.002066054946874593,24.75
USR_10435,VIP Wealth,High-Yield Savings,32,14,11976.66,2,1,1,At Risk,1,14,0,0.002066054946874593,24.74
USR_11876,Standard,Crypto,27,14,11965.43,2,1,1,At Risk,2,10,0,0.002066054946874593,24.72
USR_12948,Gold,High-Yield Savings,78,19,11964.27,3,1,1,At Risk,0,34,0,0.002066054946874593,24.72
USR_10000,Gold,High-Yield Savings,9,16,11958.11,1,1,1,VIP,1,37,0,0.002066054946874593,24.71
USR_10571,Standard,Equities,112,14,11955.939999999999,3,1,1,At Risk,0,40,1,0.9954846203561771,11901.95
USR_14534,VIP Wealth,Robo-Advisory,41,12,11951.7,2,2,1,At Risk,2,22,0,0.002066054946874593,24.69
USR_10826,Gold,Robo-Advisory,61,10,11944.240000000002,2,3,1,At Risk,1,36,0,0.002066054946874593,24.68
USR_12017,Gold,Robo-Advisory,8,21,11924.740000000002,1,1,1,VIP,0,39,0,0.002066054946874593,24.64
USR_14423,Standard,Equities,38,13,11909.640000000001,2,2,1,At Risk,2,40,0,0.002066054946874593,24.61
USR_13667,Standard,High-Yield Savings,86,18,11909.520000000002,3,1,1,At Risk,0,43,0,0.002066054946874593,24.61
USR_14100,Gold,Equities,15,13,11900.82,1,2,1,Lost / Inactive,0,43,0,0.002066054946874593,24.59
USR_14643,Standard,Equities,4,14,11888.14,1,1,1,VIP,1,24,0,0.002066054946874593,24.56
USR_13245,Gold,Equities,74,12,11883.77,3,2,1,At Risk,1,26,0,0.002066054946874593,24.55
USR_14480,Gold,Equities,14,13,11879.190000000002,1,2,1,Lost / Inactive,0,7,0,0.002066054946874593,24.54
USR_13436,Standard,Equities,16,12,11871.9,1,2,1,Lost / Inactive,0,22,0,0.002066054946874593,24.53
USR_13556,Standard,High-Yield Savings,56,13,11870.070000000002,2,2,1,At Risk,0,26,0,0.002066054946874593,24.52
USR_11611,Standard,Equities,8,18,11868.28,1,1,1,VIP,0,4,1,0.9954846203561771,11814.69
USR_11175,Standard,Equities,51,12,11866.97,2,2,1,At Risk,1,42,0,0.002066054946874593,24.52
USR_10120,Standard,Crypto,31,16,11864.470000000001,2,1,1,At Risk,0,40,0,0.002066054946874593,24.51
USR_10675,Standard,High-Yield Savings,9,22,11847.989999999998,1,1,1,VIP,1,29,0,0.002066054946874593,24.48
USR_12354,Gold,Crypto,26,15,11846.55,2,1,1,At Risk,0,3,1,0.9954846203561771,11793.06
USR_12772,Standard,High-Yield Savings,23,19,11834.08,1,1,1,VIP,0,18,0,0.002066054946874593,24.45
USR_13664,Standard,Crypto,55,13,11833.029999999999,2,2,1,At Risk,1,15,0,0.002066054946874593,24.45
USR_12803,VIP Wealth,Equities,11,16,11822.95,1,1,1,VIP,0,41,0,0.002066054946874593,24.43
USR_14691,Gold,Crypto,7,9,11819.470000000001,1,3,1,Lost / Inactive,1,22,0,0.002066054946874593,24.42
USR_11859,Gold,Equities,99,12,11817.06,3,2,1,At Risk,1,40,1,0.9954846203561771,11763.7
USR_12806,VIP Wealth,Crypto,78,17,11810.979999999996,3,1,1,At Risk,1,36,0,0.002066054946874593,24.4
USR_11620,VIP Wealth,High-Yield Savings,18,19,11793.15,1,1,1,VIP,1,13,0,0.002066054946874593,24.37
USR_13969,Standard,Robo-Advisory,1,14,11781.74,1,1,1,VIP,2,38,0,0.002066054946874593,24.34
USR_12207,Standard,High-Yield Savings,12,13,11777.02,1,2,1,Lost / Inactive,2,9,0,0.002066054946874593,24.33
USR_13050,Standard,Crypto,132,8,11768.27,3,3,1,At Risk,0,44,1,0.9954846203561771,11715.13
USR_11112,Standard,High-Yield Savings,31,13,11759.81,2,2,1,At Risk,1,41,0,0.002066054946874593,24.3
USR_12840,Gold,Equities,42,19,11756.63,2,1,1,At Risk,2,24,0,0.002066054946874593,24.29
USR_13701,Standard,High-Yield Savings,82,12,11753.880000000001,3,2,1,At Risk,4,16,0,0.002066054946874593,24.28
USR_14623,Standard,Crypto,8,10,11749.230000000001,1,3,1,Lost / Inactive,1,38,0,0.002066054946874593,24.27
USR_14614,Standard,High-Yield Savings,5,14,11743.65,1,1,1,VIP,2,25,0,0.002066054946874593,24.26
USR_10205,Standard,Crypto,71,15,11741.579999999998,3,1,1,At Risk,2,36,0,0.002066054946874593,24.26
USR_14825,Gold,Crypto,74,12,11740.989999999998,3,2,1,At Risk,0,2,1,0.9954846203561771,11687.97
USR_13687,VIP Wealth,Crypto,3,17,11740.550000000001,1,1,1,VIP,1,44,0,0.002066054946874593,24.26
USR_12025,Standard,Equities,8,15,11737.050000000001,1,1,1,VIP,1,29,0,0.002066054946874593,24.25
USR_12260,Gold,Equities,41,16,11723.87,2,1,1,At Risk,1,13,0,0.002066054946874593,24.22
USR_14912,Gold,Equities,30,11,11722.74,2,2,1,At Risk,0,35,0,0.002066054946874593,24.22
USR_10600,Standard,High-Yield Savings,85,16,11707.31,3,1,1,At Risk,2,29,0,0.002066054946874593,24.19
USR_10816,Standard,Equities,12,11,11701.55,1,2,1,Lost / Inactive,0,9,0,0.002066054946874593,24.18
USR_11304,Gold,Equities,40,14,11699.24,2,1,1,At Risk,0,40,0,0.002066054946874593,24.17
USR_13595,Gold,Crypto,24,11,11685.76,1,2,1,Lost / Inactive,1,10,0,0.002066054946874593,24.14
USR_14445,Gold,Equities,3,18,11680.599999999999,1,1,1,VIP,1,9,0,0.002066054946874593,24.13
USR_11320,Standard,High-Yield Savings,81,20,11672.740000000002,3,1,1,At Risk,0,19,0,0.002066054946874593,24.12
USR_13316,Standard,Crypto,19,16,11666.609999999999,1,1,1,VIP,3,44,0,0.002066054946874593,24.1
USR_13295,Standard,Crypto,99,11,11655.35,3,2,1,At Risk,1,5,1,0.9954846203561771,11602.72
USR_14805,Standard,High-Yield Savings,33,18,11647.199999999997,2,1,1,At Risk,0,27,0,0.002066054946874593,24.06
USR_12050,Gold,Equities,76,13,11644.369999999999,3,2,1,At Risk,0,2,1,0.9954846203561771,11591.79
USR_14784,Standard,Crypto,16,10,11637.65,1,3,1,Lost / Inactive,1,21,0,0.002066054946874593,24.04
USR_12283,VIP Wealth,Crypto,75,13,11635.800000000001,3,2,1,At Risk,1,9,0,0.002066054946874593,24.04
USR_14082,Standard,Equities,196,11,11633.75,3,2,1,At Risk,1,15,1,0.9954846203561771,11581.22
USR_13343,Gold,Robo-Advisory,27,9,11626.099999999999,2,3,1,At Risk,0,7,0,0.002066054946874593,24.02
USR_11194,Standard,Crypto,61,14,11625.780000000002,2,1,1,At Risk,2,14,0,0.002066054946874593,24.02
USR_11751,Gold,Crypto,222,11,11618.08,3,2,1,At Risk,1,34,1,0.9954846203561771,11565.62
USR_11034,Gold,Equities,205,7,11612.14,3,3,1,At Risk,0,17,1,0.9954846203561771,11559.71
USR_10563,Gold,High-Yield Savings,74,10,11608.550000000003,3,3,1,At Risk,0,37,0,0.002066054946874593,23.98
USR_14867,VIP Wealth,Robo-Advisory,35,10,11596.67,2,3,1,At Risk,1,6,0,0.002066054946874593,23.96
USR_10924,Standard,Robo-Advisory,87,11,11593.05,3,2,1,At Risk,0,43,0,0.002066054946874593,23.95
USR_12382,Standard,Crypto,135,13,11590.46,3,1,1,At Risk,4,16,1,0.9954846203561771,11538.12
USR_13575,Gold,Robo-Advisory,36,15,11579.25,2,1,1,At Risk,0,7,0,0.002066054946874593,23.92
USR_11214,Standard,Equities,124,14,11572.349999999999,3,1,1,At Risk,0,7,1,0.9954846203561771,11520.1
USR_10420,Gold,High-Yield Savings,9,18,11572.140000000003,1,1,1,VIP,0,44,0,0.002066054946874593,23.91
USR_12112,Standard,Equities,2,15,11562.599999999999,1,1,1,VIP,0,44,0,0.002066054946874593,23.89
USR_14160,Standard,Robo-Advisory,5,11,11562.429999999998,1,2,1,Lost / Inactive,3,38,0,0.002066054946874593,23.89
USR_11345,Standard,Robo-Advisory,89,15,11559.36,3,1,1,At Risk,2,2,1,0.9954846203561771,11507.17
USR_14014,Gold,High-Yield Savings,29,17,11551.130000000001,2,1,1,At Risk,3,31,0,0.002066054946874593,23.87
USR_14027,Gold,Equities,12,17,11543.21,1,1,1,VIP,3,22,0,0.002066054946874593,23.85
USR_13338,Standard,Crypto,16,15,11539.320000000002,1,1,1,VIP,2,2,1,0.9954846203561771,11487.22
USR_11727,VIP Wealth,Equities,56,14,11537.36,2,1,1,At Risk,0,17,0,0.002066054946874593,23.84
USR_12370,Gold,High-Yield Savings,12,13,11536.73,1,2,1,Lost / Inactive,0,37,0,0.002066054946874593,23.84
USR_11078,Standard,Crypto,46,12,11531.290000000003,2,2,1,At Risk,1,0,1,0.9954846203561771,11479.22
USR_11359,Standard,High-Yield Savings,1,18,11526.95,1,1,1,VIP,0,32,0,0.002066054946874593,23.82
USR_10950,Standard,Equities,10,16,11508.259999999998,1,1,1,VIP,0,21,0,0.002066054946874593,23.78
USR_11545,Standard,Equities,79,18,11506.869999999999,3,1,1,At Risk,0,21,0,0.002066054946874593,23.77
USR_13439,Gold,Equities,18,16,11502.26,1,1,1,VIP,3,32,0,0.002066054946874593,23.76
USR_11902,Standard,Robo-Advisory,1,16,11501.230000000003,1,1,1,VIP,1,22,0,0.002066054946874593,23.76
USR_14041,Standard,Equities,78,13,11496.89,3,2,1,At Risk,0,21,0,0.002066054946874593,23.75
USR_10412,Standard,Crypto,52,17,11496.02,2,1,1,At Risk,1,17,0,0.002066054946874593,23.75
USR_10626,Standard,Crypto,8,13,11494.58,1,1,1,VIP,2,8,0,0.002066054946874593,23.75
USR_10558,Standard,High-Yield Savings,4,14,11492.499999999996,1,1,1,VIP,1,22,0,0.002066054946874593,23.74
USR_14380,Standard,Robo-Advisory,96,16,11489.26,3,1,1,At Risk,0,5,1,0.9954846203561771,11437.38
USR_14426,VIP Wealth,Robo-Advisory,86,13,11482.07,3,2,1,At Risk,1,30,0,0.002066054946874593,23.72
USR_13679,Standard,High-Yield Savings,52,13,11481.6,2,2,1,At Risk,3,12,0,0.002066054946874593,23.72
USR_10982,VIP Wealth,High-Yield Savings,33,16,11480.480000000003,2,1,1,At Risk,1,38,0,0.002066054946874593,23.72
USR_14827,Standard,Equities,16,15,11474.640000000001,1,1,1,VIP,2,12,0,0.002066054946874593,23.71
USR_12368,Standard,Robo-Advisory,70,12,11469.85,3,2,1,At Risk,1,20,0,0.002066054946874593,23.7
USR_14607,Gold,Crypto,59,14,11460.029999999999,2,1,1,At Risk,0,25,0,0.002066054946874593,23.68
USR_12773,Standard,Robo-Advisory,14,17,11452.55,1,1,1,VIP,1,36,0,0.002066054946874593,23.66
USR_10676,Standard,High-Yield Savings,57,17,11436.469999999998,2,1,1,At Risk,1,29,0,0.002066054946874593,23.63
USR_11772,Gold,Crypto,69,15,11429.28,3,1,1,At Risk,0,18,0,0.002066054946874593,23.61
USR_12713,Standard,Crypto,9,14,11421.34,1,1,1,VIP,0,33,0,0.002066054946874593,23.6
USR_14166,Standard,Equities,27,12,11407.41,2,2,1,At Risk,1,4,1,0.9954846203561771,11355.9
USR_11479,Standard,Crypto,39,17,11400.49,2,1,1,At Risk,0,1,1,0.9954846203561771,11349.01
USR_12847,Gold,Crypto,25,16,11397.409999999998,2,1,1,At Risk,0,37,0,0.002066054946874593,23.55
USR_12433,Standard,Crypto,5,15,11394.64,1,1,1,VIP,0,5,0,0.002066054946874593,23.54
USR_13206,Standard,Equities,90,19,11394.599999999997,3,1,1,At Risk,0,10,0,0.002066054946874593,23.54
USR_14713,VIP Wealth,Equities,57,25,11390.31,2,1,1,At Risk,1,11,0,0.002066054946874593,23.53
USR_10003,Standard,Robo-Advisory,29,15,11384.15,2,1,1,At Risk,1,13,0,0.002066054946874593,23.52
USR_12417,Standard,Equities,23,17,11383.15,1,1,1,VIP,0,32,0,0.002066054946874593,23.52
USR_12060,Standard,High-Yield Savings,27,14,11378.99,2,1,1,At Risk,2,15,0,0.002066054946874593,23.51
USR_11756,Standard,High-Yield Savings,83,12,11378.07,3,2,1,At Risk,0,43,0,0.002066054946874593,23.51
USR_13481,Standard,Robo-Advisory,12,14,11377.220000000001,1,1,1,VIP,2,8,0,0.002066054946874593,23.51
USR_14619,Gold,Crypto,34,16,11371.630000000001,2,1,1,At Risk,0,12,0,0.002066054946874593,23.49
USR_12083,Standard,High-Yield Savings,19,19,11370.15,1,1,1,VIP,0,28,0,0.002066054946874593,23.49
USR_12665,Standard,Crypto,3,18,11370.130000000001,1,1,1,VIP,2,43,0,0.002066054946874593,23.49
USR_13681,Gold,Equities,94,13,11368.359999999999,3,2,1,At Risk,1,1,1,0.9954846203561771,11317.03
USR_14670,Standard,High-Yield Savings,131,14,11367.6,3,1,1,At Risk,1,26,1,0.9954846203561771,11316.27
USR_14768,Standard,Equities,30,17,11363.59,2,1,1,At Risk,0,1,1,0.9954846203561771,11312.28
USR_14814,Standard,Robo-Advisory,2,16,11343.570000000002,1,1,1,VIP,0,24,0,0.002066054946874593,23.44
USR_13038,Gold,Robo-Advisory,59,12,11337.609999999999,2,2,1,At Risk,0,34,0,0.002066054946874593,23.42
USR_13214,VIP Wealth,Crypto,123,13,11325.289999999999,3,1,1,At Risk,2,20,1,0.9954846203561771,11274.15
USR_12035,Standard,Crypto,39,16,11325.190000000002,2,1,1,At Risk,1,8,0,0.002066054946874593,23.4
USR_14338,Gold,Equities,161,14,11319.46,3,1,1,At Risk,1,36,1,0.9954846203561771,11268.35
USR_12224,Standard,Equities,23,17,11318.97,1,1,1,VIP,0,18,0,0.002066054946874593,23.39
USR_10434,Standard,Equities,67,14,11317.710000000001,3,1,1,At Risk,0,42,0,0.002066054946874593,23.38
USR_10759,VIP Wealth,Crypto,20,14,11317.11,1,1,1,VIP,1,41,0,0.002066054946874593,23.38
USR_14211,Gold,Equities,139,10,11309.510000000002,3,2,1,At Risk,1,18,1,0.9954846203561771,11258.44
USR_11250,Standard,High-Yield Savings,159,12,11298.659999999998,3,2,1,At Risk,3,25,1,0.9954846203561771,11247.64
USR_13735,Standard,High-Yield Savings,15,16,11298.52,1,1,1,VIP,0,22,0,0.002066054946874593,23.34
USR_14528,Standard,High-Yield Savings,13,15,11297.14,1,1,1,VIP,0,35,0,0.002066054946874593,23.34
USR_12416,Gold,Crypto,131,18,11293.9,3,1,1,At Risk,3,5,1,0.9954846203561771,11242.9
USR_12863,Standard,Equities,6,13,11285.43,1,2,1,Lost / Inactive,0,3,1,0.9954846203561771,11234.47
USR_13901,Gold,High-Yield Savings,57,15,11285.329999999998,2,1,1,At Risk,1,8,0,0.002066054946874593,23.32
USR_14033,Gold,Crypto,7,16,11275.390000000001,1,1,1,VIP,0,27,0,0.002066054946874593,23.3
USR_13470,VIP Wealth,Equities,236,12,11273.67,3,2,1,At Risk,0,25,1,0.9954846203561771,11222.77
USR_10851,Standard,Equities,15,18,11272.680000000002,1,1,1,VIP,2,25,0,0.002066054946874593,23.29
USR_14609,Gold,High-Yield Savings,39,14,11263.310000000003,2,1,1,At Risk,2,23,0,0.002066054946874593,23.27
USR_10346,Standard,Equities,93,16,11258.549999999997,3,1,1,At Risk,0,26,1,0.9954846203561771,11207.71
USR_14934,Standard,Equities,12,16,11254.410000000002,1,1,1,VIP,1,44,0,0.002066054946874593,23.25
USR_14130,VIP Wealth,High-Yield Savings,15,14,11244.2,1,1,1,VIP,0,39,0,0.002066054946874593,23.23
USR_11453,Gold,Equities,20,13,11237.349999999999,1,2,1,Lost / Inactive,0,4,1,0.9954846203561771,11186.61
USR_14512,Standard,Equities,31,21,11235.43,2,1,1,At Risk,2,30,0,0.002066054946874593,23.21
USR_14213,Standard,Crypto,65,14,11215.439999999999,2,1,1,At Risk,0,44,0,0.002066054946874593,23.17
USR_14872,Gold,High-Yield Savings,2,17,11207.349999999999,1,1,1,VIP,0,25,0,0.002066054946874593,23.16
USR_10531,Standard,Crypto,48,16,11201.689999999999,2,1,1,At Risk,3,41,0,0.002066054946874593,23.14
USR_12654,VIP Wealth,Equities,2,16,11200.46,1,1,1,VIP,2,29,0,0.002066054946874593,23.14
USR_11069,Standard,Equities,11,15,11198.839999999998,1,1,1,VIP,1,22,0,0.002066054946874593,23.14
USR_13757,Standard,Equities,59,12,11194.55,2,2,1,At Risk,1,9,0,0.002066054946874593,23.13
USR_10448,Standard,High-Yield Savings,43,12,11193.85,2,2,1,At Risk,0,15,0,0.002066054946874593,23.13
USR_10134,Gold,Equities,88,9,11187.88,3,3,1,At Risk,1,0,1,0.9954846203561771,11137.36
USR_14116,VIP Wealth,High-Yield Savings,56,12,11186.86,2,2,1,At Risk,1,11,0,0.002066054946874593,23.11
USR_11459,Standard,Equities,70,14,11186.349999999999,3,1,1,At Risk,2,2,1,0.9954846203561771,11135.84
USR_12705,Standard,High-Yield Savings,96,10,11184.769999999999,3,3,1,At Risk,2,34,1,0.9954846203561771,11134.27
USR_12513,Standard,Equities,13,12,11182.130000000001,1,2,1,Lost / Inactive,3,27,0,0.002066054946874593,23.1
USR_12019,Standard,Equities,8,15,11180.239999999998,1,1,1,VIP,1,44,0,0.002066054946874593,23.1
USR_11064,Standard,Crypto,3,14,11176.18,1,1,1,VIP,0,32,0,0.002066054946874593,23.09
USR_14353,Standard,Equities,69,19,11174.11,3,1,1,At Risk,0,17,0,0.002066054946874593,23.09
USR_12789,Standard,Robo-Advisory,83,18,11173.990000000002,3,1,1,At Risk,0,33,0,0.002066054946874593,23.09
USR_12461,Gold,Equities,47,18,11165.459999999995,2,1,1,At Risk,1,11,0,0.002066054946874593,23.07
USR_13593,Standard,Equities,47,9,11162.269999999999,2,3,1,At Risk,0,20,0,0.002066054946874593,23.06
USR_10916,Gold,Crypto,10,20,11158.859999999999,1,1,1,VIP,0,15,0,0.002066054946874593,23.05
USR_10556,Standard,High-Yield Savings,15,13,11149.47,1,2,1,Lost / Inactive,0,41,0,0.002066054946874593,23.04
USR_12150,Standard,Crypto,8,16,11140.720000000003,1,1,1,VIP,0,43,0,0.002066054946874593,23.02
USR_14790,Standard,Equities,62,11,11135.86,2,2,1,At Risk,2,8,0,0.002066054946874593,23.01
USR_13648,Standard,Equities,34,17,11130.599999999999,2,1,1,At Risk,5,19,0,0.002066054946874593,23.0
USR_14806,VIP Wealth,Equities,27,19,11124.56,2,1,1,At Risk,0,23,0,0.002066054946874593,22.98
USR_12552,Standard,Equities,8,15,11123.18,1,1,1,VIP,0,40,0,0.002066054946874593,22.98
USR_10642,Standard,Equities,16,13,11115.509999999998,1,2,1,Lost / Inactive,0,9,0,0.002066054946874593,22.97
USR_11032,Standard,Equities,30,14,11112.07,2,1,1,At Risk,0,6,0,0.002066054946874593,22.96
USR_10693,Standard,Crypto,11,12,11103.68,1,2,1,Lost / Inactive,3,31,0,0.002066054946874593,22.94
USR_14832,Gold,Equities,76,15,11100.950000000003,3,1,1,At Risk,1,34,0,0.002066054946874593,22.94
USR_10237,Standard,Robo-Advisory,14,18,11100.57,1,1,1,VIP,0,28,0,0.002066054946874593,22.93
USR_11456,Standard,High-Yield Savings,14,15,11095.8,1,1,1,VIP,0,9,0,0.002066054946874593,22.92
USR_14709,Gold,Equities,48,21,11094.84,2,1,1,At Risk,0,29,0,0.002066054946874593,22.92
USR_12244,Standard,Equities,5,10,11094.02,1,3,1,Lost / Inactive,2,33,0,0.002066054946874593,22.92
USR_10734,Gold,Crypto,34,15,11093.46,2,1,1,At Risk,1,10,0,0.002066054946874593,22.92
USR_12796,Standard,Crypto,52,15,11093.099999999999,2,1,1,At Risk,3,6,0,0.002066054946874593,22.92
USR_10790,Standard,High-Yield Savings,13,14,11086.79,1,1,1,VIP,0,20,0,0.002066054946874593,22.91
USR_13257,Standard,Crypto,110,13,11078.820000000002,3,1,1,At Risk,0,0,1,0.9954846203561771,11028.79
USR_14191,Standard,Equities,2,18,11075.900000000001,1,1,1,VIP,0,29,0,0.002066054946874593,22.88
USR_13284,Gold,Robo-Advisory,37,17,11073.980000000001,2,1,1,At Risk,1,25,0,0.002066054946874593,22.88
USR_14204,Standard,High-Yield Savings,17,12,11070.299999999997,1,2,1,Lost / Inactive,1,31,0,0.002066054946874593,22.87
USR_12995,Standard,Equities,51,20,11068.769999999999,2,1,1,At Risk,1,36,0,0.002066054946874593,22.87
USR_12722,Standard,Equities,13,13,11062.86,1,2,1,Lost / Inactive,0,44,0,0.002066054946874593,22.86
USR_14107,Standard,Robo-Advisory,117,10,11050.41,3,2,1,At Risk,0,16,1,0.9954846203561771,11000.51
USR_10579,VIP Wealth,High-Yield Savings,120,10,11046.320000000002,3,3,1,At Risk,0,29,1,0.9954846203561771,10996.44
USR_12518,Gold,High-Yield Savings,13,13,11037.47,1,2,1,Lost / Inactive,0,6,0,0.002066054946874593,22.8
USR_11033,Gold,Crypto,52,17,11035.49,2,1,1,At Risk,1,21,0,0.002066054946874593,22.8
USR_14444,Gold,Equities,43,13,11035.13,2,2,1,At Risk,1,5,0,0.002066054946874593,22.8
USR_13927,Standard,Equities,15,14,11033.640000000001,1,1,1,VIP,1,35,0,0.002066054946874593,22.8
USR_11667,Standard,Equities,50,15,11026.119999999997,2,1,1,At Risk,0,39,0,0.002066054946874593,22.78
USR_10439,Standard,Equities,136,12,11025.51,3,2,1,At Risk,1,8,1,0.9954846203561771,10975.73
USR_12792,Gold,High-Yield Savings,2,12,11019.32,1,2,1,Lost / Inactive,1,2,1,0.9954846203561771,10969.56
USR_13108,Gold,Crypto,6,14,11018.350000000002,1,1,1,VIP,0,40,0,0.002066054946874593,22.76
USR_11783,Standard,Crypto,43,14,11013.54,2,1,1,At Risk,0,13,0,0.002066054946874593,22.75
USR_11161,Standard,Crypto,109,14,11011.999999999998,3,1,1,At Risk,1,6,1,0.9954846203561771,10962.28
USR_12585,Standard,High-Yield Savings,42,17,11010.500000000002,2,1,1,At Risk,1,0,1,0.9954846203561771,10960.78
USR_11348,Standard,High-Yield Savings,62,16,11006.460000000001,2,1,1,At Risk,0,2,1,0.9954846203561771,10956.76
USR_10477,Standard,High-Yield Savings,97,12,10997.63,3,2,1,At Risk,0,22,1,0.9954846203561771,10947.97
USR_11720,Standard,Equities,18,15,10996.560000000001,1,1,1,VIP,0,39,0,0.002066054946874593,22.72
USR_14724,VIP Wealth,Equities,90,13,10996.28,3,2,1,At Risk,0,18,0,0.002066054946874593,22.72
USR_14667,VIP Wealth,Crypto,142,13,10992.64,3,1,1,At Risk,1,25,1,0.9954846203561771,10943.0
USR_13147,Standard,Equities,63,13,10991.66,2,2,1,At Risk,0,30,0,0.002066054946874593,22.71
USR_10404,Standard,High-Yield Savings,56,14,10982.71,2,1,1,At Risk,0,34,0,0.002066054946874593,22.69
USR_10289,Standard,Equities,37,16,10980.28,2,1,1,At Risk,0,34,0,0.002066054946874593,22.69
USR_14133,Standard,High-Yield Savings,69,13,10967.060000000001,3,2,1,At Risk,0,29,0,0.002066054946874593,22.66
USR_10611,Standard,High-Yield Savings,57,15,10966.8,2,1,1,At Risk,1,44,0,0.002066054946874593,22.66
USR_14617,Gold,Robo-Advisory,89,17,10956.910000000002,3,1,1,At Risk,1,39,0,0.002066054946874593,22.64
USR_14328,Standard,High-Yield Savings,78,15,10946.880000000001,3,1,1,At Risk,0,37,0,0.002066054946874593,22.62
USR_10662,Standard,Crypto,119,10,10944.300000000001,3,2,1,At Risk,2,35,1,0.9954846203561771,10894.88
USR_11993,Standard,Equities,13,11,10936.06,1,2,1,Lost / Inactive,0,37,0,0.002066054946874593,22.59
USR_14114,Standard,Robo-Advisory,116,11,10935.86,3,2,1,At Risk,0,27,1,0.9954846203561771,10886.48
USR_14381,Gold,Equities,72,10,10934.79,3,3,1,At Risk,1,28,0,0.002066054946874593,22.59
USR_13589,Standard,High-Yield Savings,46,20,10930.290000000003,2,1,1,At Risk,0,41,0,0.002066054946874593,22.58
USR_12922,Standard,Equities,95,9,10924.399999999998,3,3,1,At Risk,1,37,1,0.9954846203561771,10875.07
USR_10403,Gold,Equities,39,12,10922.73,2,2,1,At Risk,3,44,0,0.002066054946874593,22.57
USR_14382,VIP Wealth,High-Yield Savings,31,11,10921.880000000001,2,2,1,At Risk,1,9,0,0.002066054946874593,22.57
USR_10532,Gold,Equities,55,13,10918.95,2,2,1,At Risk,1,43,0,0.002066054946874593,22.56
USR_10035,VIP Wealth,Equities,218,8,10917.970000000001,3,3,1,At Risk,1,15,1,0.9954846203561771,10868.67
USR_11769,VIP Wealth,Robo-Advisory,17,13,10915.13,1,2,1,Lost / Inactive,1,37,0,0.002066054946874593,22.55
USR_11574,VIP Wealth,Equities,36,12,10913.46,2,2,1,At Risk,1,9,0,0.002066054946874593,22.55
USR_13306,VIP Wealth,Crypto,12,13,10909.719999999998,1,2,1,Lost / Inactive,1,34,0,0.002066054946874593,22.54
USR_11983,VIP Wealth,Equities,52,12,10909.210000000001,2,2,1,At Risk,0,38,0,0.002066054946874593,22.54
USR_13127,Gold,Equities,5,15,10904.050000000001,1,1,1,VIP,1,29,0,0.002066054946874593,22.53
USR_11816,Standard,Robo-Advisory,7,14,10889.359999999999,1,1,1,VIP,0,42,0,0.002066054946874593,22.5
USR_13586,Gold,Equities,114,11,10887.259999999998,3,2,1,At Risk,0,26,1,0.9954846203561771,10838.1
USR_13906,Gold,High-Yield Savings,116,15,10885.9,3,1,1,At Risk,1,16,1,0.9954846203561771,10836.75
USR_11295,Gold,Equities,55,10,10884.02,2,3,1,At Risk,1,42,0,0.002066054946874593,22.49
USR_10406,Standard,Crypto,25,16,10872.939999999999,2,1,1,At Risk,1,22,0,0.002066054946874593,22.46
USR_12965,Standard,High-Yield Savings,4,14,10868.069999999998,1,1,1,VIP,2,22,0,0.002066054946874593,22.45
USR_11302,VIP Wealth,Crypto,17,14,10866.66,1,1,1,VIP,0,30,0,0.002066054946874593,22.45
USR_12252,Gold,Equities,35,12,10866.27,2,2,1,At Risk,1,11,0,0.002066054946874593,22.45
USR_10016,Standard,Crypto,8,11,10862.169999999998,1,2,1,Lost / Inactive,1,6,0,0.002066054946874593,22.44
USR_10382,VIP Wealth,High-Yield Savings,88,12,10856.740000000002,3,2,1,At Risk,1,22,0,0.002066054946874593,22.43
USR_10050,VIP Wealth,High-Yield Savings,126,11,10854.36,3,2,1,At Risk,1,23,1,0.9954846203561771,10805.35
USR_10808,Standard,High-Yield Savings,31,17,10826.31,2,1,1,At Risk,1,41,0,0.002066054946874593,22.37
USR_14652,Standard,Robo-Advisory,34,20,10819.29,2,1,1,At Risk,0,26,0,0.002066054946874593,22.35
USR_14906,Gold,Crypto,26,8,10815.59,2,3,1,At Risk,2,17,0,0.002066054946874593,22.35
USR_14734,Standard,Equities,3,17,10810.01,1,1,1,VIP,1,9,0,0.002066054946874593,22.33
USR_14428,Gold,High-Yield Savings,157,13,10796.510000000002,3,1,1,At Risk,0,35,1,0.9954846203561771,10747.76
USR_12695,VIP Wealth,Equities,118,15,10796.119999999999,3,1,1,At Risk,2,9,1,0.9954846203561771,10747.37
USR_10433,Gold,High-Yield Savings,19,15,10789.359999999997,1,1,1,VIP,0,18,0,0.002066054946874593,22.29
USR_10364,Standard,Equities,66,16,10788.5,2,1,1,At Risk,2,8,0,0.002066054946874593,22.29
USR_14080,Standard,High-Yield Savings,30,17,10777.27,2,1,1,At Risk,1,1,1,0.9954846203561771,10728.61
USR_10332,Standard,Equities,45,14,10772.779999999999,2,1,1,At Risk,1,13,0,0.002066054946874593,22.26
USR_14919,Standard,Robo-Advisory,22,19,10768.619999999999,1,1,1,VIP,1,24,0,0.002066054946874593,22.25
USR_10768,VIP Wealth,Robo-Advisory,3,21,10765.900000000001,1,1,1,VIP,1,26,0,0.002066054946874593,22.24
USR_12051,Standard,Robo-Advisory,56,16,10761.799999999997,2,1,1,At Risk,0,40,0,0.002066054946874593,22.23
USR_14656,Gold,Robo-Advisory,12,10,10760.060000000001,1,3,1,Lost / Inactive,1,6,0,0.002066054946874593,22.23
USR_14886,Standard,Robo-Advisory,42,16,10759.28,2,1,1,At Risk,1,36,0,0.002066054946874593,22.23
USR_11870,Standard,Robo-Advisory,36,13,10753.84,2,2,1,At Risk,0,0,1,0.9954846203561771,10705.28
USR_11555,Gold,Robo-Advisory,29,16,10749.689999999999,2,1,1,At Risk,2,13,0,0.002066054946874593,22.21
USR_14439,Gold,Equities,33,20,10749.619999999997,2,1,1,At Risk,2,4,1,0.9954846203561771,10701.08
USR_14356,Standard,High-Yield Savings,31,14,10732.25,2,1,1,At Risk,0,23,0,0.002066054946874593,22.17
USR_11220,Standard,Equities,3,14,10732.17,1,1,1,VIP,0,2,1,0.9954846203561771,10683.71
USR_14658,Standard,Robo-Advisory,28,14,10724.68,2,1,1,At Risk,2,10,0,0.002066054946874593,22.16
USR_13811,Standard,Robo-Advisory,73,13,10722.49,3,2,1,At Risk,1,24,0,0.002066054946874593,22.15
USR_14930,Gold,Equities,15,13,10715.14,1,2,1,Lost / Inactive,0,22,0,0.002066054946874593,22.14
USR_14183,Gold,Crypto,21,20,10713.279999999997,1,1,1,VIP,0,34,0,0.002066054946874593,22.13
USR_10811,Standard,High-Yield Savings,15,14,10705.940000000002,1,1,1,VIP,0,43,0,0.002066054946874593,22.12
USR_11639,Gold,Crypto,70,18,10696.93,3,1,1,At Risk,0,15,0,0.002066054946874593,22.1
USR_11093,Standard,Crypto,18,16,10694.52,1,1,1,VIP,0,5,0,0.002066054946874593,22.1
USR_11254,Standard,High-Yield Savings,2,13,10692.890000000001,1,2,1,Lost / Inactive,0,31,0,0.002066054946874593,22.09
USR_11852,VIP Wealth,Equities,34,15,10689.990000000002,2,1,1,At Risk,0,19,0,0.002066054946874593,22.09
USR_14294,Gold,Robo-Advisory,34,21,10686.230000000001,2,1,1,At Risk,0,0,1,0.9954846203561771,10637.98
USR_10731,Gold,High-Yield Savings,32,11,10675.249999999998,2,2,1,At Risk,0,39,0,0.002066054946874593,22.06
USR_12779,VIP Wealth,Equities,28,18,10670.450000000004,2,1,1,At Risk,0,12,0,0.002066054946874593,22.05
USR_14324,Standard,Robo-Advisory,131,9,10661.08,3,3,1,At Risk,0,15,1,0.9954846203561771,10612.94
USR_13491,Gold,High-Yield Savings,111,10,10645.409999999998,3,2,1,At Risk,2,4,1,0.9954846203561771,10597.34
USR_12819,VIP Wealth,Robo-Advisory,18,19,10644.609999999999,1,1,1,VIP,1,17,0,0.002066054946874593,21.99
USR_13341,Standard,Equities,65,12,10642.64,2,2,1,At Risk,2,5,0,0.002066054946874593,21.99
USR_10660,Standard,Equities,122,10,10638.019999999999,3,3,1,At Risk,0,40,1,0.9954846203561771,10589.99
USR_10375,Standard,High-Yield Savings,124,15,10635.59,3,1,1,At Risk,3,23,1,0.9954846203561771,10587.57
USR_14915,Standard,Crypto,19,15,10621.460000000001,1,1,1,VIP,0,29,0,0.002066054946874593,21.94
USR_12122,VIP Wealth,Crypto,13,16,10618.88,1,1,1,VIP,0,19,0,0.002066054946874593,21.94
USR_14631,Gold,Robo-Advisory,6,14,10616.68,1,1,1,VIP,0,24,0,0.002066054946874593,21.93
USR_11654,Standard,Robo-Advisory,69,17,10605.62,3,1,1,At Risk,0,20,0,0.002066054946874593,21.91
USR_11437,Standard,Equities,79,14,10604.899999999998,3,1,1,At Risk,1,12,0,0.002066054946874593,21.91
USR_10070,Standard,Robo-Advisory,65,14,10597.99,2,1,1,At Risk,1,20,0,0.002066054946874593,21.9
USR_13853,Standard,Crypto,3,13,10597.849999999999,1,2,1,Lost / Inactive,0,6,0,0.002066054946874593,21.9
USR_13678,Standard,Equities,208,12,10594.210000000001,3,2,1,At Risk,3,30,1,0.9954846203561771,10546.37
USR_10613,Standard,Equities,124,11,10592.119999999999,3,2,1,At Risk,1,21,1,0.9954846203561771,10544.29
USR_11209,Standard,Crypto,40,18,10589.620000000004,2,1,1,At Risk,1,28,0,0.002066054946874593,21.88
USR_12090,Gold,Equities,61,16,10585.88,2,1,1,At Risk,1,7,0,0.002066054946874593,21.87
USR_10469,Gold,Robo-Advisory,165,12,10584.73,3,2,1,At Risk,0,17,1,0.9954846203561771,10536.94
USR_13822,Standard,Equities,26,10,10583.62,2,3,1,At Risk,4,41,0,0.002066054946874593,21.87
USR_12974,Gold,Robo-Advisory,135,15,10582.47,3,1,1,At Risk,1,1,1,0.9954846203561771,10534.69
USR_12471,Standard,Robo-Advisory,33,14,10569.039999999999,2,1,1,At Risk,2,3,1,0.9954846203561771,10521.32
USR_11861,Gold,High-Yield Savings,12,13,10567.74,1,2,1,Lost / Inactive,2,10,0,0.002066054946874593,21.83
USR_11927,Standard,High-Yield Savings,66,13,10567.410000000002,2,2,1,At Risk,0,40,0,0.002066054946874593,21.83
USR_10008,Standard,Robo-Advisory,43,13,10561.78,2,2,1,At Risk,0,1,1,0.9954846203561771,10514.09
USR_11494,Gold,High-Yield Savings,34,12,10555.32,2,2,1,At Risk,2,34,0,0.002066054946874593,21.81
USR_14373,Standard,Robo-Advisory,47,19,10538.96,2,1,1,At Risk,2,36,0,0.002066054946874593,21.77
USR_14968,Gold,High-Yield Savings,31,15,10532.499999999998,2,1,1,At Risk,2,3,1,0.9954846203561771,10484.94
USR_12177,Gold,Equities,3,16,10531.29,1,1,1,VIP,1,31,0,0.002066054946874593,21.76
USR_13445,Standard,Crypto,14,12,10529.78,1,2,1,Lost / Inactive,0,15,0,0.002066054946874593,21.76
USR_11543,Standard,Crypto,27,10,10525.279999999999,2,3,1,At Risk,1,16,0,0.002066054946874593,21.75
USR_10810,Standard,Equities,62,20,10524.72,2,1,1,At Risk,1,40,0,0.002066054946874593,21.74
USR_13912,Gold,Crypto,57,11,10524.490000000002,2,2,1,At Risk,3,35,0,0.002066054946874593,21.74
USR_14214,Gold,Crypto,12,21,10522.710000000001,1,1,1,VIP,0,26,0,0.002066054946874593,21.74
USR_11892,Gold,Crypto,22,13,10520.759999999998,1,2,1,Lost / Inactive,1,20,0,0.002066054946874593,21.74
USR_11744,Gold,Equities,5,12,10517.59,1,2,1,Lost / Inactive,0,11,0,0.002066054946874593,21.73
USR_14959,Standard,Crypto,66,14,10515.58,2,1,1,At Risk,1,12,0,0.002066054946874593,21.73
USR_10732,Gold,Crypto,82,21,10512.03,3,1,1,At Risk,0,17,0,0.002066054946874593,21.72
USR_14141,Standard,Robo-Advisory,7,12,10510.800000000001,1,2,1,Lost / Inactive,1,28,0,0.002066054946874593,21.72
USR_10069,Gold,High-Yield Savings,5,17,10509.369999999999,1,1,1,VIP,1,15,0,0.002066054946874593,21.71
USR_11180,Standard,Crypto,120,12,10508.04,3,2,1,At Risk,1,11,1,0.9954846203561771,10460.59
USR_13442,Standard,High-Yield Savings,136,14,10498.54,3,1,1,At Risk,0,12,1,0.9954846203561771,10451.14
USR_12024,Gold,Crypto,22,12,10492.91,1,2,1,Lost / Inactive,2,44,0,0.002066054946874593,21.68
USR_14279,Gold,Crypto,13,17,10486.01,1,1,1,VIP,2,15,0,0.002066054946874593,21.66
USR_10022,Standard,High-Yield Savings,22,17,10484.119999999997,1,1,1,VIP,0,18,0,0.002066054946874593,21.66
USR_11823,VIP Wealth,Crypto,44,19,10473.779999999999,2,1,1,At Risk,0,36,0,0.002066054946874593,21.64
USR_14319,Standard,Crypto,15,18,10465.710000000001,1,1,1,VIP,2,5,0,0.002066054946874593,21.62
USR_12925,Standard,Equities,44,18,10463.910000000002,2,1,1,At Risk,1,12,0,0.002066054946874593,21.62
USR_12434,Standard,Robo-Advisory,73,15,10458.5,3,1,1,At Risk,1,18,0,0.002066054946874593,21.61
USR_13871,Gold,Crypto,1,12,10456.89,1,2,1,Lost / Inactive,2,28,0,0.002066054946874593,21.6
USR_11443,Standard,Crypto,17,10,10456.11,1,3,1,Lost / Inactive,0,36,0,0.002066054946874593,21.6
USR_10361,Standard,Crypto,9,16,10455.46,1,1,1,VIP,0,39,0,0.002066054946874593,21.6
USR_13973,Standard,High-Yield Savings,50,19,10445.300000000001,2,1,1,At Risk,1,9,0,0.002066054946874593,21.58
USR_13169,Standard,Equities,4,15,10432.95,1,1,1,VIP,2,22,0,0.002066054946874593,21.56
USR_10304,VIP Wealth,Robo-Advisory,96,8,10431.619999999999,3,3,1,At Risk,1,30,1,0.9954846203561771,10384.52
USR_10533,VIP Wealth,High-Yield Savings,7,17,10423.36,1,1,1,VIP,1,14,0,0.002066054946874593,21.54
USR_11058,Standard,Equities,4,14,10422.79,1,1,1,VIP,2,27,0,0.002066054946874593,21.53
USR_13483,Standard,Robo-Advisory,79,12,10422.699999999999,3,2,1,At Risk,1,7,0,0.002066054946874593,21.53
USR_13766,Standard,Equities,85,15,10421.530000000002,3,1,1,At Risk,2,0,1,0.9954846203561771,10374.47
USR_10486,Gold,High-Yield Savings,19,9,10421.2,1,3,1,Lost / Inactive,0,19,0,0.002066054946874593,21.53
USR_11851,Standard,Equities,67,17,10419.92,3,1,1,At Risk,0,23,0,0.002066054946874593,21.53
USR_10710,Standard,Equities,62,14,10418.699999999999,2,1,1,At Risk,1,8,0,0.002066054946874593,21.53
USR_10562,Gold,High-Yield Savings,24,14,10412.930000000002,1,1,1,VIP,0,6,0,0.002066054946874593,21.51
USR_13522,VIP Wealth,Crypto,21,13,10411.419999999998,1,2,1,Lost / Inactive,0,31,0,0.002066054946874593,21.51
USR_14118,Standard,Crypto,100,15,10407.47,3,1,1,At Risk,2,17,1,0.9954846203561771,10360.48
USR_14058,Gold,High-Yield Savings,1,12,10402.470000000001,1,2,1,Lost / Inactive,0,28,0,0.002066054946874593,21.49
USR_13396,Gold,Crypto,65,11,10402.11,2,2,1,At Risk,0,18,0,0.002066054946874593,21.49
USR_14845,VIP Wealth,High-Yield Savings,44,17,10391.949999999997,2,1,1,At Risk,2,7,0,0.002066054946874593,21.47
USR_11598,Gold,Equities,34,14,10389.060000000001,2,1,1,At Risk,1,9,0,0.002066054946874593,21.46
USR_14137,Gold,High-Yield Savings,34,7,10381.009999999998,2,3,1,At Risk,0,12,0,0.002066054946874593,21.45
USR_13883,Gold,Robo-Advisory,76,15,10372.23,3,1,1,At Risk,3,23,0,0.002066054946874593,21.43
USR_13946,Gold,Crypto,11,13,10368.67,1,2,1,Lost / Inactive,2,20,0,0.002066054946874593,21.42
USR_13254,VIP Wealth,High-Yield Savings,24,9,10367.729999999998,1,3,1,Lost / Inactive,1,22,0,0.002066054946874593,21.42
USR_11670,Standard,High-Yield Savings,61,13,10366.609999999999,2,2,1,At Risk,1,11,0,0.002066054946874593,21.42
USR_11752,Standard,Crypto,8,15,10364.039999999999,1,1,1,VIP,1,26,0,0.002066054946874593,21.41
USR_12959,Standard,Equities,143,15,10358.68,3,1,1,At Risk,0,9,1,0.9954846203561771,10311.91
USR_11665,Standard,Robo-Advisory,151,13,10351.33,3,1,1,At Risk,1,38,1,0.9954846203561771,10304.59
USR_13359,Standard,High-Yield Savings,41,12,10349.82,2,2,1,At Risk,0,3,1,0.9954846203561771,10303.09
USR_10256,Standard,Equities,58,12,10346.64,2,2,1,At Risk,0,36,0,0.002066054946874593,21.38
USR_10452,Standard,Equities,55,14,10345.990000000002,2,1,1,At Risk,1,13,0,0.002066054946874593,21.38
USR_12195,VIP Wealth,Equities,55,13,10343.740000000002,2,2,1,At Risk,0,24,0,0.002066054946874593,21.37
USR_10652,Gold,Crypto,95,14,10339.64,3,1,1,At Risk,0,32,1,0.9954846203561771,10292.95
USR_14660,Standard,Robo-Advisory,96,11,10322.609999999999,3,2,1,At Risk,1,27,1,0.9954846203561771,10276.0
USR_11526,Standard,Equities,20,16,10320.26,1,1,1,VIP,1,39,0,0.002066054946874593,21.32
USR_12237,Gold,Crypto,54,13,10317.81,2,2,1,At Risk,1,17,0,0.002066054946874593,21.32
USR_10678,Standard,Crypto,69,15,10317.14,3,1,1,At Risk,2,2,1,0.9954846203561771,10270.55
USR_14122,Standard,High-Yield Savings,37,14,10315.81,2,1,1,At Risk,2,36,0,0.002066054946874593,21.31
USR_13875,Standard,Equities,12,13,10306.35,1,2,1,Lost / Inactive,1,15,0,0.002066054946874593,21.29
USR_13397,Standard,Robo-Advisory,76,10,10299.03,3,3,1,At Risk,1,7,0,0.002066054946874593,21.28
USR_10352,Gold,Equities,73,16,10298.16,3,1,1,At Risk,1,16,0,0.002066054946874593,21.28
USR_10421,Gold,Robo-Advisory,96,13,10296.88,3,2,1,At Risk,1,22,1,0.9954846203561771,10250.39
USR_11085,Standard,Equities,12,17,10296.120000000003,1,1,1,VIP,1,18,0,0.002066054946874593,21.27
USR_10018,Standard,Equities,8,12,10293.56,1,2,1,Lost / Inactive,1,29,0,0.002066054946874593,21.27
USR_12258,Standard,High-Yield Savings,43,14,10291.88,2,1,1,At Risk,0,42,0,0.002066054946874593,21.26
USR_11677,VIP Wealth,Robo-Advisory,3,8,10283.49,1,3,1,Lost / Inactive,1,36,0,0.002066054946874593,21.25
USR_13742,Standard,Crypto,60,20,10282.060000000001,2,1,1,At Risk,1,33,0,0.002066054946874593,21.24
USR_14489,Standard,Equities,30,17,10278.81,2,1,1,At Risk,0,0,1,0.9954846203561771,10232.4
USR_11534,Standard,Crypto,8,16,10275.130000000001,1,1,1,VIP,1,10,0,0.002066054946874593,21.23
USR_14307,VIP Wealth,Crypto,196,14,10274.000000000002,3,1,1,At Risk,2,41,1,0.9954846203561771,10227.61
USR_11518,Standard,Equities,28,11,10273.24,2,2,1,At Risk,1,29,0,0.002066054946874593,21.23
USR_10948,VIP Wealth,Equities,46,10,10272.330000000002,2,3,1,At Risk,3,35,0,0.002066054946874593,21.22
USR_12452,Standard,High-Yield Savings,19,10,10267.22,1,3,1,Lost / Inactive,2,5,0,0.002066054946874593,21.21
USR_14680,Standard,Equities,44,14,10263.960000000001,2,1,1,At Risk,0,3,1,0.9954846203561771,10217.61
USR_11954,VIP Wealth,Robo-Advisory,39,12,10257.6,2,2,1,At Risk,0,15,0,0.002066054946874593,21.19
USR_10976,Standard,Robo-Advisory,17,15,10250.380000000001,1,1,1,VIP,0,38,0,0.002066054946874593,21.18
USR_14972,Standard,Equities,73,20,10246.689999999999,3,1,1,At Risk,1,22,0,0.002066054946874593,21.17
USR_14320,Standard,Equities,79,13,10245.599999999999,3,2,1,At Risk,0,12,0,0.002066054946874593,21.17
USR_12013,Standard,Equities,46,14,10244.1,2,1,1,At Risk,4,27,0,0.002066054946874593,21.16
USR_12945,Standard,High-Yield Savings,118,14,10242.320000000002,3,1,1,At Risk,1,17,1,0.9954846203561771,10196.07
USR_14285,Gold,High-Yield Savings,40,15,10239.389999999998,2,1,1,At Risk,0,14,0,0.002066054946874593,21.16
USR_13329,Standard,Equities,13,15,10239.04,1,1,1,VIP,0,33,0,0.002066054946874593,21.15
USR_13734,Standard,Crypto,29,14,10235.43,2,1,1,At Risk,0,29,0,0.002066054946874593,21.15
USR_11128,VIP Wealth,Robo-Advisory,14,13,10233.170000000002,1,2,1,Lost / Inactive,2,7,0,0.002066054946874593,21.14
USR_13609,VIP Wealth,Equities,5,15,10231.440000000002,1,1,1,VIP,0,27,0,0.002066054946874593,21.14
USR_11466,Standard,Equities,19,11,10230.009999999998,1,2,1,Lost / Inactive,0,19,0,0.002066054946874593,21.14
USR_12097,Gold,High-Yield Savings,37,12,10228.48,2,2,1,At Risk,2,2,1,0.9954846203561771,10182.29
USR_11841,Standard,Crypto,31,14,10225.210000000001,2,1,1,At Risk,2,20,0,0.002066054946874593,21.13
USR_13336,Gold,Equities,38,18,10222.439999999999,2,1,1,At Risk,1,23,0,0.002066054946874593,21.12
USR_13731,Standard,Equities,1,17,10217.93,1,1,1,VIP,0,30,0,0.002066054946874593,21.11
USR_11538,Standard,Robo-Advisory,109,13,10215.220000000001,3,1,1,At Risk,1,14,1,0.9954846203561771,10169.09
USR_13219,Standard,High-Yield Savings,4,13,10214.14,1,2,1,Lost / Inactive,2,1,1,0.9954846203561771,10168.02
USR_11460,VIP Wealth,High-Yield Savings,44,17,10207.839999999998,2,1,1,At Risk,0,18,0,0.002066054946874593,21.09
USR_11895,Standard,Equities,74,19,10206.26,3,1,1,At Risk,1,38,0,0.002066054946874593,21.09
USR_13258,Standard,High-Yield Savings,26,12,10197.13,2,2,1,At Risk,1,24,0,0.002066054946874593,21.07
USR_13583,Gold,Crypto,82,12,10196.5,3,2,1,At Risk,0,17,0,0.002066054946874593,21.07
USR_13672,Standard,Robo-Advisory,30,17,10192.800000000001,2,1,1,At Risk,0,33,0,0.002066054946874593,21.06
USR_11259,Standard,Crypto,41,12,10187.720000000001,2,2,1,At Risk,0,25,0,0.002066054946874593,21.05
USR_10207,Standard,Crypto,35,22,10180.429999999998,2,1,1,At Risk,0,3,1,0.9954846203561771,10134.46
USR_10084,Standard,Crypto,108,12,10180.350000000002,3,2,1,At Risk,0,28,1,0.9954846203561771,10134.38
USR_11542,VIP Wealth,Crypto,45,14,10176.91,2,1,1,At Risk,2,35,0,0.002066054946874593,21.03
USR_12133,Standard,Equities,75,11,10176.41,3,2,1,At Risk,0,40,0,0.002066054946874593,21.03
USR_12389,Gold,High-Yield Savings,49,17,10172.99,2,1,1,At Risk,0,44,0,0.002066054946874593,21.02
USR_10743,Standard,High-Yield Savings,37,15,10164.800000000001,2,1,1,At Risk,0,13,0,0.002066054946874593,21.0
USR_11470,Gold,High-Yield Savings,17,16,10164.21,1,1,1,VIP,1,20,0,0.002066054946874593,21.0
USR_11351,Standard,High-Yield Savings,8,12,10150.16,1,2,1,Lost / Inactive,2,2,1,0.9954846203561771,10104.33
USR_12991,VIP Wealth,High-Yield Savings,38,16,10149.49,2,1,1,At Risk,1,29,0,0.002066054946874593,20.97
USR_11943,Standard,Crypto,8,15,10149.020000000002,1,1,1,VIP,1,33,0,0.002066054946874593,20.97
USR_11256,Gold,Equities,30,18,10148.509999999998,2,1,1,At Risk,0,42,0,0.002066054946874593,20.97
USR_12580,Gold,High-Yield Savings,127,9,10148.39,3,3,1,At Risk,1,44,1,0.9954846203561771,10102.57
USR_12711,Standard,Equities,17,14,10146.720000000001,1,1,1,VIP,1,40,0,0.002066054946874593,20.96
USR_11268,Standard,Robo-Advisory,41,17,10144.699999999999,2,1,1,At Risk,0,44,0,0.002066054946874593,20.96
USR_11808,Gold,Crypto,42,12,10130.21,2,2,1,At Risk,0,11,0,0.002066054946874593,20.93
USR_11114,Standard,High-Yield Savings,40,12,10124.390000000001,2,2,1,At Risk,0,6,0,0.002066054946874593,20.92
USR_14414,Standard,Robo-Advisory,1,16,10123.77,1,1,1,VIP,1,22,0,0.002066054946874593,20.92
USR_13967,Gold,Equities,16,15,10122.349999999999,1,1,1,VIP,1,21,0,0.002066054946874593,20.91
USR_10343,Standard,Equities,96,8,10121.529999999999,3,3,1,At Risk,0,11,1,0.9954846203561771,10075.83
USR_12234,Standard,Robo-Advisory,7,16,10116.500000000002,1,1,1,VIP,2,27,0,0.002066054946874593,20.9
USR_14953,Gold,Crypto,3,13,10114.68,1,2,1,Lost / Inactive,0,36,0,0.002066054946874593,20.9
USR_13428,VIP Wealth,Crypto,11,13,10113.91,1,2,1,Lost / Inactive,0,24,0,0.002066054946874593,20.9
USR_12226,Standard,Equities,16,12,10113.35,1,2,1,Lost / Inactive,2,15,0,0.002066054946874593,20.89
USR_11242,Standard,High-Yield Savings,31,16,10112.550000000001,2,1,1,At Risk,1,36,0,0.002066054946874593,20.89
USR_13386,Gold,Equities,16,19,10099.499999999996,1,1,1,VIP,0,44,0,0.002066054946874593,20.87
USR_14769,Standard,Equities,38,14,10098.0,2,1,1,At Risk,0,27,0,0.002066054946874593,20.86
USR_11702,Standard,High-Yield Savings,31,14,10096.87,2,1,1,At Risk,0,15,0,0.002066054946874593,20.86
USR_13919,Standard,Crypto,168,12,10096.37,3,2,1,At Risk,1,6,1,0.9954846203561771,10050.78
USR_10162,Standard,High-Yield Savings,35,14,10091.010000000002,2,1,1,At Risk,0,40,0,0.002066054946874593,20.85
USR_12850,Standard,Crypto,53,16,10089.84,2,1,1,At Risk,1,10,0,0.002066054946874593,20.85
USR_11759,Standard,Robo-Advisory,78,19,10080.730000000001,3,1,1,At Risk,1,33,0,0.002066054946874593,20.83
USR_12919,VIP Wealth,High-Yield Savings,144,15,10078.32,3,1,1,At Risk,3,41,1,0.9954846203561771,10032.81
USR_14943,VIP Wealth,Robo-Advisory,45,15,10078.120000000003,2,1,1,At Risk,1,0,1,0.9954846203561771,10032.61
USR_12386,Standard,Crypto,10,16,10074.279999999999,1,1,1,VIP,0,24,0,0.002066054946874593,20.81
USR_11308,Standard,Equities,15,12,10072.78,1,2,1,Lost / Inactive,2,43,0,0.002066054946874593,20.81
USR_10883,Standard,High-Yield Savings,6,13,10068.739999999998,1,2,1,Lost / Inactive,1,22,0,0.002066054946874593,20.8
USR_11740,Standard,High-Yield Savings,130,11,10068.599999999999,3,2,1,At Risk,1,5,1,0.9954846203561771,10023.14
USR_12553,Standard,Robo-Advisory,54,15,10067.800000000001,2,1,1,At Risk,0,39,0,0.002066054946874593,20.8
USR_14924,Standard,Equities,10,16,10064.18,1,1,1,VIP,2,23,0,0.002066054946874593,20.79
USR_12809,Standard,Equities,1,17,10061.38,1,1,1,VIP,1,12,0,0.002066054946874593,20.79
USR_14417,Standard,Equities,92,13,10057.57,3,2,1,At Risk,0,17,1,0.9954846203561771,10012.16
USR_14590,Standard,Equities,74,11,10057.14,3,2,1,At Risk,1,8,0,0.002066054946874593,20.78
USR_14537,Gold,Equities,6,12,10056.73,1,2,1,Lost / Inactive,1,5,0,0.002066054946874593,20.78
USR_12627,VIP Wealth,High-Yield Savings,16,19,10055.990000000002,1,1,1,VIP,1,24,0,0.002066054946874593,20.78
USR_14880,Gold,High-Yield Savings,63,20,10049.289999999999,2,1,1,At Risk,0,40,0,0.002066054946874593,20.76
USR_13864,VIP Wealth,Robo-Advisory,269,9,10044.92,3,3,1,At Risk,0,38,1,0.9954846203561771,9999.56
USR_10860,Standard,Robo-Advisory,9,15,10042.419999999998,1,1,1,VIP,1,21,0,0.002066054946874593,20.75
USR_12930,Standard,Crypto,14,12,10041.8,1,2,1,Lost / Inactive,0,20,0,0.002066054946874593,20.75
USR_14448,Standard,Equities,4,13,10038.97,1,2,1,Lost / Inactive,0,9,0,0.002066054946874593,20.74
USR_10321,Standard,High-Yield Savings,24,14,10032.029999999999,1,1,1,VIP,0,33,0,0.002066054946874593,20.73
USR_14097,Standard,High-Yield Savings,38,16,10022.62,2,1,1,At Risk,0,39,0,0.002066054946874593,20.71
USR_11116,Standard,High-Yield Savings,123,15,10019.98,3,1,1,At Risk,2,17,1,0.9954846203561771,9974.74
USR_11495,Standard,Equities,41,16,10017.759999999998,2,1,1,At Risk,0,20,0,0.002066054946874593,20.7
USR_13032,Standard,Equities,23,20,10017.09,1,1,1,VIP,0,3,1,0.9954846203561771,9971.86
USR_13567,Standard,Equities,76,17,10015.280000000002,3,1,1,At Risk,1,38,0,0.002066054946874593,20.69
USR_12872,Gold,Crypto,14,12,10013.980000000001,1,2,1,Lost / Inactive,2,41,0,0.002066054946874593,20.69
USR_11294,Gold,Crypto,236,15,10010.51,3,1,1,At Risk,0,2,1,0.9954846203561771,9965.31
USR_10080,Standard,Crypto,121,10,10010.33,3,3,1,At Risk,0,17,1,0.9954846203561771,9965.13
USR_11084,Standard,High-Yield Savings,203,9,10006.55,3,3,1,At Risk,0,2,1,0.9954846203561771,9961.37
USR_14853,Standard,High-Yield Savings,37,12,10004.939999999999,2,2,1,At Risk,0,19,0,0.002066054946874593,20.67
USR_11630,Gold,Crypto,7,13,9996.56,1,2,1,Lost / Inactive,1,27,0,0.002066054946874593,20.65
USR_14463,Standard,Equities,27,15,9995.669999999998,2,1,1,At Risk,1,15,0,0.002066054946874593,20.65
USR_14869,Standard,Equities,9,16,9991.55,1,1,1,VIP,4,18,0,0.002066054946874593,20.64
USR_11485,Standard,Crypto,14,16,9988.159999999998,1,1,1,VIP,1,18,0,0.002066054946874593,20.64
USR_12616,Gold,High-Yield Savings,17,8,9988.09,1,3,1,Lost / Inactive,2,35,0,0.002066054946874593,20.64
USR_10847,Standard,Crypto,83,12,9975.909999999998,3,2,1,At Risk,1,40,0,0.002066054946874593,20.61
USR_13745,VIP Wealth,Equities,110,16,9971.67,3,1,1,At Risk,1,3,1,0.9954846203561771,9926.64
USR_11144,Gold,High-Yield Savings,3,16,9966.47,1,1,1,VIP,0,43,0,0.002066054946874593,20.59
USR_13550,Gold,Equities,152,10,9965.96,3,2,1,At Risk,0,31,1,0.9954846203561771,9920.96
USR_13655,VIP Wealth,Crypto,196,12,9965.21,3,2,1,At Risk,0,24,1,0.9954846203561771,9920.21
USR_10977,Standard,Equities,20,14,9958.230000000001,1,1,1,VIP,0,42,0,0.002066054946874593,20.57
USR_14247,Standard,Equities,137,17,9954.000000000002,3,1,1,At Risk,3,10,1,0.9954846203561771,9909.05
USR_11316,Gold,Robo-Advisory,91,12,9953.27,3,2,1,At Risk,1,25,1,0.9954846203561771,9908.33
USR_12301,Standard,High-Yield Savings,26,21,9952.909999999998,2,1,1,At Risk,2,3,1,0.9954846203561771,9907.97
USR_14760,VIP Wealth,Equities,20,17,9952.360000000002,1,1,1,VIP,0,27,0,0.002066054946874593,20.56
USR_12739,Standard,Crypto,5,17,9951.429999999998,1,1,1,VIP,1,13,0,0.002066054946874593,20.56
USR_14802,Standard,High-Yield Savings,108,12,9946.609999999999,3,2,1,At Risk,1,12,1,0.9954846203561771,9901.7
USR_13504,Standard,Equities,38,17,9943.88,2,1,1,At Risk,2,15,0,0.002066054946874593,20.54
USR_12914,Gold,Crypto,32,16,9942.02,2,1,1,At Risk,0,10,0,0.002066054946874593,20.54
USR_12601,Standard,High-Yield Savings,82,18,9941.749999999998,3,1,1,At Risk,0,28,0,0.002066054946874593,20.54
USR_14699,Standard,Crypto,127,15,9937.33,3,1,1,At Risk,1,4,1,0.9954846203561771,9892.46
USR_12362,Gold,Crypto,5,10,9931.03,1,3,1,Lost / Inactive,0,35,0,0.002066054946874593,20.52
USR_10797,Gold,High-Yield Savings,9,15,9923.17,1,1,1,VIP,0,24,0,0.002066054946874593,20.5
USR_11440,Standard,High-Yield Savings,36,14,9922.980000000001,2,1,1,At Risk,1,6,0,0.002066054946874593,20.5
USR_14217,Gold,Robo-Advisory,129,13,9919.52,3,1,1,At Risk,0,34,1,0.9954846203561771,9874.73
USR_13877,Gold,Crypto,105,10,9919.400000000001,3,3,1,At Risk,0,22,1,0.9954846203561771,9874.61
USR_12862,Standard,High-Yield Savings,48,14,9915.87,2,1,1,At Risk,1,15,0,0.002066054946874593,20.49
USR_14205,Standard,Equities,41,9,9913.77,2,3,1,At Risk,1,18,0,0.002066054946874593,20.48
USR_13365,Gold,Robo-Advisory,20,12,9913.58,1,2,1,Lost / Inactive,1,8,0,0.002066054946874593,20.48
USR_13819,Gold,High-Yield Savings,29,16,9908.330000000002,2,1,1,At Risk,1,43,0,0.002066054946874593,20.47
USR_13249,Gold,Crypto,57,19,9899.969999999998,2,1,1,At Risk,1,17,0,0.002066054946874593,20.45
USR_14024,Standard,Crypto,4,12,9894.630000000003,1,2,1,Lost / Inactive,0,2,1,0.9954846203561771,9849.95
USR_14270,Standard,Equities,15,16,9892.600000000002,1,1,1,VIP,0,25,0,0.002066054946874593,20.44
USR_14330,Gold,Equities,14,14,9891.74,1,1,1,VIP,0,0,1,0.9954846203561771,9847.08
USR_14555,VIP Wealth,Robo-Advisory,31,13,9888.78,2,2,1,At Risk,1,10,0,0.002066054946874593,20.43
USR_14618,Gold,Crypto,12,16,9888.379999999997,1,1,1,VIP,0,21,0,0.002066054946874593,20.43
USR_12508,Standard,High-Yield Savings,133,9,9880.18,3,3,1,At Risk,0,40,1,0.9954846203561771,9835.57
USR_14109,Gold,Equities,45,16,9877.369999999999,2,1,1,At Risk,0,20,0,0.002066054946874593,20.41
USR_11279,Gold,Crypto,34,12,9873.220000000001,2,2,1,At Risk,1,19,0,0.002066054946874593,20.4
USR_13845,Standard,Crypto,86,16,9871.309999999998,3,1,1,At Risk,1,28,0,0.002066054946874593,20.39
USR_11646,Standard,High-Yield Savings,123,12,9870.92,3,2,1,At Risk,2,16,1,0.9954846203561771,9826.35
USR_12839,Standard,Crypto,3,15,9866.619999999999,1,1,1,VIP,0,43,0,0.002066054946874593,20.38
USR_13175,Standard,Robo-Advisory,113,13,9858.779999999999,3,1,1,At Risk,2,14,1,0.9954846203561771,9814.26
USR_10895,Gold,Crypto,69,15,9854.22,3,1,1,At Risk,0,4,1,0.9954846203561771,9809.72
USR_14862,VIP Wealth,Equities,98,17,9852.64,3,1,1,At Risk,1,11,1,0.9954846203561771,9808.15
USR_13511,Gold,Crypto,11,15,9848.59,1,1,1,VIP,1,10,0,0.002066054946874593,20.35
USR_10184,Standard,Equities,87,15,9844.870000000003,3,1,1,At Risk,0,19,0,0.002066054946874593,20.34
USR_10784,Gold,Robo-Advisory,24,8,9844.51,1,3,1,Lost / Inactive,4,12,0,0.002066054946874593,20.34
USR_12272,Gold,Robo-Advisory,27,14,9836.02,2,1,1,At Risk,1,28,0,0.002066054946874593,20.32
USR_14418,Standard,Crypto,54,12,9830.76,2,2,1,At Risk,0,36,0,0.002066054946874593,20.31
USR_13590,Gold,Equities,3,16,9828.07,1,1,1,VIP,0,37,0,0.002066054946874593,20.31
USR_11301,Standard,Equities,146,10,9825.699999999999,3,3,1,At Risk,1,40,1,0.9954846203561771,9781.33
USR_11227,Standard,High-Yield Savings,21,15,9819.0,1,1,1,VIP,0,38,0,0.002066054946874593,20.29
USR_14657,Standard,Robo-Advisory,105,12,9812.7,3,2,1,At Risk,0,31,1,0.9954846203561771,9768.39
USR_14474,Gold,High-Yield Savings,69,15,9811.43,3,1,1,At Risk,0,29,0,0.002066054946874593,20.27
USR_10387,Standard,High-Yield Savings,87,16,9805.930000000002,3,1,1,At Risk,0,4,1,0.9954846203561771,9761.65
USR_11584,Standard,High-Yield Savings,6,13,9805.519999999999,1,2,1,Lost / Inactive,1,36,0,0.002066054946874593,20.26
USR_12089,Standard,Crypto,11,10,9804.720000000001,1,3,1,Lost / Inactive,0,23,0,0.002066054946874593,20.26
USR_13499,Standard,Equities,77,16,9804.649999999998,3,1,1,At Risk,0,37,0,0.002066054946874593,20.26
USR_14726,Standard,Equities,119,15,9797.24,3,1,1,At Risk,1,19,1,0.9954846203561771,9753.0
USR_14342,VIP Wealth,Crypto,6,16,9791.820000000002,1,1,1,VIP,0,41,0,0.002066054946874593,20.23
USR_13385,Standard,High-Yield Savings,55,16,9787.599999999999,2,1,1,At Risk,0,1,1,0.9954846203561771,9743.41
USR_11191,Standard,High-Yield Savings,3,10,9780.06,1,3,1,Lost / Inactive,0,14,0,0.002066054946874593,20.21
USR_13123,Standard,Equities,118,15,9778.73,3,1,1,At Risk,1,24,1,0.9954846203561771,9734.58
USR_13369,Standard,Equities,45,12,9777.54,2,2,1,At Risk,3,5,0,0.002066054946874593,20.2
USR_13651,Standard,Equities,46,13,9764.06,2,2,1,At Risk,0,35,0,0.002066054946874593,20.17
USR_12154,Gold,Equities,23,11,9763.749999999996,1,2,1,Lost / Inactive,1,42,0,0.002066054946874593,20.17
USR_13264,Standard,High-Yield Savings,22,13,9763.060000000001,1,2,1,Lost / Inactive,0,24,0,0.002066054946874593,20.17
USR_10253,Standard,Equities,16,8,9758.79,1,3,1,Lost / Inactive,0,38,0,0.002066054946874593,20.16
USR_12345,Gold,Equities,33,18,9758.419999999998,2,1,1,At Risk,0,34,0,0.002066054946874593,20.16
USR_13021,Standard,High-Yield Savings,63,13,9757.94,2,2,1,At Risk,1,28,0,0.002066054946874593,20.16
USR_14194,Standard,Equities,72,14,9756.449999999999,3,1,1,At Risk,0,41,0,0.002066054946874593,20.16
USR_10032,Gold,High-Yield Savings,70,12,9755.27,3,2,1,At Risk,0,43,0,0.002066054946874593,20.15
USR_10138,Standard,Equities,12,17,9751.61,1,1,1,VIP,0,28,0,0.002066054946874593,20.15
USR_11439,Standard,Crypto,4,17,9749.160000000002,1,1,1,VIP,2,2,1,0.9954846203561771,9705.14
USR_12441,Gold,Crypto,6,14,9747.279999999999,1,1,1,VIP,0,40,0,0.002066054946874593,20.14
USR_13584,Standard,Equities,14,15,9746.789999999999,1,1,1,VIP,0,22,0,0.002066054946874593,20.14
USR_11839,Standard,Equities,12,12,9746.489999999998,1,2,1,Lost / Inactive,0,21,0,0.002066054946874593,20.14
USR_11705,Standard,Crypto,117,9,9738.78,3,3,1,At Risk,0,21,1,0.9954846203561771,9694.81
USR_13315,Gold,Robo-Advisory,25,15,9732.700000000003,2,1,1,At Risk,0,1,1,0.9954846203561771,9688.75
USR_14420,Gold,Equities,11,16,9725.819999999998,1,1,1,VIP,0,13,0,0.002066054946874593,20.09
USR_11482,Gold,Robo-Advisory,31,15,9717.800000000001,2,1,1,At Risk,0,38,0,0.002066054946874593,20.08
USR_10059,Standard,High-Yield Savings,35,11,9717.74,2,2,1,At Risk,0,32,0,0.002066054946874593,20.08
USR_10975,Gold,Equities,71,8,9710.58,3,3,1,At Risk,1,32,0,0.002066054946874593,20.06
USR_12544,Gold,High-Yield Savings,28,10,9709.16,2,3,1,At Risk,0,10,0,0.002066054946874593,20.06
USR_11357,Standard,Equities,75,14,9707.74,3,1,1,At Risk,0,43,0,0.002066054946874593,20.06
USR_10073,Standard,Equities,33,15,9699.75,2,1,1,At Risk,2,41,0,0.002066054946874593,20.04
USR_12759,Standard,Equities,33,16,9694.630000000001,2,1,1,At Risk,0,36,0,0.002066054946874593,20.03
USR_11724,Standard,Crypto,83,17,9694.020000000002,3,1,1,At Risk,0,19,0,0.002066054946874593,20.03
USR_10125,Standard,Crypto,164,18,9693.830000000002,3,1,1,At Risk,0,40,1,0.9954846203561771,9650.06
USR_11043,VIP Wealth,Equities,2,10,9689.59,1,3,1,Lost / Inactive,0,22,0,0.002066054946874593,20.02
USR_14323,Standard,Robo-Advisory,35,19,9688.33,2,1,1,At Risk,2,20,0,0.002066054946874593,20.02
USR_11173,Standard,High-Yield Savings,31,15,9682.74,2,1,1,At Risk,1,3,1,0.9954846203561771,9639.02
USR_11565,Standard,High-Yield Savings,80,15,9680.5,3,1,1,At Risk,0,21,0,0.002066054946874593,20.0
USR_10079,Standard,Crypto,2,11,9676.69,1,2,1,Lost / Inactive,0,12,0,0.002066054946874593,19.99
USR_11425,Standard,Equities,81,13,9676.670000000002,3,2,1,At Risk,0,41,0,0.002066054946874593,19.99
USR_11169,Standard,High-Yield Savings,33,14,9673.8,2,1,1,At Risk,0,22,0,0.002066054946874593,19.99
USR_12642,VIP Wealth,Robo-Advisory,30,14,9672.800000000001,2,1,1,At Risk,2,3,1,0.9954846203561771,9629.12
USR_12114,Standard,Robo-Advisory,11,9,9664.54,1,3,1,Lost / Inactive,0,11,0,0.002066054946874593,19.97
USR_13420,Gold,High-Yield Savings,119,16,9664.25,3,1,1,At Risk,2,36,1,0.9954846203561771,9620.61
USR_10566,Gold,Equities,92,15,9657.449999999999,3,1,1,At Risk,0,13,1,0.9954846203561771,9613.84
USR_11493,Gold,Equities,9,11,9656.91,1,2,1,Lost / Inactive,2,39,0,0.002066054946874593,19.95
USR_11392,Standard,Crypto,62,14,9656.21,2,1,1,At Risk,1,23,0,0.002066054946874593,19.95
USR_11992,Gold,High-Yield Savings,37,12,9654.849999999999,2,2,1,At Risk,3,43,0,0.002066054946874593,19.95
USR_10202,Standard,Equities,19,11,9647.44,1,2,1,Lost / Inactive,1,24,0,0.002066054946874593,19.93
USR_13372,Gold,Crypto,69,14,9646.900000000001,3,1,1,At Risk,0,1,1,0.9954846203561771,9603.34
USR_12181,VIP Wealth,High-Yield Savings,4,16,9643.420000000002,1,1,1,VIP,1,42,0,0.002066054946874593,19.92
USR_10838,Standard,Robo-Advisory,207,10,9638.52,3,3,1,At Risk,1,36,1,0.9954846203561771,9595.0
USR_13432,Standard,High-Yield Savings,132,14,9635.48,3,1,1,At Risk,1,29,1,0.9954846203561771,9591.97
USR_10991,Gold,Crypto,35,11,9631.18,2,2,1,At Risk,0,5,0,0.002066054946874593,19.9
USR_11462,Standard,High-Yield Savings,13,13,9630.31,1,2,1,Lost / Inactive,2,30,0,0.002066054946874593,19.9
USR_12489,Gold,Equities,111,16,9625.759999999998,3,1,1,At Risk,1,3,1,0.9954846203561771,9582.3
USR_13153,Standard,Crypto,95,14,9623.699999999999,3,1,1,At Risk,0,2,1,0.9954846203561771,9580.25
USR_14391,VIP Wealth,Robo-Advisory,246,12,9623.289999999999,3,2,1,At Risk,0,18,1,0.9954846203561771,9579.84
USR_10405,VIP Wealth,High-Yield Savings,25,12,9623.260000000002,2,2,1,At Risk,0,26,0,0.002066054946874593,19.88
USR_10273,Standard,High-Yield Savings,151,10,9621.77,3,2,1,At Risk,0,31,1,0.9954846203561771,9578.32
USR_13910,Standard,Crypto,82,14,9621.099999999999,3,1,1,At Risk,1,41,0,0.002066054946874593,19.88
USR_14098,Standard,Equities,62,12,9617.44,2,2,1,At Risk,0,35,0,0.002066054946874593,19.87
USR_14587,Standard,High-Yield Savings,25,14,9610.59,1,1,1,VIP,2,43,0,0.002066054946874593,19.86
USR_14717,Gold,Crypto,43,13,9603.009999999998,2,2,1,At Risk,1,10,0,0.002066054946874593,19.84
USR_12622,Gold,Equities,1,13,9602.27,1,2,1,Lost / Inactive,1,4,1,0.9954846203561771,9558.91
USR_12201,Standard,Equities,5,12,9599.65,1,2,1,Lost / Inactive,1,9,0,0.002066054946874593,19.83
USR_14756,Standard,Equities,19,12,9598.15,1,2,1,Lost / Inactive,2,0,1,0.9954846203561771,9554.81
USR_14326,Standard,Crypto,35,17,9595.539999999999,2,1,1,At Risk,1,31,0,0.002066054946874593,19.82
USR_14508,Standard,Crypto,50,10,9594.48,2,3,1,At Risk,1,3,1,0.9954846203561771,9551.16
USR_13632,Standard,High-Yield Savings,65,13,9590.529999999999,2,2,1,At Risk,1,21,0,0.002066054946874593,19.81
USR_12091,Gold,High-Yield Savings,51,13,9589.74,2,2,1,At Risk,1,43,0,0.002066054946874593,19.81
USR_11125,Standard,Equities,48,9,9586.33,2,3,1,At Risk,2,33,0,0.002066054946874593,19.81
USR_11625,Gold,High-Yield Savings,83,12,9583.78,3,2,1,At Risk,0,25,0,0.002066054946874593,19.8
USR_13346,Gold,Crypto,21,17,9583.15,1,1,1,VIP,2,5,0,0.002066054946874593,19.8
USR_12505,Standard,Equities,81,15,9571.01,3,1,1,At Risk,2,3,1,0.9954846203561771,9527.79
USR_11550,VIP Wealth,Equities,154,14,9566.77,3,1,1,At Risk,2,35,1,0.9954846203561771,9523.57
USR_11088,Standard,Equities,50,16,9564.58,2,1,1,At Risk,1,0,1,0.9954846203561771,9521.39
USR_10564,VIP Wealth,Robo-Advisory,51,10,9564.42,2,3,1,At Risk,1,38,0,0.002066054946874593,19.76
USR_13978,Standard,Crypto,27,15,9562.289999999999,2,1,1,At Risk,2,39,0,0.002066054946874593,19.76
USR_14060,Standard,Crypto,54,15,9560.980000000001,2,1,1,At Risk,3,33,0,0.002066054946874593,19.75
USR_12493,Standard,Robo-Advisory,85,11,9559.82,3,2,1,At Risk,2,35,0,0.002066054946874593,19.75
USR_13884,Standard,Crypto,18,16,9558.099999999999,1,1,1,VIP,0,38,0,0.002066054946874593,19.75
USR_14523,Standard,Robo-Advisory,107,13,9554.54,3,1,1,At Risk,1,30,1,0.9954846203561771,9511.4
USR_13555,Gold,Robo-Advisory,6,15,9549.1,1,1,1,VIP,0,42,0,0.002066054946874593,19.73
USR_11132,VIP Wealth,High-Yield Savings,11,16,9549.02,1,1,1,VIP,1,8,0,0.002066054946874593,19.73
USR_14302,VIP Wealth,Crypto,14,18,9545.43,1,1,1,VIP,0,7,0,0.002066054946874593,19.72
USR_13500,Standard,Equities,39,10,9543.84,2,3,1,At Risk,0,36,0,0.002066054946874593,19.72
USR_13414,Gold,Robo-Advisory,51,14,9541.43,2,1,1,At Risk,0,10,0,0.002066054946874593,19.71
USR_14250,Gold,Robo-Advisory,70,11,9540.02,3,2,1,At Risk,0,1,1,0.9954846203561771,9496.94
USR_14249,Standard,Robo-Advisory,16,16,9530.44,1,1,1,VIP,0,29,0,0.002066054946874593,19.69
USR_10291,Standard,Equities,7,11,9529.81,1,2,1,Lost / Inactive,0,19,0,0.002066054946874593,19.69
USR_11819,Standard,Equities,58,20,9527.830000000002,2,1,1,At Risk,0,8,0,0.002066054946874593,19.69
USR_10576,VIP Wealth,Equities,140,11,9526.24,3,2,1,At Risk,0,35,1,0.9954846203561771,9483.23
USR_11073,Standard,Robo-Advisory,3,11,9522.9,1,2,1,Lost / Inactive,1,17,0,0.002066054946874593,19.67
USR_10892,VIP Wealth,Equities,22,12,9517.290000000003,1,2,1,Lost / Inactive,0,16,0,0.002066054946874593,19.66
USR_11468,Standard,Robo-Advisory,57,14,9511.05,2,1,1,At Risk,0,34,0,0.002066054946874593,19.65
USR_12180,Standard,Crypto,16,12,9508.81,1,2,1,Lost / Inactive,0,2,1,0.9954846203561771,9465.87
USR_13058,Gold,Crypto,18,10,9508.419999999998,1,3,1,Lost / Inactive,0,38,0,0.002066054946874593,19.64
USR_11569,Standard,Equities,19,11,9499.74,1,2,1,Lost / Inactive,1,31,0,0.002066054946874593,19.63
USR_10334,Standard,Equities,21,13,9498.029999999999,1,2,1,Lost / Inactive,0,23,0,0.002066054946874593,19.62
USR_12072,Standard,Robo-Advisory,5,12,9496.380000000001,1,2,1,Lost / Inactive,0,26,0,0.002066054946874593,19.62
USR_10978,Gold,Equities,2,15,9495.91,1,1,1,VIP,0,19,0,0.002066054946874593,19.62
USR_14268,Standard,Crypto,59,16,9489.730000000001,2,1,1,At Risk,0,20,0,0.002066054946874593,19.61
USR_12185,Gold,Crypto,18,10,9488.6,1,3,1,Lost / Inactive,2,38,0,0.002066054946874593,19.6
USR_11504,Standard,Crypto,144,9,9486.57,3,3,1,At Risk,0,44,1,0.9954846203561771,9443.73
USR_13987,Standard,High-Yield Savings,9,7,9486.5,1,3,1,Lost / Inactive,2,23,0,0.002066054946874593,19.6
USR_14984,Standard,High-Yield Savings,5,10,9484.49,1,3,1,Lost / Inactive,0,31,0,0.002066054946874593,19.6
USR_10096,Standard,High-Yield Savings,4,13,9483.63,1,2,1,Lost / Inactive,1,43,0,0.002066054946874593,19.59
USR_10538,Standard,High-Yield Savings,28,13,9479.74,2,2,1,At Risk,2,4,1,0.9954846203561771,9436.94
USR_12388,Gold,Crypto,93,13,9479.660000000003,3,2,1,At Risk,0,25,1,0.9954846203561771,9436.86
USR_13572,Gold,Crypto,14,16,9478.95,1,1,1,VIP,0,3,1,0.9954846203561771,9436.15
USR_11509,Gold,Equities,36,18,9475.23,2,1,1,At Risk,2,1,1,0.9954846203561771,9432.45
USR_10666,Standard,Crypto,28,14,9463.47,2,1,1,At Risk,0,19,0,0.002066054946874593,19.55
USR_13120,Gold,Equities,281,8,9461.939999999999,3,3,1,At Risk,0,0,1,0.9954846203561771,9419.22
USR_14190,VIP Wealth,Robo-Advisory,37,11,9459.210000000003,2,2,1,At Risk,1,17,0,0.002066054946874593,19.54
USR_14043,Standard,High-Yield Savings,20,12,9455.31,1,2,1,Lost / Inactive,3,39,0,0.002066054946874593,19.54
USR_12000,Standard,Equities,32,21,9455.2,2,1,1,At Risk,3,7,0,0.002066054946874593,19.53
USR_13716,Gold,Equities,95,15,9454.98,3,1,1,At Risk,0,44,1,0.9954846203561771,9412.29
USR_13603,Gold,High-Yield Savings,30,16,9451.879999999996,2,1,1,At Risk,2,21,0,0.002066054946874593,19.53
USR_13286,Standard,Crypto,127,18,9448.26,3,1,1,At Risk,1,20,1,0.9954846203561771,9405.6
USR_11577,Standard,High-Yield Savings,8,18,9448.039999999999,1,1,1,VIP,2,16,0,0.002066054946874593,19.52
USR_13747,Gold,Robo-Advisory,113,11,9446.300000000001,3,2,1,At Risk,2,5,1,0.9954846203561771,9403.65
USR_10509,Standard,Equities,9,15,9445.56,1,1,1,VIP,0,0,1,0.9954846203561771,9402.91
USR_14036,Standard,Crypto,44,10,9443.34,2,3,1,At Risk,0,35,0,0.002066054946874593,19.51
USR_13690,Gold,High-Yield Savings,81,11,9441.02,3,2,1,At Risk,2,33,0,0.002066054946874593,19.51
USR_13019,Gold,Crypto,70,9,9436.85,3,3,1,At Risk,0,8,0,0.002066054946874593,19.5
USR_13526,Standard,Equities,44,11,9432.430000000002,2,2,1,At Risk,2,34,0,0.002066054946874593,19.49
USR_12896,Standard,Equities,16,15,9429.419999999998,1,1,1,VIP,1,0,1,0.9954846203561771,9386.84
USR_10737,Standard,Crypto,23,16,9426.449999999999,1,1,1,VIP,2,24,0,0.002066054946874593,19.48
USR_12259,Standard,Equities,71,9,9425.52,3,3,1,At Risk,3,8,0,0.002066054946874593,19.47
USR_12829,Gold,Crypto,13,15,9425.12,1,1,1,VIP,0,31,0,0.002066054946874593,19.47
USR_14357,Gold,Equities,4,10,9417.08,1,3,1,Lost / Inactive,1,37,0,0.002066054946874593,19.46
USR_14453,Standard,High-Yield Savings,18,15,9415.599999999999,1,1,1,VIP,1,10,0,0.002066054946874593,19.45
USR_13240,Gold,High-Yield Savings,54,13,9414.539999999999,2,2,1,At Risk,0,30,0,0.002066054946874593,19.45
USR_12333,Standard,Crypto,8,16,9413.75,1,1,1,VIP,2,33,0,0.002066054946874593,19.45
USR_10293,Standard,Equities,25,12,9412.22,2,2,1,At Risk,0,40,0,0.002066054946874593,19.45
USR_13568,Standard,Crypto,20,14,9412.080000000002,1,1,1,VIP,0,30,0,0.002066054946874593,19.45
USR_10443,Standard,Equities,53,12,9410.64,2,2,1,At Risk,1,28,0,0.002066054946874593,19.44
USR_11540,Standard,Robo-Advisory,1,14,9405.43,1,1,1,VIP,0,9,0,0.002066054946874593,19.43
USR_13431,Standard,Equities,46,8,9399.79,2,3,1,At Risk,1,29,0,0.002066054946874593,19.42
USR_13836,Gold,Equities,4,17,9397.8,1,1,1,VIP,1,0,1,0.9954846203561771,9355.37
USR_10897,Standard,High-Yield Savings,37,10,9396.48,2,3,1,At Risk,1,24,0,0.002066054946874593,19.41
USR_10394,Standard,Equities,48,13,9389.97,2,2,1,At Risk,3,17,0,0.002066054946874593,19.4
USR_10610,Standard,High-Yield Savings,56,17,9387.630000000001,2,1,1,At Risk,1,4,1,0.9954846203561771,9345.24
USR_14127,Standard,High-Yield Savings,54,8,9386.630000000001,2,3,1,At Risk,2,36,0,0.002066054946874593,19.39
USR_13323,Standard,Crypto,87,10,9385.400000000001,3,3,1,At Risk,0,32,0,0.002066054946874593,19.39
USR_14602,Standard,Crypto,198,12,9375.44,3,2,1,At Risk,2,42,1,0.9954846203561771,9333.11
USR_14559,VIP Wealth,Equities,20,9,9374.28,1,3,1,Lost / Inactive,0,42,0,0.002066054946874593,19.37
USR_11773,Standard,Equities,45,16,9370.81,2,1,1,At Risk,1,12,0,0.002066054946874593,19.36
USR_12586,Gold,High-Yield Savings,46,13,9370.0,2,2,1,At Risk,0,11,0,0.002066054946874593,19.36
USR_11734,Gold,High-Yield Savings,66,14,9356.990000000002,2,1,1,At Risk,0,12,0,0.002066054946874593,19.33
USR_14719,Standard,Equities,15,16,9345.479999999998,1,1,1,VIP,0,18,0,0.002066054946874593,19.31
USR_10824,VIP Wealth,Robo-Advisory,52,15,9344.36,2,1,1,At Risk,0,29,0,0.002066054946874593,19.31
USR_14203,Standard,Robo-Advisory,2,19,9339.570000000002,1,1,1,VIP,0,43,0,0.002066054946874593,19.3
USR_12956,Standard,Crypto,53,11,9320.289999999999,2,2,1,At Risk,0,29,0,0.002066054946874593,19.26
USR_12988,Standard,Equities,24,16,9319.86,1,1,1,VIP,0,37,0,0.002066054946874593,19.26
USR_14015,Gold,Equities,112,9,9314.53,3,3,1,At Risk,1,27,1,0.9954846203561771,9272.47
USR_14255,Gold,Robo-Advisory,138,11,9310.899999999998,3,2,1,At Risk,2,24,1,0.9954846203561771,9268.86
USR_13280,VIP Wealth,Equities,18,14,9308.1,1,1,1,VIP,0,5,0,0.002066054946874593,19.23
USR_14400,Standard,High-Yield Savings,8,15,9308.04,1,1,1,VIP,0,4,1,0.9954846203561771,9266.01
USR_11989,Standard,High-Yield Savings,82,14,9304.4,3,1,1,At Risk,1,40,0,0.002066054946874593,19.22
USR_12981,Standard,Equities,80,14,9303.95,3,1,1,At Risk,1,44,0,0.002066054946874593,19.22
USR_11394,Standard,Equities,58,11,9300.92,2,2,1,At Risk,0,24,0,0.002066054946874593,19.22
USR_14690,Standard,High-Yield Savings,6,16,9283.769999999999,1,1,1,VIP,2,25,0,0.002066054946874593,19.18
USR_10569,VIP Wealth,High-Yield Savings,34,14,9279.000000000002,2,1,1,At Risk,2,37,0,0.002066054946874593,19.17
USR_12568,Standard,High-Yield Savings,43,7,9278.84,2,3,1,At Risk,2,23,0,0.002066054946874593,19.17
USR_13474,VIP Wealth,Crypto,47,14,9275.49,2,1,1,At Risk,2,37,0,0.002066054946874593,19.16
USR_10174,Gold,Equities,61,9,9275.33,2,3,1,At Risk,1,22,0,0.002066054946874593,19.16
USR_13411,Standard,Crypto,5,17,9270.12,1,1,1,VIP,0,42,0,0.002066054946874593,19.15
USR_12613,Standard,High-Yield Savings,7,15,9269.25,1,1,1,VIP,0,24,0,0.002066054946874593,19.15
USR_12010,Standard,Robo-Advisory,37,14,9257.189999999999,2,1,1,At Risk,1,43,0,0.002066054946874593,19.13
USR_10091,Gold,High-Yield Savings,23,18,9256.259999999998,1,1,1,VIP,1,27,0,0.002066054946874593,19.12
USR_12574,VIP Wealth,Crypto,58,9,9253.029999999999,2,3,1,At Risk,2,17,0,0.002066054946874593,19.12
USR_10873,Standard,Crypto,21,17,9249.75,1,1,1,VIP,2,14,0,0.002066054946874593,19.11
USR_10778,Gold,Equities,60,14,9248.72,2,1,1,At Risk,3,5,0,0.002066054946874593,19.11
USR_10383,Standard,High-Yield Savings,37,14,9245.669999999998,2,1,1,At Risk,0,40,0,0.002066054946874593,19.1
USR_12748,Standard,Equities,28,18,9242.71,2,1,1,At Risk,1,41,0,0.002066054946874593,19.1
USR_12587,Standard,Equities,36,15,9235.240000000002,2,1,1,At Risk,3,18,0,0.002066054946874593,19.08
USR_14237,Standard,High-Yield Savings,41,18,9232.220000000001,2,1,1,At Risk,1,2,1,0.9954846203561771,9190.53
USR_10718,Standard,Crypto,87,14,9227.669999999998,3,1,1,At Risk,1,8,0,0.002066054946874593,19.06
USR_13671,Standard,Robo-Advisory,22,10,9220.89,1,3,1,Lost / Inactive,0,0,1,0.9954846203561771,9179.25
USR_10235,Standard,Robo-Advisory,132,11,9220.32,3,2,1,At Risk,1,26,1,0.9954846203561771,9178.69
USR_10148,Standard,High-Yield Savings,56,11,9217.87,2,2,1,At Risk,0,36,0,0.002066054946874593,19.04
USR_10777,Gold,High-Yield Savings,65,11,9213.509999999998,2,2,1,At Risk,0,7,0,0.002066054946874593,19.04
USR_12566,Standard,Robo-Advisory,11,13,9211.229999999998,1,2,1,Lost / Inactive,1,35,0,0.002066054946874593,19.03
USR_13659,VIP Wealth,Robo-Advisory,7,15,9209.119999999999,1,1,1,VIP,3,3,1,0.9954846203561771,9167.54
USR_11742,Standard,Equities,46,11,9206.999999999998,2,2,1,At Risk,0,14,0,0.002066054946874593,19.02
USR_13178,Gold,High-Yield Savings,18,23,9206.220000000001,1,1,1,VIP,1,23,0,0.002066054946874593,19.02
USR_12209,VIP Wealth,Equities,182,13,9206.04,3,1,1,At Risk,2,10,1,0.9954846203561771,9164.47
USR_13867,Standard,Crypto,97,10,9203.29,3,3,1,At Risk,0,41,1,0.9954846203561771,9161.73
USR_11410,Gold,Equities,152,9,9203.02,3,3,1,At Risk,0,39,1,0.9954846203561771,9161.46
USR_13498,Standard,Crypto,135,12,9199.599999999999,3,2,1,At Risk,1,44,1,0.9954846203561771,9158.06
USR_11098,Gold,High-Yield Savings,5,18,9198.899999999998,1,1,1,VIP,1,40,0,0.002066054946874593,19.01
USR_11662,Standard,High-Yield Savings,50,10,9190.189999999999,2,3,1,At Risk,0,24,0,0.002066054946874593,18.99
USR_13016,Standard,Crypto,9,15,9186.65,1,1,1,VIP,3,35,0,0.002066054946874593,18.98
USR_11707,Standard,Crypto,20,14,9183.64,1,1,1,VIP,2,8,0,0.002066054946874593,18.97
USR_10168,VIP Wealth,Robo-Advisory,25,14,9182.03,2,1,1,At Risk,0,24,0,0.002066054946874593,18.97
USR_10122,Standard,Crypto,14,16,9181.11,1,1,1,VIP,0,7,0,0.002066054946874593,18.97
USR_12476,Gold,High-Yield Savings,3,13,9178.630000000001,1,2,1,Lost / Inactive,1,29,0,0.002066054946874593,18.96
USR_10969,Gold,Crypto,26,14,9177.92,2,1,1,At Risk,0,0,1,0.9954846203561771,9136.48
USR_12865,Standard,Equities,5,11,9174.98,1,2,1,Lost / Inactive,1,43,0,0.002066054946874593,18.96
USR_10142,Standard,High-Yield Savings,54,12,9170.14,2,2,1,At Risk,1,23,0,0.002066054946874593,18.95
USR_13334,Gold,Equities,17,18,9165.530000000002,1,1,1,VIP,1,3,1,0.9954846203561771,9124.14
USR_12682,Gold,Crypto,64,10,9163.280000000002,2,3,1,At Risk,2,25,0,0.002066054946874593,18.93
USR_10173,Standard,Equities,68,19,9151.92,3,1,1,At Risk,1,20,0,0.002066054946874593,18.91
USR_11090,Standard,High-Yield Savings,23,13,9151.080000000002,1,2,1,Lost / Inactive,3,9,0,0.002066054946874593,18.91
USR_12952,Standard,High-Yield Savings,11,19,9146.380000000001,1,1,1,VIP,0,34,0,0.002066054946874593,18.9
USR_14778,Standard,Crypto,88,14,9143.919999999998,3,1,1,At Risk,0,8,0,0.002066054946874593,18.89
USR_11634,Standard,Equities,37,10,9141.68,2,3,1,At Risk,3,3,1,0.9954846203561771,9100.4
USR_14519,Standard,High-Yield Savings,39,13,9141.45,2,2,1,At Risk,0,34,0,0.002066054946874593,18.89
USR_12307,Standard,High-Yield Savings,8,17,9133.68,1,1,1,VIP,0,32,0,0.002066054946874593,18.87
USR_10702,Standard,Equities,8,21,9126.699999999999,1,1,1,VIP,0,5,0,0.002066054946874593,18.86
USR_11978,Standard,Equities,13,13,9126.410000000002,1,2,1,Lost / Inactive,1,40,0,0.002066054946874593,18.86
USR_10053,Standard,Robo-Advisory,33,13,9126.060000000001,2,2,1,At Risk,1,29,0,0.002066054946874593,18.85
USR_12631,Standard,Equities,10,17,9122.98,1,1,1,VIP,1,4,1,0.9954846203561771,9081.79
USR_12274,Standard,Crypto,39,13,9121.400000000001,2,2,1,At Risk,0,4,1,0.9954846203561771,9080.21
USR_14890,Standard,Equities,69,13,9120.58,3,2,1,At Risk,1,44,0,0.002066054946874593,18.84
USR_14981,Gold,High-Yield Savings,25,11,9120.21,2,2,1,At Risk,2,40,0,0.002066054946874593,18.84
USR_13602,Gold,Equities,38,14,9115.789999999999,2,1,1,At Risk,0,11,0,0.002066054946874593,18.83
USR_10467,Standard,Equities,38,11,9112.640000000001,2,2,1,At Risk,0,0,1,0.9954846203561771,9071.49
USR_14620,Standard,Crypto,53,12,9112.090000000002,2,2,1,At Risk,4,38,0,0.002066054946874593,18.83
USR_11973,Standard,Crypto,25,13,9111.57,2,2,1,At Risk,0,25,0,0.002066054946874593,18.83
USR_13733,Standard,Crypto,49,13,9110.55,2,2,1,At Risk,4,20,0,0.002066054946874593,18.82
USR_13168,Gold,High-Yield Savings,1,12,9109.49,1,2,1,Lost / Inactive,1,12,0,0.002066054946874593,18.82
USR_10989,Standard,Crypto,4,18,9107.35,1,1,1,VIP,2,0,1,0.9954846203561771,9066.23
USR_11160,Standard,Equities,67,16,9107.17,3,1,1,At Risk,1,5,0,0.002066054946874593,18.82
USR_10890,VIP Wealth,High-Yield Savings,414,7,9106.99,3,3,1,At Risk,0,12,1,0.9954846203561771,9065.87
USR_13471,Gold,Robo-Advisory,103,11,9098.5,3,2,1,At Risk,0,5,1,0.9954846203561771,9057.42
USR_12117,Standard,Crypto,33,15,9097.820000000002,2,1,1,At Risk,0,6,0,0.002066054946874593,18.8
USR_13394,Standard,Crypto,34,12,9097.03,2,2,1,At Risk,0,42,0,0.002066054946874593,18.79
USR_10749,Gold,Equities,16,12,9095.93,1,2,1,Lost / Inactive,1,20,0,0.002066054946874593,18.79
USR_13238,Standard,Equities,4,17,9095.779999999999,1,1,1,VIP,0,2,1,0.9954846203561771,9054.71
USR_11940,Standard,Crypto,4,18,9094.11,1,1,1,VIP,2,12,0,0.002066054946874593,18.79
USR_14801,Gold,Robo-Advisory,20,6,9093.7,1,3,1,Lost / Inactive,0,39,0,0.002066054946874593,18.79
USR_13838,Standard,Equities,72,19,9085.67,3,1,1,At Risk,0,8,0,0.002066054946874593,18.77
USR_14520,Gold,Equities,83,14,9085.480000000001,3,1,1,At Risk,2,41,0,0.002066054946874593,18.77
USR_10200,Standard,Crypto,1,15,9080.35,1,1,1,VIP,0,32,0,0.002066054946874593,18.76
USR_11573,Standard,Equities,49,13,9079.28,2,2,1,At Risk,0,44,0,0.002066054946874593,18.76
USR_13627,Standard,Equities,19,11,9075.31,1,2,1,Lost / Inactive,0,26,0,0.002066054946874593,18.75
USR_12921,Standard,Robo-Advisory,12,14,9074.5,1,1,1,VIP,1,29,0,0.002066054946874593,18.75
USR_12612,Gold,Crypto,40,10,9072.929999999998,2,3,1,At Risk,1,11,0,0.002066054946874593,18.75
USR_10709,Standard,Crypto,41,17,9066.050000000001,2,1,1,At Risk,0,26,0,0.002066054946874593,18.73
USR_14932,Gold,Crypto,95,16,9064.69,3,1,1,At Risk,0,28,1,0.9954846203561771,9023.76
USR_10338,Standard,Robo-Advisory,44,11,9063.29,2,2,1,At Risk,1,41,0,0.002066054946874593,18.73
USR_14616,Standard,Equities,14,15,9060.89,1,1,1,VIP,0,12,0,0.002066054946874593,18.72
USR_10803,Standard,Crypto,14,21,9060.57,1,1,1,VIP,2,38,0,0.002066054946874593,18.72
USR_11314,Standard,Robo-Advisory,22,8,9053.589999999998,1,3,1,Lost / Inactive,0,37,0,0.002066054946874593,18.71
USR_13619,Gold,Equities,69,12,9051.85,3,2,1,At Risk,0,37,0,0.002066054946874593,18.7
USR_10243,Standard,High-Yield Savings,28,14,9051.560000000003,2,1,1,At Risk,0,33,0,0.002066054946874593,18.7
USR_10238,Gold,High-Yield Savings,17,14,9045.800000000001,1,1,1,VIP,0,27,0,0.002066054946874593,18.69
USR_12230,Standard,Equities,10,19,9044.800000000001,1,1,1,VIP,2,14,0,0.002066054946874593,18.69
USR_11172,Standard,Robo-Advisory,65,14,9044.36,2,1,1,At Risk,1,22,0,0.002066054946874593,18.69
USR_13404,Standard,High-Yield Savings,29,13,9042.519999999999,2,2,1,At Risk,1,6,0,0.002066054946874593,18.68
USR_13506,Standard,Equities,13,12,9039.32,1,2,1,Lost / Inactive,3,22,0,0.002066054946874593,18.68
USR_14120,Standard,Crypto,18,17,9038.150000000001,1,1,1,VIP,1,43,0,0.002066054946874593,18.67
USR_10629,Standard,Robo-Advisory,5,17,9034.730000000001,1,1,1,VIP,0,6,0,0.002066054946874593,18.67
USR_11152,Standard,Equities,14,12,9030.1,1,2,1,Lost / Inactive,1,5,0,0.002066054946874593,18.66
USR_12256,Standard,Crypto,7,12,9027.630000000001,1,2,1,Lost / Inactive,0,36,0,0.002066054946874593,18.65
USR_11405,Standard,High-Yield Savings,64,21,9023.080000000002,2,1,1,At Risk,0,14,0,0.002066054946874593,18.64
USR_10716,Standard,Crypto,55,16,9020.05,2,1,1,At Risk,2,2,1,0.9954846203561771,8979.32
USR_12966,Standard,Equities,21,15,9020.019999999999,1,1,1,VIP,0,10,0,0.002066054946874593,18.64
USR_10750,Gold,High-Yield Savings,26,10,9017.3,2,3,1,At Risk,1,32,0,0.002066054946874593,18.63
USR_11280,Standard,High-Yield Savings,83,16,9015.8,3,1,1,At Risk,2,13,0,0.002066054946874593,18.63
USR_10765,Standard,Equities,5,16,9011.910000000002,1,1,1,VIP,0,11,0,0.002066054946874593,18.62
USR_10772,Gold,Robo-Advisory,117,16,9007.399999999998,3,1,1,At Risk,0,36,1,0.9954846203561771,8966.73
USR_10166,Standard,Robo-Advisory,93,16,9006.660000000002,3,1,1,At Risk,2,17,1,0.9954846203561771,8965.99
USR_11561,VIP Wealth,Equities,235,9,9005.35,3,3,1,At Risk,1,22,1,0.9954846203561771,8964.69
USR_14368,Gold,Equities,56,9,9004.160000000002,2,3,1,At Risk,0,43,0,0.002066054946874593,18.6
USR_11403,Standard,Crypto,4,21,9000.99,1,1,1,VIP,1,2,1,0.9954846203561771,8960.35
USR_12857,Gold,Crypto,54,15,9000.45,2,1,1,At Risk,0,1,1,0.9954846203561771,8959.81
USR_13243,Gold,Robo-Advisory,22,17,8996.239999999998,1,1,1,VIP,2,27,0,0.002066054946874593,18.59
USR_12632,Standard,Equities,25,12,8995.539999999999,2,2,1,At Risk,1,39,0,0.002066054946874593,18.59
USR_14244,Standard,Equities,81,13,8994.96,3,2,1,At Risk,1,25,0,0.002066054946874593,18.58
USR_10540,Gold,Crypto,29,15,8992.760000000002,2,1,1,At Risk,1,1,1,0.9954846203561771,8952.15
USR_10994,Gold,Equities,11,16,8989.480000000001,1,1,1,VIP,0,10,0,0.002066054946874593,18.57
USR_11775,Gold,High-Yield Savings,35,12,8987.37,2,2,1,At Risk,0,13,0,0.002066054946874593,18.57
USR_10726,Gold,Robo-Advisory,150,15,8979.060000000001,3,1,1,At Risk,2,26,1,0.9954846203561771,8938.52
USR_14455,VIP Wealth,High-Yield Savings,10,14,8972.12,1,1,1,VIP,0,10,0,0.002066054946874593,18.54
USR_11017,Standard,Equities,178,6,8971.01,3,3,1,At Risk,2,33,1,0.9954846203561771,8930.5
USR_14838,Standard,High-Yield Savings,13,13,8959.989999999998,1,2,1,Lost / Inactive,3,9,0,0.002066054946874593,18.51
USR_14186,Standard,Equities,39,9,8958.320000000002,2,3,1,At Risk,1,8,0,0.002066054946874593,18.51
USR_10560,Gold,Robo-Advisory,12,14,8956.609999999999,1,1,1,VIP,1,23,0,0.002066054946874593,18.5
USR_13235,VIP Wealth,High-Yield Savings,77,14,8945.130000000001,3,1,1,At Risk,0,37,0,0.002066054946874593,18.48
USR_14571,Gold,Equities,73,12,8944.58,3,2,1,At Risk,0,23,0,0.002066054946874593,18.48
USR_12219,Standard,Robo-Advisory,39,14,8942.05,2,1,1,At Risk,1,4,1,0.9954846203561771,8901.67
USR_10973,Gold,High-Yield Savings,11,12,8941.77,1,2,1,Lost / Inactive,1,7,0,0.002066054946874593,18.47
USR_14500,Gold,Equities,35,12,8941.67,2,2,1,At Risk,1,8,0,0.002066054946874593,18.47
USR_11319,Gold,High-Yield Savings,68,12,8938.75,3,2,1,At Risk,1,4,1,0.9954846203561771,8898.39
USR_12999,Standard,High-Yield Savings,37,10,8936.75,2,3,1,At Risk,0,27,0,0.002066054946874593,18.46
USR_12661,Standard,Crypto,2,13,8935.48,1,2,1,Lost / Inactive,0,42,0,0.002066054946874593,18.46
USR_10062,Standard,High-Yield Savings,39,8,8931.98,2,3,1,At Risk,1,44,0,0.002066054946874593,18.45
USR_14999,Standard,Equities,21,12,8925.53,1,2,1,Lost / Inactive,1,8,0,0.002066054946874593,18.44
USR_14045,VIP Wealth,Equities,88,12,8922.730000000001,3,2,1,At Risk,1,12,0,0.002066054946874593,18.43
USR_12109,Standard,Robo-Advisory,26,14,8920.619999999999,2,1,1,At Risk,3,18,0,0.002066054946874593,18.43
USR_11336,Gold,High-Yield Savings,10,15,8918.2,1,1,1,VIP,1,12,0,0.002066054946874593,18.43
USR_10497,Standard,Equities,33,15,8914.100000000002,2,1,1,At Risk,0,8,0,0.002066054946874593,18.42
USR_14256,Gold,Equities,125,16,8911.47,3,1,1,At Risk,0,12,1,0.9954846203561771,8871.23
USR_12250,Standard,Robo-Advisory,63,18,8907.82,2,1,1,At Risk,1,39,0,0.002066054946874593,18.4
USR_13894,Gold,Robo-Advisory,113,14,8907.469999999998,3,1,1,At Risk,0,14,1,0.9954846203561771,8867.25
USR_10917,Gold,Crypto,25,11,8907.4,1,2,1,Lost / Inactive,0,17,0,0.002066054946874593,18.4
USR_13507,Standard,Equities,50,14,8904.0,2,1,1,At Risk,0,2,1,0.9954846203561771,8863.8
USR_10449,Gold,Crypto,21,24,8901.99,1,1,1,VIP,0,35,0,0.002066054946874593,18.39
USR_13921,Standard,High-Yield Savings,94,14,8899.07,3,1,1,At Risk,1,40,1,0.9954846203561771,8858.89
USR_10415,Standard,High-Yield Savings,43,13,8895.420000000002,2,2,1,At Risk,3,6,0,0.002066054946874593,18.38
USR_11586,Standard,Equities,56,17,8893.31,2,1,1,At Risk,0,24,0,0.002066054946874593,18.37
USR_14152,Standard,High-Yield Savings,6,19,8889.91,1,1,1,VIP,0,9,0,0.002066054946874593,18.37
USR_14782,Gold,Equities,115,10,8882.29,3,2,1,At Risk,0,37,1,0.9954846203561771,8842.18
USR_12681,Standard,Crypto,62,14,8881.6,2,1,1,At Risk,0,29,0,0.002066054946874593,18.35
USR_13578,Standard,Crypto,85,15,8881.109999999999,3,1,1,At Risk,2,8,0,0.002066054946874593,18.35
USR_12116,Standard,High-Yield Savings,116,9,8880.960000000001,3,3,1,At Risk,1,33,1,0.9954846203561771,8840.86
USR_13449,VIP Wealth,Crypto,118,15,8875.78,3,1,1,At Risk,3,13,1,0.9954846203561771,8835.7
USR_11312,Standard,Crypto,45,15,8870.949999999999,2,1,1,At Risk,1,24,0,0.002066054946874593,18.33
USR_12659,Gold,Robo-Advisory,67,15,8868.72,2,1,1,At Risk,0,37,0,0.002066054946874593,18.32
USR_12960,Gold,Crypto,166,9,8864.61,3,3,1,At Risk,2,6,1,0.9954846203561771,8824.58
USR_11698,Standard,High-Yield Savings,97,16,8863.84,3,1,1,At Risk,0,3,1,0.9954846203561771,8823.82
USR_13939,Standard,Robo-Advisory,28,16,8862.75,2,1,1,At Risk,0,37,0,0.002066054946874593,18.31
USR_10267,Standard,Robo-Advisory,19,14,8862.070000000002,1,1,1,VIP,1,24,0,0.002066054946874593,18.31
USR_11174,Standard,High-Yield Savings,25,13,8858.99,2,2,1,At Risk,0,9,0,0.002066054946874593,18.3
USR_10812,Standard,Crypto,126,12,8857.89,3,2,1,At Risk,1,23,1,0.9954846203561771,8817.89
USR_12359,VIP Wealth,Equities,80,10,8855.52,3,3,1,At Risk,2,33,0,0.002066054946874593,18.3
USR_14104,Standard,Equities,46,15,8850.899999999998,2,1,1,At Risk,0,23,0,0.002066054946874593,18.29
USR_14161,Standard,High-Yield Savings,102,11,8844.97,3,2,1,At Risk,1,27,1,0.9954846203561771,8805.03
USR_11323,Gold,Crypto,112,14,8842.599999999999,3,1,1,At Risk,1,15,1,0.9954846203561771,8802.67
USR_12559,Gold,Equities,80,14,8840.850000000002,3,1,1,At Risk,0,29,0,0.002066054946874593,18.27
USR_10689,VIP Wealth,Equities,14,10,8838.789999999999,1,3,1,Lost / Inactive,1,15,0,0.002066054946874593,18.26
USR_11284,Standard,High-Yield Savings,34,11,8836.93,2,2,1,At Risk,0,29,0,0.002066054946874593,18.26
USR_14478,Standard,High-Yield Savings,11,7,8836.68,1,3,1,Lost / Inactive,0,25,0,0.002066054946874593,18.26
USR_11957,Standard,Crypto,57,11,8836.210000000001,2,2,1,At Risk,0,5,0,0.002066054946874593,18.26
USR_12026,Standard,Crypto,74,16,8831.01,3,1,1,At Risk,2,31,0,0.002066054946874593,18.25
USR_12939,Standard,Equities,93,19,8829.67,3,1,1,At Risk,0,22,1,0.9954846203561771,8789.8
USR_13046,Standard,Crypto,48,13,8821.730000000003,2,2,1,At Risk,1,11,0,0.002066054946874593,18.23
USR_12343,VIP Wealth,Crypto,27,12,8819.199999999999,2,2,1,At Risk,0,37,0,0.002066054946874593,18.22
USR_10456,Standard,Equities,101,14,8815.9,3,1,1,At Risk,1,8,1,0.9954846203561771,8776.09
USR_12994,Standard,Equities,4,14,8811.29,1,1,1,VIP,0,30,0,0.002066054946874593,18.2
USR_10266,Standard,Crypto,158,16,8808.6,3,1,1,At Risk,2,1,1,0.9954846203561771,8768.83
USR_12626,Standard,Equities,98,12,8807.98,3,2,1,At Risk,1,1,1,0.9954846203561771,8768.21
USR_13622,Gold,High-Yield Savings,19,11,8807.550000000003,1,2,1,Lost / Inactive,1,12,0,0.002066054946874593,18.2
USR_11979,Standard,High-Yield Savings,64,15,8804.269999999999,2,1,1,At Risk,0,28,0,0.002066054946874593,18.19
USR_11790,Gold,Crypto,7,13,8803.11,1,2,1,Lost / Inactive,0,25,0,0.002066054946874593,18.19
USR_14923,Standard,Crypto,24,16,8802.73,1,1,1,VIP,1,34,0,0.002066054946874593,18.19
USR_10327,Gold,Robo-Advisory,7,11,8796.020000000002,1,2,1,Lost / Inactive,0,40,0,0.002066054946874593,18.17
USR_11840,Standard,Crypto,9,11,8793.210000000001,1,2,1,Lost / Inactive,1,39,0,0.002066054946874593,18.17
USR_12898,Standard,High-Yield Savings,147,11,8792.34,3,2,1,At Risk,1,19,1,0.9954846203561771,8752.64
USR_11730,VIP Wealth,Crypto,16,13,8788.719999999998,1,2,1,Lost / Inactive,1,0,1,0.9954846203561771,8749.04
USR_10297,VIP Wealth,Crypto,11,10,8782.42,1,3,1,Lost / Inactive,0,28,0,0.002066054946874593,18.14
USR_12824,Gold,Robo-Advisory,8,15,8782.32,1,1,1,VIP,1,15,0,0.002066054946874593,18.14
USR_14597,Gold,Equities,37,11,8782.14,2,2,1,At Risk,0,29,0,0.002066054946874593,18.14
USR_13065,Standard,Equities,8,15,8781.02,1,1,1,VIP,0,25,0,0.002066054946874593,18.14
USR_12158,Gold,Robo-Advisory,5,13,8780.430000000002,1,2,1,Lost / Inactive,1,7,0,0.002066054946874593,18.14
USR_13782,Standard,Equities,2,13,8767.82,1,2,1,Lost / Inactive,0,7,0,0.002066054946874593,18.11
USR_10760,Gold,Equities,23,10,8767.15,1,3,1,Lost / Inactive,0,34,0,0.002066054946874593,18.11
USR_10123,Gold,Crypto,37,16,8766.279999999999,2,1,1,At Risk,1,43,0,0.002066054946874593,18.11
USR_10650,Standard,High-Yield Savings,48,12,8758.85,2,2,1,At Risk,0,0,1,0.9954846203561771,8719.3
USR_12551,Gold,Equities,69,16,8750.189999999999,3,1,1,At Risk,0,9,0,0.002066054946874593,18.08
USR_10869,Standard,Crypto,13,12,8745.9,1,2,1,Lost / Inactive,0,38,0,0.002066054946874593,18.07
USR_10215,Standard,High-Yield Savings,39,14,8744.779999999999,2,1,1,At Risk,0,29,0,0.002066054946874593,18.07
USR_14914,Standard,Crypto,1,14,8742.09,1,1,1,VIP,3,39,0,0.002066054946874593,18.06
USR_12279,Standard,Equities,15,13,8741.07,1,2,1,Lost / Inactive,2,33,0,0.002066054946874593,18.06
USR_14196,Standard,High-Yield Savings,20,14,8739.48,1,1,1,VIP,0,28,0,0.002066054946874593,18.06
USR_12567,Standard,Crypto,9,14,8736.13,1,1,1,VIP,1,2,1,0.9954846203561771,8696.68
USR_12041,Gold,Crypto,11,11,8734.53,1,2,1,Lost / Inactive,1,37,0,0.002066054946874593,18.05
USR_11455,Standard,High-Yield Savings,59,13,8733.07,2,2,1,At Risk,1,0,1,0.9954846203561771,8693.64
USR_11636,VIP Wealth,Equities,21,16,8730.87,1,1,1,VIP,1,5,0,0.002066054946874593,18.04
USR_12023,Standard,Equities,66,14,8730.61,2,1,1,At Risk,1,14,0,0.002066054946874593,18.04
USR_13549,Standard,Robo-Advisory,23,19,8727.060000000001,1,1,1,VIP,2,2,1,0.9954846203561771,8687.65
USR_13419,Standard,Robo-Advisory,34,12,8726.269999999999,2,2,1,At Risk,0,25,0,0.002066054946874593,18.03
USR_12043,Standard,Equities,10,18,8723.24,1,1,1,VIP,1,16,0,0.002066054946874593,18.02
USR_11240,Standard,Equities,43,13,8723.080000000002,2,2,1,At Risk,1,44,0,0.002066054946874593,18.02
USR_12867,Standard,High-Yield Savings,71,13,8721.29,3,2,1,At Risk,0,25,0,0.002066054946874593,18.02
USR_10158,Standard,Equities,53,18,8719.04,2,1,1,At Risk,2,2,1,0.9954846203561771,8679.67
USR_10066,Gold,High-Yield Savings,69,10,8713.97,3,3,1,At Risk,2,5,0,0.002066054946874593,18.0
USR_12346,Standard,Equities,8,12,8710.75,1,2,1,Lost / Inactive,0,0,1,0.9954846203561771,8671.42
USR_12907,Standard,Crypto,6,13,8707.550000000001,1,2,1,Lost / Inactive,1,34,0,0.002066054946874593,17.99
USR_13009,VIP Wealth,Robo-Advisory,28,12,8697.84,2,2,1,At Risk,2,28,0,0.002066054946874593,17.97
USR_10217,Standard,Equities,1,10,8693.82,1,3,1,Lost / Inactive,0,22,0,0.002066054946874593,17.96
USR_10929,Standard,Robo-Advisory,117,11,8692.140000000001,3,2,1,At Risk,0,8,1,0.9954846203561771,8652.89
USR_13033,Standard,Equities,27,9,8691.750000000002,2,3,1,At Risk,1,15,0,0.002066054946874593,17.96
USR_12290,Standard,Robo-Advisory,36,12,8690.55,2,2,1,At Risk,1,0,1,0.9954846203561771,8651.31
USR_11016,Standard,Crypto,54,12,8683.759999999998,2,2,1,At Risk,4,21,0,0.002066054946874593,17.94
USR_13373,Gold,Equities,3,7,8681.52,1,3,1,Lost / Inactive,0,1,1,0.9954846203561771,8642.32
USR_14574,Gold,High-Yield Savings,63,16,8681.359999999999,2,1,1,At Risk,0,15,0,0.002066054946874593,17.94
USR_10940,VIP Wealth,High-Yield Savings,80,18,8678.68,3,1,1,At Risk,4,19,0,0.002066054946874593,17.93
USR_13693,Standard,Robo-Advisory,46,12,8678.39,2,2,1,At Risk,0,21,0,0.002066054946874593,17.93
USR_11622,VIP Wealth,High-Yield Savings,161,14,8678.13,3,1,1,At Risk,1,26,1,0.9954846203561771,8638.94
USR_12199,Gold,Equities,53,18,8674.6,2,1,1,At Risk,0,1,1,0.9954846203561771,8635.43
USR_14780,Standard,High-Yield Savings,22,15,8673.18,1,1,1,VIP,2,11,0,0.002066054946874593,17.92
USR_13076,Standard,Crypto,4,14,8668.330000000002,1,1,1,VIP,0,42,0,0.002066054946874593,17.91
USR_10516,Gold,High-Yield Savings,58,16,8666.92,2,1,1,At Risk,1,23,0,0.002066054946874593,17.91
USR_11533,Gold,Crypto,12,15,8663.109999999999,1,1,1,VIP,0,22,0,0.002066054946874593,17.9
USR_11387,Standard,Robo-Advisory,164,12,8660.09,3,2,1,At Risk,0,12,1,0.9954846203561771,8620.99
USR_14011,Gold,Crypto,235,12,8659.710000000001,3,2,1,At Risk,0,23,1,0.9954846203561771,8620.61
USR_13605,Gold,High-Yield Savings,6,14,8658.95,1,1,1,VIP,1,42,0,0.002066054946874593,17.89
USR_10625,Standard,Equities,39,11,8658.36,2,2,1,At Risk,0,18,0,0.002066054946874593,17.89
USR_11831,Standard,Equities,174,16,8653.67,3,1,1,At Risk,1,3,1,0.9954846203561771,8614.6
USR_14459,Standard,Robo-Advisory,16,17,8652.22,1,1,1,VIP,1,40,0,0.002066054946874593,17.88
USR_11591,Standard,Crypto,21,14,8645.93,1,1,1,VIP,1,34,0,0.002066054946874593,17.86
USR_12675,Standard,Robo-Advisory,2,12,8643.630000000001,1,2,1,Lost / Inactive,0,2,1,0.9954846203561771,8604.6
USR_13951,Gold,Equities,135,15,8639.83,3,1,1,At Risk,2,13,1,0.9954846203561771,8600.82
USR_11171,Standard,Crypto,50,12,8637.59,2,2,1,At Risk,1,34,0,0.002066054946874593,17.85
USR_10011,Gold,High-Yield Savings,103,19,8636.699999999999,3,1,1,At Risk,0,19,1,0.9954846203561771,8597.7
USR_11638,Standard,Crypto,89,11,8634.69,3,2,1,At Risk,3,39,0,0.002066054946874593,17.84
USR_13162,Standard,High-Yield Savings,22,17,8632.880000000001,1,1,1,VIP,1,8,0,0.002066054946874593,17.84
USR_14364,Standard,Crypto,32,11,8626.75,2,2,1,At Risk,0,9,0,0.002066054946874593,17.82
USR_11087,Standard,Equities,59,12,8623.43,2,2,1,At Risk,1,20,0,0.002066054946874593,17.82
USR_13380,Standard,High-Yield Savings,3,15,8621.56,1,1,1,VIP,1,14,0,0.002066054946874593,17.81
USR_11263,Standard,High-Yield Savings,104,15,8619.5,3,1,1,At Risk,1,27,1,0.9954846203561771,8580.58
USR_10530,Standard,Equities,12,13,8618.409999999998,1,2,1,Lost / Inactive,1,43,0,0.002066054946874593,17.81
USR_10880,Standard,Crypto,2,14,8618.109999999999,1,1,1,VIP,0,44,0,0.002066054946874593,17.81
USR_13291,Gold,Crypto,29,13,8618.0,2,2,1,At Risk,0,32,0,0.002066054946874593,17.81
USR_14552,Standard,Robo-Advisory,35,12,8614.83,2,2,1,At Risk,1,14,0,0.002066054946874593,17.8
USR_11878,VIP Wealth,Equities,54,11,8614.6,2,2,1,At Risk,0,28,0,0.002066054946874593,17.8
USR_14044,Standard,Equities,3,19,8614.49,1,1,1,VIP,0,27,0,0.002066054946874593,17.8
USR_11505,Standard,High-Yield Savings,5,19,8613.46,1,1,1,VIP,1,0,1,0.9954846203561771,8574.57
USR_10904,Standard,High-Yield Savings,28,11,8612.86,2,2,1,At Risk,0,22,0,0.002066054946874593,17.79
USR_10153,VIP Wealth,High-Yield Savings,27,14,8612.820000000002,2,1,1,At Risk,0,40,0,0.002066054946874593,17.79
USR_13184,Standard,Equities,81,19,8610.98,3,1,1,At Risk,2,44,0,0.002066054946874593,17.79
USR_10893,VIP Wealth,Equities,24,7,8610.25,1,3,1,Lost / Inactive,3,2,1,0.9954846203561771,8571.37
USR_11419,VIP Wealth,Crypto,15,16,8608.89,1,1,1,VIP,0,11,0,0.002066054946874593,17.79
USR_13357,Standard,High-Yield Savings,29,9,8608.66,2,3,1,At Risk,1,20,0,0.002066054946874593,17.79
USR_11244,Gold,Equities,31,11,8606.25,2,2,1,At Risk,1,8,0,0.002066054946874593,17.78
USR_14688,Standard,Equities,89,14,8599.49,3,1,1,At Risk,1,42,0,0.002066054946874593,17.77
USR_10085,Gold,Equities,22,13,8595.160000000002,1,2,1,Lost / Inactive,2,3,1,0.9954846203561771,8556.35
USR_10104,Gold,High-Yield Savings,50,10,8593.050000000001,2,3,1,At Risk,0,43,0,0.002066054946874593,17.75
USR_14585,Gold,Robo-Advisory,62,14,8591.130000000001,2,1,1,At Risk,1,41,0,0.002066054946874593,17.75
USR_12481,VIP Wealth,Crypto,10,17,8588.08,1,1,1,VIP,2,23,0,0.002066054946874593,17.74
USR_12804,Standard,Crypto,233,9,8585.849999999999,3,3,1,At Risk,1,18,1,0.9954846203561771,8547.08
USR_12873,Gold,Equities,141,8,8581.11,3,3,1,At Risk,1,12,1,0.9954846203561771,8542.36
USR_11350,Standard,High-Yield Savings,22,18,8580.36,1,1,1,VIP,0,6,0,0.002066054946874593,17.73
USR_14625,Standard,Equities,17,22,8579.139999999998,1,1,1,VIP,0,33,0,0.002066054946874593,17.72
USR_14577,Gold,High-Yield Savings,2,13,8572.59,1,2,1,Lost / Inactive,0,5,0,0.002066054946874593,17.71
USR_13282,Standard,Equities,3,11,8566.0,1,2,1,Lost / Inactive,1,23,0,0.002066054946874593,17.7
USR_14397,Standard,Equities,9,19,8560.23,1,1,1,VIP,0,40,0,0.002066054946874593,17.69
USR_13571,VIP Wealth,High-Yield Savings,74,18,8558.34,3,1,1,At Risk,0,30,0,0.002066054946874593,17.68
USR_12073,Standard,Equities,6,11,8557.38,1,2,1,Lost / Inactive,0,22,0,0.002066054946874593,17.68
USR_14821,Standard,Crypto,159,10,8557.029999999999,3,2,1,At Risk,1,37,1,0.9954846203561771,8518.39
USR_12184,Standard,High-Yield Savings,25,11,8557.0,2,2,1,At Risk,0,40,0,0.002066054946874593,17.68
USR_10491,Standard,Robo-Advisory,26,10,8555.49,2,3,1,At Risk,0,25,0,0.002066054946874593,17.68
USR_14437,VIP Wealth,Crypto,43,13,8554.710000000001,2,2,1,At Risk,1,43,0,0.002066054946874593,17.67
USR_10658,Standard,Equities,12,14,8554.34,1,1,1,VIP,0,32,0,0.002066054946874593,17.67
USR_12028,Standard,High-Yield Savings,37,12,8551.88,2,2,1,At Risk,1,26,0,0.002066054946874593,17.67
USR_12042,Gold,Equities,81,16,8549.53,3,1,1,At Risk,0,43,0,0.002066054946874593,17.66
USR_10129,Gold,Equities,91,13,8549.47,3,2,1,At Risk,1,12,1,0.9954846203561771,8510.87
USR_11186,VIP Wealth,Equities,14,15,8544.039999999999,1,1,1,VIP,1,37,0,0.002066054946874593,17.65
USR_13220,Gold,Robo-Advisory,32,16,8541.409999999998,2,1,1,At Risk,1,36,0,0.002066054946874593,17.65
USR_13976,Standard,Crypto,48,11,8541.349999999999,2,2,1,At Risk,0,23,0,0.002066054946874593,17.65
USR_13685,VIP Wealth,Equities,75,13,8541.01,3,2,1,At Risk,0,32,0,0.002066054946874593,17.65
USR_11858,Standard,Equities,34,11,8539.32,2,2,1,At Risk,1,33,0,0.002066054946874593,17.64
USR_10740,Standard,Crypto,35,14,8537.44,2,1,1,At Risk,2,1,1,0.9954846203561771,8498.89
USR_12883,VIP Wealth,Equities,244,10,8536.84,3,2,1,At Risk,0,19,1,0.9954846203561771,8498.29
USR_11197,Gold,Equities,23,15,8533.32,1,1,1,VIP,0,20,0,0.002066054946874593,17.63
USR_12147,Standard,Equities,3,17,8527.92,1,1,1,VIP,2,41,0,0.002066054946874593,17.62
USR_11179,Standard,Crypto,18,17,8526.27,1,1,1,VIP,0,39,0,0.002066054946874593,17.62
USR_10504,Gold,Equities,51,21,8525.32,2,1,1,At Risk,1,38,0,0.002066054946874593,17.61
USR_10859,VIP Wealth,High-Yield Savings,74,15,8524.93,3,1,1,At Risk,3,24,0,0.002066054946874593,17.61
USR_13544,Standard,Robo-Advisory,202,14,8523.15,3,1,1,At Risk,0,23,1,0.9954846203561771,8484.66
USR_10230,Standard,Robo-Advisory,2,13,8521.329999999998,1,2,1,Lost / Inactive,0,1,1,0.9954846203561771,8482.85
USR_14259,VIP Wealth,Equities,32,18,8517.099999999999,2,1,1,At Risk,0,43,0,0.002066054946874593,17.6
USR_10083,Standard,Crypto,124,14,8516.769999999999,3,1,1,At Risk,0,41,1,0.9954846203561771,8478.31
USR_11960,VIP Wealth,Crypto,13,14,8513.73,1,1,1,VIP,0,37,0,0.002066054946874593,17.59
USR_12849,Standard,Equities,16,12,8511.479999999998,1,2,1,Lost / Inactive,0,25,0,0.002066054946874593,17.59
USR_12597,Standard,Robo-Advisory,5,14,8508.19,1,1,1,VIP,1,35,0,0.002066054946874593,17.58
USR_10672,Gold,Crypto,71,9,8505.72,3,3,1,At Risk,0,42,0,0.002066054946874593,17.57
USR_14676,Standard,Equities,77,17,8505.12,3,1,1,At Risk,1,44,0,0.002066054946874593,17.57
USR_12427,Gold,Robo-Advisory,5,15,8504.94,1,1,1,VIP,0,16,0,0.002066054946874593,17.57
USR_12571,Standard,Robo-Advisory,72,12,8499.109999999999,3,2,1,At Risk,0,11,0,0.002066054946874593,17.56
USR_11232,Gold,Equities,38,13,8491.6,2,2,1,At Risk,1,42,0,0.002066054946874593,17.54
USR_10640,Standard,Crypto,14,12,8490.63,1,2,1,Lost / Inactive,1,9,0,0.002066054946874593,17.54
USR_12653,Gold,Crypto,14,14,8489.689999999999,1,1,1,VIP,0,19,0,0.002066054946874593,17.54
USR_11738,Standard,Crypto,10,9,8486.14,1,3,1,Lost / Inactive,0,10,0,0.002066054946874593,17.53
USR_13931,VIP Wealth,High-Yield Savings,73,19,8483.29,3,1,1,At Risk,2,0,1,0.9954846203561771,8444.98
USR_13612,Gold,Crypto,83,18,8481.439999999999,3,1,1,At Risk,1,20,0,0.002066054946874593,17.52
USR_10106,Standard,Robo-Advisory,68,16,8479.68,3,1,1,At Risk,1,30,0,0.002066054946874593,17.52
USR_14163,Standard,Equities,28,10,8476.050000000001,2,3,1,At Risk,0,30,0,0.002066054946874593,17.51
USR_13446,Gold,Crypto,3,10,8475.05,1,3,1,Lost / Inactive,1,41,0,0.002066054946874593,17.51
USR_10185,Standard,Equities,12,16,8474.37,1,1,1,VIP,1,43,0,0.002066054946874593,17.51
USR_11643,VIP Wealth,Crypto,36,11,8457.359999999999,2,2,1,At Risk,0,37,0,0.002066054946874593,17.47
USR_12030,Standard,Crypto,84,15,8455.810000000001,3,1,1,At Risk,1,18,0,0.002066054946874593,17.47
USR_13186,Standard,Robo-Advisory,132,13,8454.43,3,1,1,At Risk,0,43,1,0.9954846203561771,8416.26
USR_10931,Standard,High-Yield Savings,45,18,8453.409999999998,2,1,1,At Risk,1,27,0,0.002066054946874593,17.47
USR_14927,VIP Wealth,Equities,14,8,8453.05,1,3,1,Lost / Inactive,1,36,0,0.002066054946874593,17.46
USR_13443,Gold,High-Yield Savings,9,15,8450.01,1,1,1,VIP,0,37,0,0.002066054946874593,17.46
USR_11070,Gold,Equities,131,8,8449.67,3,3,1,At Risk,3,4,1,0.9954846203561771,8411.52
USR_10659,Standard,Crypto,64,11,8448.59,2,2,1,At Risk,0,21,0,0.002066054946874593,17.46
USR_10641,Standard,High-Yield Savings,113,14,8448.559999999998,3,1,1,At Risk,0,35,1,0.9954846203561771,8410.41
USR_12833,Standard,Robo-Advisory,45,10,8447.68,2,3,1,At Risk,2,16,0,0.002066054946874593,17.45
USR_11975,Standard,Equities,38,14,8445.71,2,1,1,At Risk,1,40,0,0.002066054946874593,17.45
USR_10980,Standard,Equities,25,7,8445.68,2,3,1,At Risk,0,21,0,0.002066054946874593,17.45
USR_12410,VIP Wealth,Equities,63,13,8445.279999999999,2,2,1,At Risk,0,2,1,0.9954846203561771,8407.15
USR_13635,Gold,High-Yield Savings,56,11,8441.5,2,2,1,At Risk,0,25,0,0.002066054946874593,17.44
USR_14352,Gold,Robo-Advisory,45,12,8439.55,2,2,1,At Risk,1,11,0,0.002066054946874593,17.44
USR_13412,Gold,High-Yield Savings,19,17,8439.4,1,1,1,VIP,0,19,0,0.002066054946874593,17.44
USR_13870,Gold,Equities,3,15,8437.149999999998,1,1,1,VIP,2,30,0,0.002066054946874593,17.43
USR_14358,Standard,Crypto,8,12,8432.380000000001,1,2,1,Lost / Inactive,0,27,0,0.002066054946874593,17.42
USR_11917,Gold,High-Yield Savings,61,13,8432.22,2,2,1,At Risk,3,12,0,0.002066054946874593,17.42
USR_14816,Standard,High-Yield Savings,90,16,8430.52,3,1,1,At Risk,2,9,0,0.002066054946874593,17.42
USR_11919,Standard,Crypto,78,15,8427.02,3,1,1,At Risk,2,44,0,0.002066054946874593,17.41
USR_12697,Standard,Crypto,35,10,8426.44,2,3,1,At Risk,0,30,0,0.002066054946874593,17.41
USR_14139,VIP Wealth,Crypto,16,12,8422.119999999999,1,2,1,Lost / Inactive,1,20,0,0.002066054946874593,17.4
USR_13136,Standard,Robo-Advisory,43,9,8417.21,2,3,1,At Risk,0,43,0,0.002066054946874593,17.39
USR_10507,Standard,Robo-Advisory,20,10,8415.53,1,3,1,Lost / Inactive,0,13,0,0.002066054946874593,17.39
USR_12108,VIP Wealth,Equities,56,11,8413.62,2,2,1,At Risk,1,11,0,0.002066054946874593,17.38
USR_13133,Standard,Crypto,26,14,8412.970000000001,2,1,1,At Risk,0,30,0,0.002066054946874593,17.38
USR_14944,Standard,Equities,22,15,8410.859999999999,1,1,1,VIP,1,39,0,0.002066054946874593,17.38
USR_11608,Standard,Crypto,135,17,8410.640000000001,3,1,1,At Risk,1,17,1,0.9954846203561771,8372.66
USR_10624,Standard,Robo-Advisory,14,11,8409.0,1,2,1,Lost / Inactive,0,6,0,0.002066054946874593,17.37
USR_10140,Standard,Equities,56,11,8408.96,2,2,1,At Risk,2,43,0,0.002066054946874593,17.37
USR_14156,Standard,Crypto,66,13,8407.93,2,2,1,At Risk,1,10,0,0.002066054946874593,17.37
USR_14125,VIP Wealth,High-Yield Savings,28,19,8407.84,2,1,1,At Risk,2,13,0,0.002066054946874593,17.37
USR_10663,Standard,High-Yield Savings,123,12,8407.33,3,2,1,At Risk,1,9,1,0.9954846203561771,8369.37
USR_13755,Standard,Crypto,49,14,8406.52,2,1,1,At Risk,1,33,0,0.002066054946874593,17.37
USR_14546,VIP Wealth,Crypto,85,7,8404.79,3,3,1,At Risk,1,8,0,0.002066054946874593,17.36
USR_12474,Standard,Equities,10,11,8404.66,1,2,1,Lost / Inactive,1,18,0,0.002066054946874593,17.36
USR_13490,Standard,High-Yield Savings,11,14,8404.09,1,1,1,VIP,0,5,0,0.002066054946874593,17.36
USR_11372,Standard,High-Yield Savings,15,11,8403.019999999999,1,2,1,Lost / Inactive,1,0,1,0.9954846203561771,8365.08
USR_12125,Gold,Crypto,88,10,8402.92,3,3,1,At Risk,1,41,0,0.002066054946874593,17.36
USR_12475,Standard,High-Yield Savings,42,13,8400.980000000001,2,2,1,At Risk,3,4,1,0.9954846203561771,8363.05
USR_13227,Standard,High-Yield Savings,106,14,8399.730000000001,3,1,1,At Risk,1,44,1,0.9954846203561771,8361.8
USR_10915,VIP Wealth,Robo-Advisory,42,16,8394.52,2,1,1,At Risk,1,8,0,0.002066054946874593,17.34
USR_13268,Standard,Robo-Advisory,109,20,8394.289999999999,3,1,1,At Risk,2,15,1,0.9954846203561771,8356.39
USR_12564,Gold,Equities,52,16,8392.039999999999,2,1,1,At Risk,0,41,0,0.002066054946874593,17.34
USR_10244,Standard,High-Yield Savings,15,12,8386.74,1,2,1,Lost / Inactive,3,25,0,0.002066054946874593,17.33
USR_13300,Standard,High-Yield Savings,92,9,8385.060000000001,3,3,1,At Risk,1,28,1,0.9954846203561771,8347.2
USR_10233,Standard,Robo-Advisory,17,16,8378.279999999999,1,1,1,VIP,1,32,0,0.002066054946874593,17.31
USR_10588,Gold,Robo-Advisory,78,10,8371.55,3,3,1,At Risk,0,1,1,0.9954846203561771,8333.75
USR_10774,Standard,High-Yield Savings,163,12,8367.33,3,2,1,At Risk,0,14,1,0.9954846203561771,8329.55
USR_10682,VIP Wealth,Crypto,16,14,8363.449999999999,1,1,1,VIP,3,41,0,0.002066054946874593,17.28
USR_12445,Standard,High-Yield Savings,8,9,8362.89,1,3,1,Lost / Inactive,0,25,0,0.002066054946874593,17.28
USR_12575,Standard,High-Yield Savings,276,11,8360.76,3,2,1,At Risk,1,43,1,0.9954846203561771,8323.01
USR_10723,Gold,Robo-Advisory,33,12,8360.279999999999,2,2,1,At Risk,1,2,1,0.9954846203561771,8322.53
USR_14223,Standard,Equities,43,11,8355.599999999999,2,2,1,At Risk,0,29,0,0.002066054946874593,17.26
USR_12390,Gold,Equities,1,13,8355.560000000001,1,2,1,Lost / Inactive,2,25,0,0.002066054946874593,17.26
USR_14184,Gold,Equities,119,6,8352.71,3,3,1,At Risk,0,40,1,0.9954846203561771,8314.99
USR_10713,VIP Wealth,Equities,68,14,8346.01,3,1,1,At Risk,0,19,0,0.002066054946874593,17.24
USR_13191,Gold,Equities,55,7,8345.19,2,3,1,At Risk,0,43,0,0.002066054946874593,17.24
USR_11849,Standard,Equities,49,9,8344.9,2,3,1,At Risk,0,14,0,0.002066054946874593,17.24
USR_12378,Standard,High-Yield Savings,82,12,8342.51,3,2,1,At Risk,1,0,1,0.9954846203561771,8304.84
USR_12405,Standard,High-Yield Savings,149,13,8341.059999999998,3,1,1,At Risk,0,37,1,0.9954846203561771,8303.4
USR_10307,Standard,Crypto,19,18,8336.52,1,1,1,VIP,1,11,0,0.002066054946874593,17.22
USR_10362,Gold,Crypto,83,11,8334.119999999999,3,2,1,At Risk,1,43,0,0.002066054946874593,17.22
USR_12614,Standard,Equities,59,16,8332.130000000001,2,1,1,At Risk,1,29,0,0.002066054946874593,17.21
USR_11340,Standard,Crypto,3,16,8330.88,1,1,1,VIP,1,18,0,0.002066054946874593,17.21
USR_12356,Standard,Equities,98,12,8329.73,3,2,1,At Risk,2,10,1,0.9954846203561771,8292.12
USR_10913,Standard,Crypto,104,10,8325.78,3,2,1,At Risk,1,25,1,0.9954846203561771,8288.19
USR_12949,Standard,High-Yield Savings,102,13,8321.49,3,1,1,At Risk,1,30,1,0.9954846203561771,8283.92
USR_10197,Gold,Robo-Advisory,7,14,8321.1,1,1,1,VIP,0,12,0,0.002066054946874593,17.19
USR_11288,Standard,Crypto,17,18,8320.96,1,1,1,VIP,0,44,0,0.002066054946874593,17.19
USR_13307,Standard,Equities,26,15,8319.71,2,1,1,At Risk,0,24,0,0.002066054946874593,17.19
USR_10996,Standard,Crypto,187,10,8313.67,3,3,1,At Risk,0,10,1,0.9954846203561771,8276.13
USR_12900,Gold,High-Yield Savings,8,10,8309.75,1,3,1,Lost / Inactive,1,44,0,0.002066054946874593,17.17
USR_14331,Standard,Crypto,40,12,8309.259999999998,2,2,1,At Risk,2,1,1,0.9954846203561771,8271.74
USR_11836,Standard,Robo-Advisory,133,9,8307.27,3,3,1,At Risk,1,25,1,0.9954846203561771,8269.76
USR_12749,Standard,Robo-Advisory,35,19,8303.37,2,1,1,At Risk,2,40,0,0.002066054946874593,17.16
USR_11882,Standard,Crypto,91,13,8302.44,3,2,1,At Risk,0,15,1,0.9954846203561771,8264.95
USR_13878,Gold,Robo-Advisory,76,15,8299.4,3,1,1,At Risk,0,7,0,0.002066054946874593,17.15
USR_14761,Standard,Crypto,62,15,8294.140000000001,2,1,1,At Risk,0,35,0,0.002066054946874593,17.14
USR_13134,Standard,Crypto,122,13,8292.710000000001,3,1,1,At Risk,0,35,1,0.9954846203561771,8255.27
USR_11949,Gold,Robo-Advisory,89,12,8291.16,3,2,1,At Risk,1,44,0,0.002066054946874593,17.13
USR_11731,Standard,Crypto,38,15,8290.32,2,1,1,At Risk,0,18,0,0.002066054946874593,17.13
USR_12537,Standard,Equities,21,17,8284.85,1,1,1,VIP,2,8,0,0.002066054946874593,17.12
USR_11206,VIP Wealth,High-Yield Savings,63,10,8283.79,2,3,1,At Risk,3,18,0,0.002066054946874593,17.11
USR_13587,Standard,Equities,17,11,8282.539999999999,1,2,1,Lost / Inactive,0,32,0,0.002066054946874593,17.11
USR_12895,VIP Wealth,Equities,10,15,8278.140000000001,1,1,1,VIP,0,40,0,0.002066054946874593,17.1
USR_12094,Standard,Crypto,155,17,8275.429999999998,3,1,1,At Risk,0,3,1,0.9954846203561771,8238.06
USR_11072,Gold,Equities,9,17,8274.97,1,1,1,VIP,0,41,0,0.002066054946874593,17.1
USR_12879,Gold,High-Yield Savings,33,14,8274.56,2,1,1,At Risk,3,41,0,0.002066054946874593,17.1
USR_10684,Standard,High-Yield Savings,98,13,8274.41,3,2,1,At Risk,1,36,1,0.9954846203561771,8237.05
USR_14735,Gold,Robo-Advisory,43,11,8271.699999999999,2,2,1,At Risk,1,33,0,0.002066054946874593,17.09
USR_13647,Standard,High-Yield Savings,105,12,8270.71,3,2,1,At Risk,1,13,1,0.9954846203561771,8233.36
USR_11703,Standard,Robo-Advisory,152,16,8270.439999999997,3,1,1,At Risk,2,12,1,0.9954846203561771,8233.1
USR_11095,Standard,Equities,34,11,8269.27,2,2,1,At Risk,1,5,0,0.002066054946874593,17.08
USR_14561,Standard,Robo-Advisory,1,14,8269.16,1,1,1,VIP,1,38,0,0.002066054946874593,17.08
USR_11799,Gold,Crypto,7,12,8267.41,1,2,1,Lost / Inactive,0,32,0,0.002066054946874593,17.08
USR_14274,Gold,Equities,20,10,8267.05,1,3,1,Lost / Inactive,2,13,0,0.002066054946874593,17.08
USR_10584,Standard,High-Yield Savings,115,12,8264.300000000001,3,2,1,At Risk,1,12,1,0.9954846203561771,8226.98
USR_10021,Standard,High-Yield Savings,33,10,8261.099999999999,2,3,1,At Risk,3,1,1,0.9954846203561771,8223.8
USR_12830,Standard,Crypto,1,16,8256.609999999999,1,1,1,VIP,1,40,0,0.002066054946874593,17.06
USR_14686,Gold,Equities,13,9,8255.250000000002,1,3,1,Lost / Inactive,0,0,1,0.9954846203561771,8217.97
USR_13165,Gold,Crypto,44,13,8254.65,2,2,1,At Risk,2,31,0,0.002066054946874593,17.05
USR_12502,VIP Wealth,Crypto,16,10,8254.19,1,3,1,Lost / Inactive,1,26,0,0.002066054946874593,17.05
USR_12851,Standard,Equities,53,9,8253.779999999999,2,3,1,At Risk,1,36,0,0.002066054946874593,17.05
USR_11930,VIP Wealth,Equities,70,15,8252.460000000001,3,1,1,At Risk,3,34,0,0.002066054946874593,17.05
USR_10457,Standard,Crypto,134,12,8250.23,3,2,1,At Risk,0,31,1,0.9954846203561771,8212.98
USR_13601,Standard,Equities,23,17,8250.119999999999,1,1,1,VIP,1,15,0,0.002066054946874593,17.05
USR_14131,Standard,Equities,133,12,8246.39,3,2,1,At Risk,1,18,1,0.9954846203561771,8209.15
USR_14325,Standard,Crypto,24,17,8245.769999999999,1,1,1,VIP,0,16,0,0.002066054946874593,17.04
USR_13639,Standard,Equities,35,19,8245.53,2,1,1,At Risk,2,4,1,0.9954846203561771,8208.3
USR_12463,VIP Wealth,Crypto,38,13,8239.39,2,2,1,At Risk,3,39,0,0.002066054946874593,17.02
USR_14165,Standard,Equities,45,9,8236.759999999998,2,3,1,At Risk,0,15,0,0.002066054946874593,17.02
USR_10389,Gold,Robo-Advisory,53,18,8227.990000000002,2,1,1,At Risk,0,25,0,0.002066054946874593,17.0
USR_11463,Gold,Equities,133,9,8224.85,3,3,1,At Risk,0,9,1,0.9954846203561771,8187.71
USR_14246,Standard,Crypto,18,13,8220.7,1,2,1,Lost / Inactive,0,39,0,0.002066054946874593,16.98
USR_12229,Gold,High-Yield Savings,8,13,8219.32,1,1,1,VIP,2,23,0,0.002066054946874593,16.98
USR_13361,Gold,Robo-Advisory,150,11,8218.9,3,2,1,At Risk,2,25,1,0.9954846203561771,8181.79
USR_10502,Standard,High-Yield Savings,72,11,8215.89,3,2,1,At Risk,0,34,0,0.002066054946874593,16.97
USR_12784,Standard,Equities,95,13,8215.75,3,2,1,At Risk,1,32,1,0.9954846203561771,8178.65
USR_14795,Standard,High-Yield Savings,9,10,8213.210000000001,1,3,1,Lost / Inactive,1,18,0,0.002066054946874593,16.97
USR_14361,Standard,High-Yield Savings,28,9,8212.42,2,3,1,At Risk,0,4,1,0.9954846203561771,8175.34
USR_11026,Gold,Crypto,47,16,8210.68,2,1,1,At Risk,1,8,0,0.002066054946874593,16.96
USR_11158,Standard,Equities,93,12,8207.62,3,2,1,At Risk,0,34,1,0.9954846203561771,8170.56
USR_11127,Gold,Equities,25,12,8206.86,2,2,1,At Risk,0,8,0,0.002066054946874593,16.96
USR_14841,VIP Wealth,Crypto,177,12,8204.5,3,2,1,At Risk,0,10,1,0.9954846203561771,8167.45
USR_13683,Gold,Equities,38,12,8202.050000000001,2,2,1,At Risk,1,9,0,0.002066054946874593,16.95
USR_10150,Standard,High-Yield Savings,18,15,8196.49,1,1,1,VIP,0,5,0,0.002066054946874593,16.93
USR_10196,Gold,Equities,50,16,8196.18,2,1,1,At Risk,0,12,0,0.002066054946874593,16.93
USR_10823,Standard,Robo-Advisory,97,12,8188.86,3,2,1,At Risk,1,24,1,0.9954846203561771,8151.88
USR_12325,Gold,Equities,51,15,8188.0999999999985,2,1,1,At Risk,2,25,0,0.002066054946874593,16.92
USR_10814,Gold,Equities,108,12,8187.63,3,2,1,At Risk,1,10,1,0.9954846203561771,8150.66
USR_12255,Standard,Crypto,94,12,8186.42,3,2,1,At Risk,1,32,1,0.9954846203561771,8149.46
USR_14086,Gold,Equities,66,16,8182.63,2,1,1,At Risk,1,28,0,0.002066054946874593,16.91
USR_10218,Standard,Robo-Advisory,104,13,8182.53,3,1,1,At Risk,3,34,1,0.9954846203561771,8145.58
USR_14740,Standard,High-Yield Savings,55,10,8178.499999999999,2,3,1,At Risk,2,31,0,0.002066054946874593,16.9
USR_14982,Standard,Robo-Advisory,119,14,8175.48,3,1,1,At Risk,2,40,1,0.9954846203561771,8138.56
USR_10036,Standard,Equities,9,7,8169.18,1,3,1,Lost / Inactive,0,8,0,0.002066054946874593,16.88
USR_10481,Standard,Equities,285,9,8167.719999999999,3,3,1,At Risk,4,38,1,0.9954846203561771,8130.84
USR_10005,Gold,Crypto,53,14,8167.679999999999,2,1,1,At Risk,1,36,0,0.002066054946874593,16.87
USR_12699,Standard,Crypto,19,16,8166.75,1,1,1,VIP,0,21,0,0.002066054946874593,16.87
USR_12062,Standard,Equities,1,12,8165.19,1,2,1,Lost / Inactive,0,35,0,0.002066054946874593,16.87
USR_14485,Gold,Crypto,5,12,8164.84,1,2,1,Lost / Inactive,1,4,1,0.9954846203561771,8127.97
USR_14811,VIP Wealth,Equities,6,14,8164.5599999999995,1,1,1,VIP,0,28,0,0.002066054946874593,16.87
USR_10911,VIP Wealth,Crypto,15,12,8164.409999999999,1,2,1,Lost / Inactive,1,42,0,0.002066054946874593,16.87
USR_14715,Standard,High-Yield Savings,7,14,8163.280000000001,1,1,1,VIP,1,10,0,0.002066054946874593,16.87
USR_14029,Standard,Equities,117,14,8159.58,3,1,1,At Risk,2,10,1,0.9954846203561771,8122.74
USR_13374,Standard,Equities,91,13,8157.57,3,2,1,At Risk,0,20,1,0.9954846203561771,8120.74
USR_14431,Standard,High-Yield Savings,20,21,8157.370000000001,1,1,1,VIP,1,19,0,0.002066054946874593,16.85
USR_13880,Standard,Equities,3,12,8152.380000000001,1,2,1,Lost / Inactive,0,9,0,0.002066054946874593,16.84
USR_13869,VIP Wealth,Equities,5,15,8151.59,1,1,1,VIP,0,37,0,0.002066054946874593,16.84
USR_10912,Standard,Equities,31,10,8150.789999999999,2,3,1,At Risk,0,29,0,0.002066054946874593,16.84
USR_12807,Standard,High-Yield Savings,19,9,8149.05,1,3,1,Lost / Inactive,0,10,0,0.002066054946874593,16.84
USR_12464,Gold,Crypto,15,13,8148.989999999999,1,2,1,Lost / Inactive,2,22,0,0.002066054946874593,16.84
USR_14374,Standard,High-Yield Savings,3,13,8148.9,1,2,1,Lost / Inactive,1,4,1,0.9954846203561771,8112.1
USR_13828,Gold,Crypto,37,9,8145.53,2,3,1,At Risk,0,37,0,0.002066054946874593,16.83
USR_12500,Standard,Robo-Advisory,96,13,8145.18,3,2,1,At Risk,0,15,1,0.9954846203561771,8108.4
USR_14105,VIP Wealth,Equities,110,13,8143.32,3,1,1,At Risk,0,10,1,0.9954846203561771,8106.55
USR_13310,Standard,Crypto,22,10,8142.64,1,3,1,Lost / Inactive,1,6,0,0.002066054946874593,16.82
USR_11147,Gold,Equities,1,17,8139.5700000000015,1,1,1,VIP,0,40,0,0.002066054946874593,16.82
USR_11785,Standard,Robo-Advisory,33,17,8136.659999999999,2,1,1,At Risk,1,12,0,0.002066054946874593,16.81
USR_13061,Standard,Equities,11,15,8134.410000000001,1,1,1,VIP,0,18,0,0.002066054946874593,16.81
USR_12703,Standard,Equities,97,14,8132.179999999999,3,1,1,At Risk,1,1,1,0.9954846203561771,8095.46
USR_14471,Standard,High-Yield Savings,211,14,8132.179999999999,3,1,1,At Risk,3,24,1,0.9954846203561771,8095.46
USR_10357,Standard,Robo-Advisory,1,13,8128.99,1,2,1,Lost / Inactive,1,26,0,0.002066054946874593,16.79
USR_13467,VIP Wealth,Equities,85,12,8128.13,3,2,1,At Risk,1,26,0,0.002066054946874593,16.79
USR_10815,Gold,Equities,144,15,8126.68,3,1,1,At Risk,0,14,1,0.9954846203561771,8089.98
USR_10386,Gold,Robo-Advisory,25,14,8126.07,2,1,1,At Risk,0,35,0,0.002066054946874593,16.79
USR_11764,Standard,Crypto,114,4,8124.19,3,3,1,At Risk,0,35,1,0.9954846203561771,8087.51
USR_13704,Standard,Equities,41,17,8123.87,2,1,1,At Risk,0,26,0,0.002066054946874593,16.78
USR_12454,VIP Wealth,Robo-Advisory,87,15,8122.3099999999995,3,1,1,At Risk,0,9,0,0.002066054946874593,16.78
USR_10741,Standard,Crypto,16,18,8120.830000000001,1,1,1,VIP,1,37,0,0.002066054946874593,16.78
USR_10474,Standard,Equities,277,9,8119.639999999999,3,3,1,At Risk,2,13,1,0.9954846203561771,8082.98
USR_11389,Gold,Crypto,87,10,8116.21,3,3,1,At Risk,1,12,0,0.002066054946874593,16.77
USR_11500,Standard,High-Yield Savings,14,12,8113.159999999999,1,2,1,Lost / Inactive,1,39,0,0.002066054946874593,16.76
USR_14226,Standard,Crypto,16,16,8109.260000000001,1,1,1,VIP,0,36,0,0.002066054946874593,16.75
USR_10616,Standard,Crypto,30,12,8108.200000000001,2,2,1,At Risk,1,38,0,0.002066054946874593,16.75
USR_10995,Gold,Crypto,25,14,8105.84,2,1,1,At Risk,0,12,0,0.002066054946874593,16.75
USR_12526,Gold,Equities,42,15,8105.449999999999,2,1,1,At Risk,2,29,0,0.002066054946874593,16.75
USR_13285,Gold,Robo-Advisory,24,14,8101.740000000001,1,1,1,VIP,0,35,0,0.002066054946874593,16.74
USR_10432,Gold,High-Yield Savings,43,15,8097.68,2,1,1,At Risk,2,14,0,0.002066054946874593,16.73
USR_14683,Gold,Robo-Advisory,65,15,8095.6,2,1,1,At Risk,0,40,0,0.002066054946874593,16.73
USR_11952,Standard,Robo-Advisory,11,15,8094.810000000001,1,1,1,VIP,0,18,0,0.002066054946874593,16.72
USR_11109,Gold,Crypto,11,16,8088.12,1,1,1,VIP,0,1,1,0.9954846203561771,8051.6
USR_12668,Gold,High-Yield Savings,29,18,8084.679999999999,2,1,1,At Risk,1,21,0,0.002066054946874593,16.7
USR_13566,Standard,Equities,37,15,8083.6900000000005,2,1,1,At Risk,1,7,0,0.002066054946874593,16.7
USR_11107,Standard,Equities,5,14,8079.2,1,1,1,VIP,0,36,0,0.002066054946874593,16.69
USR_12077,Gold,High-Yield Savings,54,13,8078.650000000001,2,2,1,At Risk,0,18,0,0.002066054946874593,16.69
USR_14949,VIP Wealth,Equities,101,7,8078.52,3,3,1,At Risk,1,37,1,0.9954846203561771,8042.04
USR_14076,Standard,Equities,21,15,8076.210000000001,1,1,1,VIP,0,35,0,0.002066054946874593,16.69
USR_11048,VIP Wealth,Crypto,19,20,8075.25,1,1,1,VIP,2,10,0,0.002066054946874593,16.68
USR_11735,Standard,Crypto,128,14,8074.98,3,1,1,At Risk,1,23,1,0.9954846203561771,8038.52
USR_10813,Standard,Crypto,91,10,8074.64,3,3,1,At Risk,1,12,1,0.9954846203561771,8038.18
USR_14725,Standard,Crypto,10,9,8072.15,1,3,1,Lost / Inactive,1,43,0,0.002066054946874593,16.68
USR_11813,Standard,Equities,176,11,8071.189999999999,3,2,1,At Risk,1,27,1,0.9954846203561771,8034.75
USR_14545,Gold,Equities,36,15,8070.9400000000005,2,1,1,At Risk,1,10,0,0.002066054946874593,16.68
USR_13144,VIP Wealth,Crypto,42,8,8067.96,2,3,1,At Risk,1,34,0,0.002066054946874593,16.67
USR_10446,Gold,High-Yield Savings,45,11,8064.400000000001,2,2,1,At Risk,0,12,0,0.002066054946874593,16.66
USR_12280,Standard,High-Yield Savings,12,8,8063.800000000001,1,3,1,Lost / Inactive,1,13,0,0.002066054946874593,16.66
USR_11368,Standard,Crypto,16,9,8061.080000000001,1,3,1,Lost / Inactive,0,37,0,0.002066054946874593,16.65
USR_10178,Standard,Crypto,20,17,8058.01,1,1,1,VIP,0,0,1,0.9954846203561771,8021.63
USR_14220,Standard,Robo-Advisory,20,16,8057.579999999999,1,1,1,VIP,2,34,0,0.002066054946874593,16.65
USR_12032,Standard,Equities,28,12,8055.050000000001,2,2,1,At Risk,1,43,0,0.002066054946874593,16.64
USR_10183,Gold,High-Yield Savings,152,12,8053.939999999999,3,2,1,At Risk,1,0,1,0.9954846203561771,8017.57
USR_14210,Gold,Robo-Advisory,4,16,8053.450000000002,1,1,1,VIP,1,5,0,0.002066054946874593,16.64
USR_11081,Standard,Robo-Advisory,93,16,8050.999999999999,3,1,1,At Risk,0,43,1,0.9954846203561771,8014.65
USR_11011,Standard,Crypto,55,9,8048.1,2,3,1,At Risk,0,39,0,0.002066054946874593,16.63
USR_13007,VIP Wealth,Equities,22,11,8045.97,1,2,1,Lost / Inactive,1,18,0,0.002066054946874593,16.62
USR_13159,Standard,Equities,55,15,8045.52,2,1,1,At Risk,1,24,0,0.002066054946874593,16.62
USR_14200,Standard,Robo-Advisory,51,16,8044.659999999999,2,1,1,At Risk,0,31,0,0.002066054946874593,16.62
USR_13358,Gold,High-Yield Savings,24,15,8041.1,1,1,1,VIP,1,0,1,0.9954846203561771,8004.79
USR_14957,Standard,High-Yield Savings,70,14,8037.369999999999,3,1,1,At Risk,0,18,0,0.002066054946874593,16.61
USR_12618,Gold,High-Yield Savings,6,12,8036.500000000001,1,2,1,Lost / Inactive,1,27,0,0.002066054946874593,16.6
USR_12983,Standard,Crypto,29,12,8033.379999999999,2,2,1,At Risk,0,22,0,0.002066054946874593,16.6
USR_13143,Standard,Robo-Advisory,29,14,8030.15,2,1,1,At Risk,1,38,0,0.002066054946874593,16.59
USR_10221,Standard,Robo-Advisory,79,16,8028.639999999999,3,1,1,At Risk,1,30,0,0.002066054946874593,16.59
USR_11367,Gold,Crypto,99,17,8027.809999999999,3,1,1,At Risk,0,14,1,0.9954846203561771,7991.56
USR_12702,Standard,Equities,48,14,8023.34,2,1,1,At Risk,1,37,0,0.002066054946874593,16.58
USR_12419,Standard,High-Yield Savings,39,19,8022.699999999999,2,1,1,At Risk,0,11,0,0.002066054946874593,16.58
USR_12920,Gold,High-Yield Savings,23,14,8021.91,1,1,1,VIP,1,10,0,0.002066054946874593,16.57
USR_12288,Standard,Equities,38,13,8021.0599999999995,2,2,1,At Risk,1,18,0,0.002066054946874593,16.57
USR_10137,Standard,High-Yield Savings,23,14,8020.959999999999,1,1,1,VIP,0,3,1,0.9954846203561771,7984.74
USR_14581,Standard,High-Yield Savings,107,14,8019.179999999999,3,1,1,At Risk,1,7,1,0.9954846203561771,7982.97
USR_14258,Standard,Equities,3,12,8017.22,1,2,1,Lost / Inactive,1,36,0,0.002066054946874593,16.56
USR_12170,Standard,Crypto,3,11,8016.799999999999,1,2,1,Lost / Inactive,1,11,0,0.002066054946874593,16.56
USR_12011,Standard,High-Yield Savings,113,9,8015.55,3,3,1,At Risk,1,15,1,0.9954846203561771,7979.36
USR_11714,Gold,Equities,12,12,8012.7699999999995,1,2,1,Lost / Inactive,0,17,0,0.002066054946874593,16.55
USR_13410,Standard,Crypto,19,10,8010.81,1,3,1,Lost / Inactive,1,41,0,0.002066054946874593,16.55
USR_13916,Standard,Equities,59,10,8009.63,2,3,1,At Risk,0,39,0,0.002066054946874593,16.55
USR_10370,Standard,Robo-Advisory,15,11,8009.01,1,2,1,Lost / Inactive,0,34,0,0.002066054946874593,16.55
USR_13999,Standard,Crypto,62,15,8007.320000000001,2,1,1,At Risk,2,19,0,0.002066054946874593,16.54
USR_12119,Standard,Equities,35,14,8003.129999999999,2,1,1,At Risk,1,27,0,0.002066054946874593,16.53
USR_10482,Standard,Equities,7,12,8002.28,1,2,1,Lost / Inactive,3,44,0,0.002066054946874593,16.53
USR_11139,Standard,Equities,35,17,8001.800000000001,2,1,1,At Risk,0,41,0,0.002066054946874593,16.53
USR_13680,Standard,High-Yield Savings,11,12,7999.149999999999,1,2,1,Lost / Inactive,0,44,0,0.002066054946874593,16.53
USR_10918,Standard,Crypto,1,18,7982.93,1,1,1,VIP,0,12,0,0.002066054946874593,16.49
USR_14134,Standard,Crypto,85,8,7980.46,3,3,1,At Risk,1,31,0,0.002066054946874593,16.49
USR_13160,Standard,Equities,2,16,7979.860000000001,1,1,1,VIP,0,1,1,0.9954846203561771,7943.83
USR_10302,Gold,Robo-Advisory,69,12,7977.88,3,2,1,At Risk,1,36,0,0.002066054946874593,16.48
USR_13052,Standard,Equities,16,12,7974.090000000001,1,2,1,Lost / Inactive,2,1,1,0.9954846203561771,7938.08
USR_10587,Standard,High-Yield Savings,2,17,7972.509999999999,1,1,1,VIP,0,18,0,0.002066054946874593,16.47
USR_10761,Standard,High-Yield Savings,33,17,7972.35,2,1,1,At Risk,0,29,0,0.002066054946874593,16.47
USR_11739,Gold,High-Yield Savings,65,11,7971.16,2,2,1,At Risk,1,1,1,0.9954846203561771,7935.17
USR_11525,Gold,Robo-Advisory,130,11,7970.59,3,2,1,At Risk,2,29,1,0.9954846203561771,7934.6
USR_11029,Standard,Crypto,156,11,7968.44,3,2,1,At Risk,1,20,1,0.9954846203561771,7932.46
USR_12663,Standard,Crypto,9,11,7967.38,1,2,1,Lost / Inactive,1,34,0,0.002066054946874593,16.46
USR_10519,Gold,Equities,36,9,7964.280000000001,2,3,1,At Risk,0,30,0,0.002066054946874593,16.45
USR_10754,Standard,High-Yield Savings,29,10,7963.7300000000005,2,3,2,At Risk,1,34,0,0.002066054946874593,16.45
USR_13339,Standard,High-Yield Savings,19,13,7963.179999999999,1,2,2,Lost / Inactive,3,3,1,0.9954846203561771,7927.22
USR_12275,Gold,Equities,13,18,7963.039999999999,1,1,2,Lost / Inactive,0,10,0,0.002066054946874593,16.45
USR_11052,VIP Wealth,High-Yield Savings,91,14,7962.31,3,1,2,At Risk,0,21,1,0.9954846203561771,7926.36
USR_13044,Standard,High-Yield Savings,57,14,7961.150000000001,2,1,2,At Risk,0,30,0,0.002066054946874593,16.45
USR_12740,VIP Wealth,Robo-Advisory,28,9,7959.16,2,3,2,At Risk,2,27,0,0.002066054946874593,16.44
USR_14481,Standard,Crypto,97,13,7950.099999999999,3,2,2,At Risk,0,4,1,0.9954846203561771,7914.2
USR_11469,Gold,High-Yield Savings,49,13,7948.349999999999,2,2,2,At Risk,1,33,0,0.002066054946874593,16.42
USR_10295,Gold,Crypto,15,13,7946.280000000001,1,2,2,Lost / Inactive,1,37,0,0.002066054946874593,16.42
USR_12923,Standard,High-Yield Savings,4,14,7943.750000000001,1,1,2,Lost / Inactive,0,4,1,0.9954846203561771,7907.88
USR_10862,Standard,Crypto,27,14,7936.7699999999995,2,1,2,At Risk,1,43,0,0.002066054946874593,16.4
USR_10992,Standard,Equities,26,11,7935.16,2,2,2,At Risk,0,36,0,0.002066054946874593,16.39
USR_10110,Standard,Equities,6,9,7930.660000000001,1,3,2,Lost / Inactive,2,2,1,0.9954846203561771,7894.85
USR_12543,Standard,Robo-Advisory,125,13,7927.53,3,1,2,At Risk,0,34,1,0.9954846203561771,7891.73
USR_14145,Standard,High-Yield Savings,34,15,7927.330000000001,2,1,2,At Risk,2,11,0,0.002066054946874593,16.38
USR_13891,Gold,Equities,70,8,7922.889999999999,3,3,2,At Risk,2,14,0,0.002066054946874593,16.37
USR_11581,Standard,High-Yield Savings,25,10,7920.860000000001,2,3,2,At Risk,0,43,0,0.002066054946874593,16.36
USR_14316,Gold,Robo-Advisory,72,18,7920.400000000001,3,1,2,At Risk,0,16,0,0.002066054946874593,16.36
USR_12465,Gold,High-Yield Savings,1,11,7919.0599999999995,1,2,2,Lost / Inactive,0,39,0,0.002066054946874593,16.36
USR_10960,Gold,Robo-Advisory,15,11,7918.57,1,2,2,Lost / Inactive,0,23,0,0.002066054946874593,16.36
USR_12146,Standard,Crypto,9,13,7918.08,1,2,2,Lost / Inactive,1,4,1,0.9954846203561771,7882.33
USR_11885,Standard,High-Yield Savings,158,12,7914.699999999999,3,2,2,At Risk,0,33,1,0.9954846203561771,7878.96
USR_14093,VIP Wealth,Crypto,13,14,7914.659999999998,1,1,2,Lost / Inactive,1,14,0,0.002066054946874593,16.35
USR_13638,Gold,Equities,58,14,7913.42,2,1,2,At Risk,1,3,1,0.9954846203561771,7877.69
USR_11796,Standard,Equities,402,8,7912.0,3,3,2,At Risk,0,18,1,0.9954846203561771,7876.27
USR_11579,Standard,Crypto,64,13,7903.880000000001,2,2,2,At Risk,1,1,1,0.9954846203561771,7868.19
USR_10832,Standard,Equities,61,11,7903.76,2,2,2,At Risk,0,18,0,0.002066054946874593,16.33
USR_11804,Standard,Equities,39,14,7902.82,2,1,2,At Risk,0,5,0,0.002066054946874593,16.33
USR_10585,VIP Wealth,Crypto,160,7,7902.72,3,3,2,At Risk,0,33,1,0.9954846203561771,7867.04
USR_12168,Gold,Crypto,40,10,7902.2699999999995,2,3,2,At Risk,1,27,0,0.002066054946874593,16.33
USR_13276,Standard,Robo-Advisory,130,12,7900.0,3,2,2,At Risk,1,14,1,0.9954846203561771,7864.33
USR_12541,Standard,Robo-Advisory,67,12,7898.53,3,2,2,At Risk,2,32,0,0.002066054946874593,16.32
USR_10270,Standard,High-Yield Savings,139,11,7895.619999999999,3,2,2,At Risk,0,9,1,0.9954846203561771,7859.97
USR_14046,Standard,Equities,21,9,7895.0599999999995,1,3,2,Lost / Inactive,0,32,0,0.002066054946874593,16.31
USR_13274,Gold,Equities,80,7,7893.460000000001,3,3,2,At Risk,0,9,0,0.002066054946874593,16.31
USR_14678,Standard,High-Yield Savings,25,7,7892.9,1,3,2,Lost / Inactive,1,22,0,0.002066054946874593,16.31
USR_13686,Standard,Crypto,21,11,7892.840000000001,1,2,2,Lost / Inactive,0,38,0,0.002066054946874593,16.31
USR_10833,VIP Wealth,Equities,78,9,7892.57,3,3,2,At Risk,0,27,0,0.002066054946874593,16.31
USR_12377,Standard,Robo-Advisory,61,15,7892.0599999999995,2,1,2,At Risk,4,8,0,0.002066054946874593,16.31
USR_13565,Gold,Equities,88,13,7891.620000000001,3,2,2,At Risk,1,8,0,0.002066054946874593,16.3
USR_12292,Gold,High-Yield Savings,132,12,7889.929999999999,3,2,2,At Risk,0,13,1,0.9954846203561771,7854.3
USR_10593,Standard,Equities,98,16,7889.120000000001,3,1,2,At Risk,0,23,1,0.9954846203561771,7853.5
USR_11343,Gold,Equities,5,14,7886.39,1,1,2,Lost / Inactive,0,36,0,0.002066054946874593,16.29
USR_13433,Standard,Equities,1,14,7883.15,1,1,2,Lost / Inactive,3,28,0,0.002066054946874593,16.29
USR_13190,Standard,Crypto,43,13,7879.470000000001,2,2,2,At Risk,1,0,1,0.9954846203561771,7843.89
USR_12760,Standard,Crypto,50,15,7878.87,2,1,2,At Risk,2,2,1,0.9954846203561771,7843.29
USR_10276,Gold,Crypto,165,15,7874.719999999999,3,1,2,At Risk,2,14,1,0.9954846203561771,7839.16
USR_11276,Standard,Equities,12,12,7871.859999999999,1,2,2,Lost / Inactive,2,19,0,0.002066054946874593,16.26
USR_11951,Standard,Equities,14,13,7868.79,1,2,2,Lost / Inactive,0,14,0,0.002066054946874593,16.26
USR_10791,Standard,High-Yield Savings,12,12,7866.299999999999,1,2,2,Lost / Inactive,0,22,0,0.002066054946874593,16.25
USR_12394,Standard,Equities,31,13,7865.639999999999,2,2,2,At Risk,1,23,0,0.002066054946874593,16.25
USR_10981,Standard,Crypto,104,10,7863.639999999999,3,2,2,At Risk,0,12,1,0.9954846203561771,7828.13
USR_10288,Standard,Equities,13,15,7860.860000000001,1,1,2,Lost / Inactive,0,6,0,0.002066054946874593,16.24
USR_11217,Standard,Equities,132,11,7859.0599999999995,3,2,2,At Risk,1,27,1,0.9954846203561771,7823.57
USR_12099,Standard,High-Yield Savings,23,17,7858.810000000001,1,1,2,Lost / Inactive,0,27,0,0.002066054946874593,16.24
USR_14484,Gold,Robo-Advisory,189,9,7856.9800000000005,3,3,2,At Risk,0,26,1,0.9954846203561771,7821.5
USR_11523,Standard,Equities,2,15,7856.31,1,1,2,Lost / Inactive,2,36,0,0.002066054946874593,16.23
USR_14632,Standard,Crypto,22,13,7856.200000000001,1,2,2,Lost / Inactive,1,13,0,0.002066054946874593,16.23
USR_10470,Standard,Equities,65,12,7855.280000000002,2,2,2,At Risk,0,21,0,0.002066054946874593,16.23
USR_12934,Gold,Equities,42,18,7854.979999999998,2,1,2,At Risk,1,28,0,0.002066054946874593,16.23
USR_12218,Standard,Robo-Advisory,3,16,7848.249999999999,1,1,2,Lost / Inactive,2,44,0,0.002066054946874593,16.21
USR_11825,Gold,Equities,27,9,7847.76,2,3,2,At Risk,1,3,1,0.9954846203561771,7812.32
USR_10779,Standard,Equities,60,11,7840.599999999999,2,2,2,At Risk,4,28,0,0.002066054946874593,16.2
USR_14345,VIP Wealth,Equities,68,8,7837.06,3,3,2,At Risk,1,42,0,0.002066054946874593,16.19
USR_11371,Standard,Crypto,10,16,7836.23,1,1,2,Lost / Inactive,1,23,0,0.002066054946874593,16.19
USR_14173,Standard,Equities,9,12,7833.799999999999,1,2,2,Lost / Inactive,1,16,0,0.002066054946874593,16.19
USR_12429,VIP Wealth,Equities,39,12,7830.51,2,2,2,At Risk,1,18,0,0.002066054946874593,16.18
USR_12047,Gold,Equities,2,8,7829.17,1,3,2,Lost / Inactive,1,27,0,0.002066054946874593,16.18
USR_14236,VIP Wealth,Crypto,21,15,7828.92,1,1,2,Lost / Inactive,1,25,0,0.002066054946874593,16.17
USR_13817,Standard,High-Yield Savings,3,16,7824.600000000001,1,1,2,Lost / Inactive,1,44,0,0.002066054946874593,16.17
USR_14026,Gold,High-Yield Savings,101,14,7822.95,3,1,2,At Risk,1,22,1,0.9954846203561771,7787.63
USR_14219,Standard,High-Yield Savings,117,8,7822.33,3,3,2,At Risk,1,16,1,0.9954846203561771,7787.01
USR_13193,Standard,Robo-Advisory,4,11,7820.29,1,2,2,Lost / Inactive,0,0,1,0.9954846203561771,7784.98
USR_10455,Standard,Equities,88,16,7816.97,3,1,2,At Risk,3,39,0,0.002066054946874593,16.15
USR_12305,Standard,Equities,20,18,7815.4,1,1,2,Lost / Inactive,0,9,0,0.002066054946874593,16.15
USR_13988,Gold,Crypto,3,14,7814.41,1,1,2,Lost / Inactive,1,44,0,0.002066054946874593,16.15
USR_12909,Standard,High-Yield Savings,34,11,7814.02,2,2,2,At Risk,1,14,0,0.002066054946874593,16.14
USR_12145,Standard,High-Yield Savings,21,10,7808.74,1,3,2,Lost / Inactive,2,28,0,0.002066054946874593,16.13
USR_13723,Standard,Crypto,4,15,7807.57,1,1,2,Lost / Inactive,2,13,0,0.002066054946874593,16.13
USR_10157,Standard,Equities,5,10,7807.0,1,3,2,Lost / Inactive,1,1,1,0.9954846203561771,7771.75
USR_13426,Gold,Equities,64,10,7805.82,2,3,2,At Risk,0,6,0,0.002066054946874593,16.13
USR_13299,Gold,Equities,11,11,7802.329999999998,1,2,2,Lost / Inactive,0,36,0,0.002066054946874593,16.12
USR_12033,Gold,High-Yield Savings,77,10,7802.200000000001,3,3,2,At Risk,4,5,0,0.002066054946874593,16.12
USR_13615,Standard,Robo-Advisory,104,12,7800.2,3,2,2,At Risk,0,30,1,0.9954846203561771,7764.98
USR_14416,Standard,High-Yield Savings,130,15,7798.86,3,1,2,At Risk,1,23,1,0.9954846203561771,7763.65
USR_13794,Gold,Equities,35,13,7797.7699999999995,2,2,2,At Risk,2,17,0,0.002066054946874593,16.11
USR_11912,Standard,Equities,2,13,7797.329999999999,1,2,2,Lost / Inactive,3,13,0,0.002066054946874593,16.11
USR_10885,Standard,Crypto,1,15,7796.82,1,1,2,Lost / Inactive,1,8,0,0.002066054946874593,16.11
USR_11877,Standard,Robo-Advisory,37,16,7794.909999999999,2,1,2,At Risk,0,24,0,0.002066054946874593,16.1
USR_11848,Standard,Crypto,20,12,7793.41,1,2,2,Lost / Inactive,0,31,0,0.002066054946874593,16.1
USR_11781,Gold,High-Yield Savings,49,10,7792.550000000001,2,3,2,At Risk,1,1,1,0.9954846203561771,7757.36
USR_10919,Standard,Equities,91,9,7783.37,3,3,2,At Risk,2,28,1,0.9954846203561771,7748.23
USR_11461,Standard,Crypto,59,12,7782.87,2,2,2,At Risk,1,1,1,0.9954846203561771,7747.73
USR_13634,Gold,Robo-Advisory,28,15,7779.930000000001,2,1,2,At Risk,0,14,0,0.002066054946874593,16.07
USR_12666,Gold,Crypto,133,15,7779.490000000001,3,1,2,At Risk,1,38,1,0.9954846203561771,7744.36
USR_12172,Standard,High-Yield Savings,13,11,7777.920000000001,1,2,2,Lost / Inactive,1,28,0,0.002066054946874593,16.07
USR_11546,Standard,High-Yield Savings,53,13,7777.709999999999,2,2,2,At Risk,1,22,0,0.002066054946874593,16.07
USR_13948,Standard,High-Yield Savings,46,16,7776.76,2,1,2,At Risk,0,37,0,0.002066054946874593,16.07
USR_11678,Standard,Equities,42,10,7776.060000000001,2,3,2,At Risk,0,12,0,0.002066054946874593,16.07
USR_11844,Gold,High-Yield Savings,11,13,7773.53,1,2,2,Lost / Inactive,0,17,0,0.002066054946874593,16.06
USR_10339,Gold,Equities,6,17,7764.26,1,1,2,Lost / Inactive,1,23,0,0.002066054946874593,16.04
USR_10047,Standard,Equities,61,16,7762.34,2,1,2,At Risk,0,22,0,0.002066054946874593,16.04
USR_13231,Standard,Equities,217,12,7761.660000000001,3,2,2,At Risk,2,15,1,0.9954846203561771,7726.61
USR_12980,Standard,Equities,94,12,7759.139999999999,3,2,2,At Risk,0,37,1,0.9954846203561771,7724.1
USR_10565,Standard,Crypto,153,8,7756.51,3,3,2,At Risk,1,34,1,0.9954846203561771,7721.49
USR_10250,VIP Wealth,Equities,95,14,7754.24,3,1,2,At Risk,4,11,1,0.9954846203561771,7719.23
USR_11621,Gold,High-Yield Savings,209,17,7753.419999999998,3,1,2,At Risk,1,36,1,0.9954846203561771,7718.41
USR_10800,Gold,Equities,66,12,7749.17,2,2,2,At Risk,1,20,0,0.002066054946874593,16.01
USR_11595,Standard,Crypto,22,14,7746.629999999999,1,1,2,Lost / Inactive,1,43,0,0.002066054946874593,16.0
USR_12936,Gold,Equities,50,9,7742.8,2,3,2,At Risk,2,22,0,0.002066054946874593,16.0
USR_10309,Standard,Equities,25,13,7742.699999999999,2,2,2,At Risk,1,3,1,0.9954846203561771,7707.74
USR_11333,VIP Wealth,Crypto,86,12,7742.670000000001,3,2,2,At Risk,0,5,0,0.002066054946874593,16.0
USR_12460,Gold,High-Yield Savings,184,9,7739.939999999999,3,3,2,At Risk,0,9,1,0.9954846203561771,7704.99
USR_11685,Standard,Crypto,110,11,7739.06,3,2,2,At Risk,0,10,1,0.9954846203561771,7704.12
USR_14030,Standard,Robo-Advisory,101,15,7735.799999999999,3,1,2,At Risk,1,35,1,0.9954846203561771,7700.87
USR_13109,Gold,Equities,102,12,7733.37,3,2,2,At Risk,1,10,1,0.9954846203561771,7698.45
USR_14053,Standard,Crypto,10,13,7733.03,1,2,2,Lost / Inactive,2,7,0,0.002066054946874593,15.98
USR_10789,Standard,Crypto,107,17,7730.45,3,1,2,At Risk,0,9,1,0.9954846203561771,7695.54
USR_10829,Standard,High-Yield Savings,46,12,7727.540000000001,2,2,2,At Risk,1,37,0,0.002066054946874593,15.97
USR_12617,Standard,Robo-Advisory,1,12,7726.950000000003,1,2,2,Lost / Inactive,1,7,0,0.002066054946874593,15.96
USR_14265,VIP Wealth,Robo-Advisory,130,11,7724.81,3,2,2,At Risk,0,21,1,0.9954846203561771,7689.93
USR_13345,Gold,Crypto,27,13,7724.300000000001,2,2,2,At Risk,0,15,0,0.002066054946874593,15.96
USR_11716,Gold,Crypto,12,9,7724.149999999999,1,3,2,Lost / Inactive,1,20,0,0.002066054946874593,15.96
USR_12220,Standard,Crypto,19,16,7721.2,1,1,2,Lost / Inactive,1,2,1,0.9954846203561771,7686.34
USR_10589,Standard,Equities,3,18,7720.999999999998,1,1,2,Lost / Inactive,0,43,0,0.002066054946874593,15.95
USR_12650,Standard,Equities,84,12,7720.4,3,2,2,At Risk,0,41,0,0.002066054946874593,15.95
USR_13370,Standard,Equities,96,11,7719.359999999999,3,2,2,At Risk,1,8,1,0.9954846203561771,7684.5
USR_13807,Standard,Equities,106,12,7717.399999999999,3,2,2,At Risk,1,39,1,0.9954846203561771,7682.55
USR_12968,Standard,Equities,12,14,7710.900000000001,1,1,2,Lost / Inactive,0,7,0,0.002066054946874593,15.93
USR_12794,VIP Wealth,Crypto,86,14,7710.35,3,1,2,At Risk,2,43,0,0.002066054946874593,15.93
USR_10292,Standard,Robo-Advisory,50,14,7709.86,2,1,2,At Risk,2,18,0,0.002066054946874593,15.93
USR_12674,Standard,Crypto,14,16,7703.67,1,1,2,Lost / Inactive,2,36,0,0.002066054946874593,15.92
USR_11560,Gold,Equities,91,8,7698.539999999999,3,3,2,At Risk,0,44,1,0.9954846203561771,7663.78
USR_14785,Standard,Crypto,39,13,7696.339999999999,2,2,2,At Risk,0,3,1,0.9954846203561771,7661.59
USR_13119,Standard,Robo-Advisory,126,11,7694.759999999999,3,2,2,At Risk,1,38,1,0.9954846203561771,7660.02
USR_14728,Standard,Equities,87,20,7694.4400000000005,3,1,2,At Risk,2,24,0,0.002066054946874593,15.9
USR_13764,Gold,Crypto,8,17,7692.679999999999,1,1,2,Lost / Inactive,0,3,1,0.9954846203561771,7657.94
USR_11102,VIP Wealth,Equities,16,9,7691.769999999999,1,3,2,Lost / Inactive,2,20,0,0.002066054946874593,15.89
USR_12538,Standard,Crypto,95,15,7691.34,3,1,2,At Risk,0,9,1,0.9954846203561771,7656.61
USR_11051,Standard,Equities,169,14,7688.2699999999995,3,1,2,At Risk,0,38,1,0.9954846203561771,7653.55
USR_14567,Standard,High-Yield Savings,14,12,7685.969999999999,1,2,2,Lost / Inactive,1,11,0,0.002066054946874593,15.88
USR_10780,Standard,Equities,10,9,7683.48,1,3,2,Lost / Inactive,0,18,0,0.002066054946874593,15.87
USR_10757,Gold,High-Yield Savings,36,13,7682.679999999999,2,2,2,At Risk,2,44,0,0.002066054946874593,15.87
USR_12884,Gold,Equities,56,16,7680.9,2,1,2,At Risk,0,43,0,0.002066054946874593,15.87
USR_14371,Standard,Equities,25,11,7680.5199999999995,1,2,2,Lost / Inactive,1,29,0,0.002066054946874593,15.87
USR_11338,Gold,Crypto,25,15,7678.56,2,1,2,At Risk,3,10,0,0.002066054946874593,15.86
USR_14425,Standard,Equities,55,12,7674.0,2,2,2,At Risk,0,30,0,0.002066054946874593,15.85
USR_13669,Gold,High-Yield Savings,92,12,7673.780000000001,3,2,2,At Risk,0,43,1,0.9954846203561771,7639.13
USR_12428,Gold,Equities,24,17,7672.850000000001,1,1,2,Lost / Inactive,0,36,0,0.002066054946874593,15.85
USR_13059,Standard,Equities,41,12,7671.789999999999,2,2,2,At Risk,1,36,0,0.002066054946874593,15.85
USR_10844,Standard,Equities,37,14,7671.34,2,1,2,At Risk,1,5,0,0.002066054946874593,15.85
USR_13406,Gold,Equities,54,17,7670.86,2,1,2,At Risk,0,38,0,0.002066054946874593,15.85
USR_14054,Standard,Crypto,7,13,7666.490000000001,1,2,2,Lost / Inactive,2,2,1,0.9954846203561771,7631.87
USR_11020,Standard,Equities,172,17,7665.8099999999995,3,1,2,At Risk,2,21,1,0.9954846203561771,7631.2
USR_13360,Standard,High-Yield Savings,90,19,7656.169999999999,3,1,2,At Risk,3,9,0,0.002066054946874593,15.82
USR_13296,Standard,High-Yield Savings,63,12,7652.679999999999,2,2,2,At Risk,0,31,0,0.002066054946874593,15.81
USR_10181,Gold,High-Yield Savings,90,8,7652.469999999999,3,3,2,At Risk,3,11,0,0.002066054946874593,15.81
USR_14956,Standard,Crypto,90,15,7651.460000000001,3,1,2,At Risk,0,4,1,0.9954846203561771,7616.91
USR_10204,Standard,High-Yield Savings,27,14,7650.94,2,1,2,At Risk,0,23,0,0.002066054946874593,15.81
USR_12762,Gold,Equities,27,17,7650.41,2,1,2,At Risk,0,28,0,0.002066054946874593,15.81
USR_14102,Standard,Equities,61,18,7646.8,2,1,2,At Risk,0,14,0,0.002066054946874593,15.8
USR_12281,Standard,Equities,14,16,7646.360000000001,1,1,2,Lost / Inactive,0,40,0,0.002066054946874593,15.8
USR_11397,Gold,High-Yield Savings,7,14,7637.7300000000005,1,1,2,Lost / Inactive,0,18,0,0.002066054946874593,15.78
USR_10720,Standard,Robo-Advisory,141,10,7632.1900000000005,3,3,2,At Risk,0,18,1,0.9954846203561771,7597.73
USR_14791,Standard,Robo-Advisory,31,13,7630.820000000001,2,2,2,At Risk,0,12,0,0.002066054946874593,15.77
USR_12162,Standard,Equities,29,18,7628.0,2,1,2,At Risk,1,7,0,0.002066054946874593,15.76
USR_12469,Standard,Robo-Advisory,35,15,7622.570000000001,2,1,2,At Risk,1,38,0,0.002066054946874593,15.75
USR_13792,Gold,Equities,33,14,7622.259999999999,2,1,2,At Risk,0,7,0,0.002066054946874593,15.75
USR_13086,Standard,Equities,7,10,7621.969999999999,1,3,2,Lost / Inactive,1,2,1,0.9954846203561771,7587.55
USR_12366,Standard,Crypto,31,14,7621.5,2,1,2,At Risk,1,41,0,0.002066054946874593,15.75
USR_13732,Standard,High-Yield Savings,30,17,7620.839999999999,2,1,2,At Risk,0,4,1,0.9954846203561771,7586.43
USR_10525,VIP Wealth,High-Yield Savings,102,11,7620.000000000001,3,2,2,At Risk,1,19,1,0.9954846203561771,7585.59
USR_10088,Gold,High-Yield Savings,209,9,7619.590000000001,3,3,2,At Risk,2,35,1,0.9954846203561771,7585.18
USR_11680,Standard,Crypto,116,15,7617.75,3,1,2,At Risk,0,36,1,0.9954846203561771,7583.35
USR_11047,VIP Wealth,Equities,73,12,7615.4,3,2,2,At Risk,2,30,0,0.002066054946874593,15.73
USR_10825,Gold,Equities,18,11,7615.250000000001,1,2,2,Lost / Inactive,0,34,0,0.002066054946874593,15.73
USR_13244,Standard,High-Yield Savings,46,12,7612.700000000001,2,2,2,At Risk,0,14,0,0.002066054946874593,15.73
USR_12831,Standard,Robo-Advisory,6,16,7610.530000000001,1,1,2,Lost / Inactive,0,20,0,0.002066054946874593,15.72
USR_11558,Standard,High-Yield Savings,15,12,7610.34,1,2,2,Lost / Inactive,1,36,0,0.002066054946874593,15.72
USR_11827,Standard,High-Yield Savings,254,17,7608.66,3,1,2,At Risk,2,12,1,0.9954846203561771,7574.3
USR_13216,Gold,Equities,36,12,7604.48,2,2,2,At Risk,3,6,0,0.002066054946874593,15.71
USR_10236,Standard,Crypto,9,15,7602.3,1,1,2,Lost / Inactive,2,36,0,0.002066054946874593,15.71
USR_14936,Standard,Crypto,24,15,7600.36,1,1,2,Lost / Inactive,1,8,0,0.002066054946874593,15.7
USR_10938,Standard,Robo-Advisory,9,16,7600.349999999999,1,1,2,Lost / Inactive,0,32,0,0.002066054946874593,15.7
USR_10751,Standard,High-Yield Savings,79,13,7598.71,3,2,2,At Risk,0,19,0,0.002066054946874593,15.7
USR_14366,Standard,Robo-Advisory,216,8,7590.62,3,3,2,At Risk,2,4,1,0.9954846203561771,7556.35
USR_13279,Gold,High-Yield Savings,9,12,7589.080000000001,1,2,2,Lost / Inactive,0,7,0,0.002066054946874593,15.68
USR_14446,Standard,Crypto,59,12,7589.0599999999995,2,2,2,At Risk,2,41,0,0.002066054946874593,15.68
USR_13217,Standard,Robo-Advisory,4,19,7588.76,1,1,2,Lost / Inactive,1,21,0,0.002066054946874593,15.68
USR_10805,Gold,High-Yield Savings,89,12,7587.490000000001,3,2,2,At Risk,0,31,0,0.002066054946874593,15.68
USR_13718,VIP Wealth,Robo-Advisory,15,15,7585.379999999999,1,1,2,Lost / Inactive,1,18,0,0.002066054946874593,15.67
USR_13783,Standard,Crypto,77,11,7582.55,3,2,2,At Risk,2,43,0,0.002066054946874593,15.67
USR_12267,Standard,Equities,80,8,7579.43,3,3,2,At Risk,0,20,0,0.002066054946874593,15.66
USR_11835,Standard,Crypto,1,10,7577.57,1,3,2,Lost / Inactive,1,14,0,0.002066054946874593,15.66
USR_12194,VIP Wealth,High-Yield Savings,19,12,7571.08,1,2,2,Lost / Inactive,0,17,0,0.002066054946874593,15.64
USR_10745,Gold,Equities,34,11,7570.620000000001,2,2,2,At Risk,0,35,0,0.002066054946874593,15.64
USR_10397,Standard,High-Yield Savings,81,10,7570.61,3,3,2,At Risk,1,26,0,0.002066054946874593,15.64
USR_13866,Gold,High-Yield Savings,61,18,7567.49,2,1,2,At Risk,2,41,0,0.002066054946874593,15.63
USR_13116,Standard,Equities,41,14,7565.959999999999,2,1,2,At Risk,4,10,0,0.002066054946874593,15.63
USR_13287,Standard,High-Yield Savings,3,17,7565.24,1,1,2,Lost / Inactive,3,12,0,0.002066054946874593,15.63
USR_13995,Standard,Crypto,9,12,7561.99,1,2,2,Lost / Inactive,2,14,0,0.002066054946874593,15.62
USR_14951,Gold,Equities,50,12,7561.9,2,2,2,At Risk,0,22,0,0.002066054946874593,15.62
USR_10746,Standard,Equities,11,12,7560.34,1,2,2,Lost / Inactive,2,3,1,0.9954846203561771,7526.2
USR_12927,Standard,Equities,20,18,7557.4,1,1,2,Lost / Inactive,0,20,0,0.002066054946874593,15.61
USR_10335,Gold,Crypto,36,11,7557.25,2,2,2,At Risk,0,12,0,0.002066054946874593,15.61
USR_12756,Standard,Equities,46,10,7555.56,2,3,2,At Risk,0,32,0,0.002066054946874593,15.61
USR_13022,Gold,Equities,164,14,7554.390000000001,3,1,2,At Risk,3,4,1,0.9954846203561771,7520.28
USR_10358,Gold,High-Yield Savings,156,11,7551.28,3,2,2,At Risk,1,43,1,0.9954846203561771,7517.18
USR_10645,Standard,High-Yield Savings,3,17,7550.37,1,1,2,Lost / Inactive,1,24,0,0.002066054946874593,15.6
USR_12750,Gold,Equities,12,9,7547.950000000001,1,3,2,Lost / Inactive,2,35,0,0.002066054946874593,15.59
USR_12462,Standard,Equities,49,14,7544.670000000001,2,1,2,At Risk,1,18,0,0.002066054946874593,15.59
USR_13697,Gold,Crypto,6,12,7543.58,1,2,2,Lost / Inactive,0,31,0,0.002066054946874593,15.59
USR_14918,Standard,Crypto,20,12,7542.870000000001,1,2,2,Lost / Inactive,3,10,0,0.002066054946874593,15.58
USR_12560,Gold,Equities,20,14,7541.0599999999995,1,1,2,Lost / Inactive,0,39,0,0.002066054946874593,15.58
USR_14514,Standard,Crypto,46,18,7540.919999999999,2,1,2,At Risk,0,12,0,0.002066054946874593,15.58
USR_14711,Standard,High-Yield Savings,3,11,7540.16,1,2,2,Lost / Inactive,0,13,0,0.002066054946874593,15.58
USR_14995,VIP Wealth,High-Yield Savings,48,13,7539.21,2,2,2,At Risk,0,40,0,0.002066054946874593,15.58
USR_10988,Standard,Equities,47,14,7537.080000000001,2,1,2,At Risk,1,2,1,0.9954846203561771,7503.05
USR_13863,Gold,Robo-Advisory,32,15,7530.530000000002,2,1,2,At Risk,1,5,0,0.002066054946874593,15.56
USR_11596,VIP Wealth,High-Yield Savings,8,14,7529.98,1,1,2,Lost / Inactive,1,31,0,0.002066054946874593,15.56
USR_11130,Standard,Robo-Advisory,34,11,7529.639999999999,2,2,2,At Risk,1,29,0,0.002066054946874593,15.56
USR_11486,Standard,High-Yield Savings,15,15,7528.26,1,1,2,Lost / Inactive,1,18,0,0.002066054946874593,15.55
USR_13320,Gold,High-Yield Savings,37,11,7526.16,2,2,2,At Risk,1,22,0,0.002066054946874593,15.55
USR_10654,Standard,Equities,47,17,7523.78,2,1,2,At Risk,1,15,0,0.002066054946874593,15.54
USR_11510,Gold,High-Yield Savings,79,13,7523.700000000001,3,2,2,At Risk,1,15,0,0.002066054946874593,15.54
USR_10379,Gold,Crypto,63,10,7521.63,2,3,2,At Risk,0,41,0,0.002066054946874593,15.54
USR_13715,Standard,High-Yield Savings,15,7,7521.47,1,3,2,Lost / Inactive,0,0,1,0.9954846203561771,7487.51
USR_10736,Standard,Equities,91,15,7516.44,3,1,2,At Risk,1,18,1,0.9954846203561771,7482.5
USR_13472,Standard,Crypto,17,11,7515.98,1,2,2,Lost / Inactive,0,41,0,0.002066054946874593,15.53
USR_12915,Standard,High-Yield Savings,34,14,7514.729999999999,2,1,2,At Risk,1,27,0,0.002066054946874593,15.53
USR_10222,Standard,High-Yield Savings,5,16,7511.37,1,1,2,Lost / Inactive,0,0,1,0.9954846203561771,7477.45
USR_13784,Standard,Equities,21,16,7510.98,1,1,2,Lost / Inactive,0,20,0,0.002066054946874593,15.52
USR_11964,Standard,Equities,19,18,7509.680000000001,1,1,2,Lost / Inactive,0,3,1,0.9954846203561771,7475.77
USR_14321,Standard,Crypto,74,15,7506.200000000001,3,1,2,At Risk,2,30,0,0.002066054946874593,15.51
USR_11652,Standard,Equities,100,8,7505.460000000001,3,3,2,At Risk,1,7,1,0.9954846203561771,7471.57
USR_10058,Gold,Equities,10,12,7504.98,1,2,2,Lost / Inactive,0,23,0,0.002066054946874593,15.51
USR_13444,VIP Wealth,Robo-Advisory,12,13,7504.429999999999,1,2,2,Lost / Inactive,0,2,1,0.9954846203561771,7470.54
USR_12270,Gold,Equities,12,12,7502.610000000001,1,2,2,Lost / Inactive,0,39,0,0.002066054946874593,15.5
USR_10298,Standard,Crypto,27,12,7500.299999999999,2,2,2,At Risk,2,43,0,0.002066054946874593,15.5
USR_14311,Gold,Equities,87,10,7498.09,3,3,2,At Risk,3,37,0,0.002066054946874593,15.49
USR_13135,VIP Wealth,Equities,2,13,7497.29,1,2,2,Lost / Inactive,1,26,0,0.002066054946874593,15.49
USR_11375,VIP Wealth,Crypto,31,14,7493.189999999999,2,1,2,At Risk,1,26,0,0.002066054946874593,15.48
USR_11774,Gold,High-Yield Savings,144,13,7489.06,3,1,2,At Risk,0,16,1,0.9954846203561771,7455.24
USR_12990,Standard,Equities,73,11,7488.58,3,2,2,At Risk,1,13,0,0.002066054946874593,15.47
USR_12619,Gold,Crypto,2,14,7487.870000000001,1,1,2,Lost / Inactive,0,21,0,0.002066054946874593,15.47
USR_10902,Standard,Equities,103,10,7485.429999999999,3,2,2,At Risk,1,11,1,0.9954846203561771,7451.63
USR_11915,Gold,Crypto,132,17,7483.5599999999995,3,1,2,At Risk,1,9,1,0.9954846203561771,7449.77
USR_11004,Standard,High-Yield Savings,45,16,7482.31,2,1,2,At Risk,0,37,0,0.002066054946874593,15.46
USR_13614,Gold,Equities,14,12,7481.27,1,2,2,Lost / Inactive,2,38,0,0.002066054946874593,15.46
USR_14212,Standard,Crypto,106,13,7481.26,3,1,2,At Risk,2,36,1,0.9954846203561771,7447.48
USR_13466,Gold,High-Yield Savings,102,10,7481.15,3,2,2,At Risk,0,38,1,0.9954846203561771,7447.37
USR_13909,Gold,Equities,20,13,7480.49,1,2,2,Lost / Inactive,1,23,0,0.002066054946874593,15.46
USR_13413,Standard,Equities,2,11,7476.780000000001,1,2,2,Lost / Inactive,1,16,0,0.002066054946874593,15.45
USR_14340,Standard,Robo-Advisory,15,14,7473.5,1,1,2,Lost / Inactive,1,37,0,0.002066054946874593,15.44
USR_12825,Standard,Crypto,136,9,7472.85,3,3,2,At Risk,1,7,1,0.9954846203561771,7439.11
USR_10952,Standard,Equities,38,12,7471.829999999999,2,2,2,At Risk,1,10,0,0.002066054946874593,15.44
USR_10958,Standard,Robo-Advisory,34,15,7470.750000000002,2,1,2,At Risk,0,17,0,0.002066054946874593,15.43
USR_11155,Standard,Equities,150,6,7468.49,3,3,2,At Risk,2,27,1,0.9954846203561771,7434.77
USR_14233,Standard,Equities,85,14,7463.9,3,1,2,At Risk,0,37,0,0.002066054946874593,15.42
USR_11062,Gold,High-Yield Savings,98,13,7462.92,3,2,2,At Risk,3,18,1,0.9954846203561771,7429.22
USR_10095,Standard,High-Yield Savings,2,15,7461.650000000001,1,1,2,Lost / Inactive,1,34,0,0.002066054946874593,15.42
USR_14613,Gold,Crypto,23,11,7459.949999999999,1,2,2,Lost / Inactive,0,41,0,0.002066054946874593,15.41
USR_11202,Standard,Crypto,149,11,7454.09,3,2,2,At Risk,0,3,1,0.9954846203561771,7420.43
USR_13540,Standard,Equities,127,11,7452.54,3,2,2,At Risk,0,4,1,0.9954846203561771,7418.89
USR_13929,Standard,Equities,3,10,7451.52,1,3,2,Lost / Inactive,1,2,1,0.9954846203561771,7417.87
USR_13142,Standard,Equities,4,13,7449.860000000001,1,2,2,Lost / Inactive,0,12,0,0.002066054946874593,15.39
USR_10683,VIP Wealth,Equities,37,13,7449.370000000002,2,2,2,At Risk,2,31,0,0.002066054946874593,15.39
USR_13091,Standard,High-Yield Savings,98,16,7446.91,3,1,2,At Risk,1,20,1,0.9954846203561771,7413.28
USR_10251,Standard,Crypto,1,8,7446.7300000000005,1,3,2,Lost / Inactive,1,43,0,0.002066054946874593,15.39
USR_11402,Standard,Robo-Advisory,60,9,7445.25,2,3,2,At Risk,2,0,1,0.9954846203561771,7411.63
USR_13465,Gold,Equities,50,9,7440.04,2,3,2,At Risk,1,2,1,0.9954846203561771,7406.45
USR_11341,VIP Wealth,Equities,112,16,7437.72,3,1,2,At Risk,0,22,1,0.9954846203561771,7404.14
USR_12321,Standard,High-Yield Savings,17,12,7432.74,1,2,2,Lost / Inactive,1,16,0,0.002066054946874593,15.36
USR_13520,Standard,High-Yield Savings,26,15,7428.7300000000005,2,1,2,At Risk,0,24,0,0.002066054946874593,15.35
USR_10086,Gold,High-Yield Savings,173,15,7428.360000000001,3,1,2,At Risk,1,24,1,0.9954846203561771,7394.82
USR_10006,Standard,Equities,13,13,7425.419999999999,1,2,2,Lost / Inactive,0,10,0,0.002066054946874593,15.34
USR_11018,Gold,Crypto,48,12,7424.02,2,2,2,At Risk,2,26,0,0.002066054946874593,15.34
USR_10657,Standard,Robo-Advisory,100,14,7423.249999999999,3,1,2,At Risk,4,9,1,0.9954846203561771,7389.73
USR_13314,Standard,Crypto,3,15,7422.549999999998,1,1,2,Lost / Inactive,0,43,0,0.002066054946874593,15.34
USR_14479,VIP Wealth,Equities,15,14,7420.4400000000005,1,1,2,Lost / Inactive,0,13,0,0.002066054946874593,15.33
USR_10738,Standard,Crypto,44,10,7419.280000000001,2,3,2,At Risk,0,6,0,0.002066054946874593,15.33
USR_10843,VIP Wealth,Equities,125,16,7418.360000000001,3,1,2,At Risk,1,22,1,0.9954846203561771,7384.86
USR_11719,Gold,Crypto,58,13,7416.799999999999,2,2,2,At Risk,0,10,0,0.002066054946874593,15.32
USR_11800,Gold,Equities,11,17,7416.23,1,1,2,Lost / Inactive,1,0,1,0.9954846203561771,7382.74
USR_13043,Gold,High-Yield Savings,3,15,7415.469999999999,1,1,2,Lost / Inactive,2,22,0,0.002066054946874593,15.32
USR_12892,Standard,High-Yield Savings,2,13,7415.05,1,2,2,Lost / Inactive,0,31,0,0.002066054946874593,15.32
USR_11115,Gold,Equities,91,10,7411.949999999999,3,3,2,At Risk,0,43,1,0.9954846203561771,7378.48
USR_11553,Standard,Crypto,37,16,7409.840000000001,2,1,2,At Risk,1,41,0,0.002066054946874593,15.31
USR_13146,VIP Wealth,High-Yield Savings,40,17,7406.369999999999,2,1,2,At Risk,0,11,0,0.002066054946874593,15.3
USR_12871,Standard,High-Yield Savings,1,17,7403.239999999999,1,1,2,Lost / Inactive,0,43,0,0.002066054946874593,15.3
USR_10090,Standard,Equities,24,13,7402.23,1,2,2,Lost / Inactive,0,39,0,0.002066054946874593,15.29
USR_13597,Standard,Crypto,32,10,7401.630000000001,2,3,2,At Risk,3,39,0,0.002066054946874593,15.29
USR_10894,Standard,High-Yield Savings,139,11,7401.389999999999,3,2,2,At Risk,1,0,1,0.9954846203561771,7367.97
USR_12165,Gold,Robo-Advisory,5,14,7400.28,1,1,2,Lost / Inactive,0,4,1,0.9954846203561771,7366.86
USR_10607,Standard,Equities,11,14,7399.92,1,1,2,Lost / Inactive,2,19,0,0.002066054946874593,15.29
USR_10866,VIP Wealth,High-Yield Savings,92,10,7399.139999999999,3,3,2,At Risk,1,23,1,0.9954846203561771,7365.73
USR_11712,Standard,Equities,18,8,7398.9800000000005,1,3,2,Lost / Inactive,0,8,0,0.002066054946874593,15.29
USR_13437,VIP Wealth,Robo-Advisory,50,15,7392.989999999999,2,1,2,At Risk,2,16,0,0.002066054946874593,15.27
USR_10583,Gold,Equities,18,10,7391.110000000001,1,3,2,Lost / Inactive,0,0,1,0.9954846203561771,7357.74
USR_13173,Gold,Crypto,2,17,7390.510000000001,1,1,2,Lost / Inactive,1,39,0,0.002066054946874593,15.27
USR_13271,Standard,High-Yield Savings,120,8,7390.150000000001,3,3,2,At Risk,0,25,1,0.9954846203561771,7356.78
USR_14284,Gold,Robo-Advisory,15,10,7389.6900000000005,1,3,2,Lost / Inactive,3,40,0,0.002066054946874593,15.27
USR_11356,Standard,Robo-Advisory,11,12,7389.459999999999,1,2,2,Lost / Inactive,3,19,0,0.002066054946874593,15.27
USR_14994,Gold,Equities,8,18,7388.95,1,1,2,Lost / Inactive,0,11,0,0.002066054946874593,15.27
USR_14301,Gold,Robo-Advisory,125,14,7388.92,3,1,2,At Risk,0,40,1,0.9954846203561771,7355.56
USR_10542,Standard,High-Yield Savings,114,11,7388.830000000001,3,2,2,At Risk,0,35,1,0.9954846203561771,7355.47
USR_12241,Standard,Robo-Advisory,41,8,7387.850000000001,2,3,2,At Risk,0,14,0,0.002066054946874593,15.26
USR_13805,Standard,Robo-Advisory,4,17,7387.51,1,1,2,Lost / Inactive,0,18,0,0.002066054946874593,15.26
USR_12313,Standard,Crypto,40,13,7387.5,2,2,2,At Risk,0,2,1,0.9954846203561771,7354.14
USR_10272,Standard,Crypto,13,14,7387.260000000001,1,1,2,Lost / Inactive,1,22,0,0.002066054946874593,15.26
USR_14892,Standard,Crypto,17,12,7380.4299999999985,1,2,2,Lost / Inactive,1,27,0,0.002066054946874593,15.25
USR_12126,Standard,Crypto,91,12,7380.08,3,2,2,At Risk,1,22,1,0.9954846203561771,7346.76
USR_14422,Standard,Robo-Advisory,34,12,7378.6,2,2,2,At Risk,2,13,0,0.002066054946874593,15.24
USR_10220,Standard,Robo-Advisory,15,17,7377.539999999999,1,1,2,Lost / Inactive,0,21,0,0.002066054946874593,15.24
USR_11725,Standard,Robo-Advisory,41,17,7372.85,2,1,2,At Risk,1,33,0,0.002066054946874593,15.23
USR_13352,Gold,Equities,89,14,7368.260000000001,3,1,2,At Risk,1,20,0,0.002066054946874593,15.22
USR_11133,Gold,High-Yield Savings,37,14,7366.559999999999,2,1,2,At Risk,1,12,0,0.002066054946874593,15.22
USR_13250,Standard,Robo-Advisory,108,14,7365.290000000002,3,1,2,At Risk,0,37,1,0.9954846203561771,7332.03
USR_10317,Gold,Robo-Advisory,25,13,7365.250000000001,2,2,2,At Risk,1,16,0,0.002066054946874593,15.22
USR_11614,Standard,High-Yield Savings,62,16,7365.240000000001,2,1,2,At Risk,1,31,0,0.002066054946874593,15.22
USR_13541,Gold,Robo-Advisory,76,11,7364.87,3,2,2,At Risk,0,40,0,0.002066054946874593,15.22
USR_10282,Standard,High-Yield Savings,10,14,7360.030000000001,1,1,2,Lost / Inactive,0,37,0,0.002066054946874593,15.21
USR_13801,VIP Wealth,High-Yield Savings,32,16,7358.749999999999,2,1,2,At Risk,0,20,0,0.002066054946874593,15.2
USR_14554,Standard,Crypto,83,17,7357.719999999999,3,1,2,At Risk,1,23,0,0.002066054946874593,15.2
USR_10393,Standard,Equities,111,15,7356.24,3,1,2,At Risk,1,10,1,0.9954846203561771,7323.02
USR_10284,Gold,Equities,12,15,7355.41,1,1,2,Lost / Inactive,0,1,1,0.9954846203561771,7322.2
USR_14601,Standard,Equities,6,16,7354.54,1,1,2,Lost / Inactive,0,17,0,0.002066054946874593,15.19
USR_11444,Standard,High-Yield Savings,13,12,7352.75,1,2,2,Lost / Inactive,3,24,0,0.002066054946874593,15.19
USR_11342,Gold,Equities,13,16,7348.5199999999995,1,1,2,Lost / Inactive,1,30,0,0.002066054946874593,15.18
USR_11944,Standard,Equities,90,17,7347.680000000001,3,1,2,At Risk,2,18,0,0.002066054946874593,15.18
USR_13371,Standard,Equities,132,12,7347.459999999999,3,2,2,At Risk,1,25,1,0.9954846203561771,7314.28
USR_14068,Gold,Robo-Advisory,5,13,7345.92,1,2,2,Lost / Inactive,0,6,0,0.002066054946874593,15.18
USR_12716,Standard,Crypto,144,14,7338.249999999999,3,1,2,At Risk,1,37,1,0.9954846203561771,7305.12
USR_14277,Standard,Equities,110,11,7330.719999999999,3,2,2,At Risk,0,38,1,0.9954846203561771,7297.62
USR_10108,Gold,Crypto,60,12,7330.0,2,2,2,At Risk,0,40,0,0.002066054946874593,15.14
USR_12080,Standard,Robo-Advisory,9,13,7327.3,1,2,2,Lost / Inactive,1,22,0,0.002066054946874593,15.14
USR_12532,VIP Wealth,Crypto,4,17,7322.82,1,1,2,Lost / Inactive,0,10,0,0.002066054946874593,15.13
USR_12415,VIP Wealth,High-Yield Savings,17,18,7319.050000000001,1,1,2,Lost / Inactive,1,14,0,0.002066054946874593,15.12
USR_12660,Standard,Equities,22,10,7318.99,1,3,2,Lost / Inactive,0,37,0,0.002066054946874593,15.12
USR_14224,VIP Wealth,Crypto,18,10,7318.16,1,3,2,Lost / Inactive,0,42,0,0.002066054946874593,15.12
USR_14820,VIP Wealth,Equities,25,11,7317.13,2,2,2,At Risk,3,44,0,0.002066054946874593,15.12
USR_14119,Gold,Crypto,137,10,7316.21,3,2,2,At Risk,0,36,1,0.9954846203561771,7283.17
USR_13770,Gold,Crypto,63,9,7315.32,2,3,2,At Risk,0,17,0,0.002066054946874593,15.11
USR_14834,Standard,Crypto,131,11,7315.220000000001,3,2,2,At Risk,0,36,1,0.9954846203561771,7282.19
USR_10192,Gold,Equities,139,8,7314.870000000001,3,3,2,At Risk,1,0,1,0.9954846203561771,7281.84
USR_13650,Standard,Crypto,98,13,7314.77,3,2,2,At Risk,3,21,1,0.9954846203561771,7281.74
USR_11597,Gold,Crypto,51,10,7312.870000000001,2,3,2,At Risk,2,38,0,0.002066054946874593,15.11
USR_14351,Gold,Crypto,33,19,7312.19,2,1,2,At Risk,0,25,0,0.002066054946874593,15.11
USR_10536,Gold,Equities,43,11,7310.03,2,2,2,At Risk,0,30,0,0.002066054946874593,15.1
USR_14955,Standard,High-Yield Savings,63,14,7309.66,2,1,2,At Risk,1,24,0,0.002066054946874593,15.1
USR_10550,Standard,Equities,112,16,7309.18,3,1,2,At Risk,1,36,1,0.9954846203561771,7276.18
USR_11552,Gold,Equities,217,10,7306.0,3,3,2,At Risk,1,28,1,0.9954846203561771,7273.01
USR_14273,Standard,Equities,9,13,7303.560000000001,1,2,2,Lost / Inactive,2,41,0,0.002066054946874593,15.09
USR_13255,Standard,High-Yield Savings,103,12,7299.64,3,2,2,At Risk,0,44,1,0.9954846203561771,7266.68
USR_13203,Gold,High-Yield Savings,10,12,7299.15,1,2,2,Lost / Inactive,3,30,0,0.002066054946874593,15.08
USR_10112,VIP Wealth,Equities,10,18,7298.7699999999995,1,1,2,Lost / Inactive,0,39,0,0.002066054946874593,15.08
USR_13079,Gold,High-Yield Savings,43,17,7298.620000000001,2,1,2,At Risk,3,37,0,0.002066054946874593,15.08
USR_10742,Standard,High-Yield Savings,132,14,7296.0999999999985,3,1,2,At Risk,0,4,1,0.9954846203561771,7263.16
USR_11721,Standard,High-Yield Savings,96,17,7295.91,3,1,2,At Risk,0,41,1,0.9954846203561771,7262.97
USR_13192,Standard,High-Yield Savings,167,11,7294.45,3,2,2,At Risk,2,5,1,0.9954846203561771,7261.51
USR_14548,Standard,High-Yield Savings,42,8,7288.080000000001,2,3,2,At Risk,0,25,0,0.002066054946874593,15.06
USR_14515,Standard,Crypto,98,11,7286.8,3,2,2,At Risk,0,3,1,0.9954846203561771,7253.9
USR_12286,Gold,High-Yield Savings,6,15,7285.26,1,1,2,Lost / Inactive,2,10,0,0.002066054946874593,15.05
USR_11416,Standard,High-Yield Savings,9,14,7283.93,1,1,2,Lost / Inactive,1,7,0,0.002066054946874593,15.05
USR_12735,VIP Wealth,Robo-Advisory,45,10,7282.550000000001,2,3,2,At Risk,0,43,0,0.002066054946874593,15.05
USR_13873,Standard,Equities,67,19,7281.45,3,1,2,At Risk,1,8,0,0.002066054946874593,15.04
USR_10680,VIP Wealth,Robo-Advisory,5,13,7280.800000000002,1,2,2,Lost / Inactive,2,36,0,0.002066054946874593,15.04
USR_10857,Standard,High-Yield Savings,6,15,7278.279999999999,1,1,2,Lost / Inactive,0,27,0,0.002066054946874593,15.04
USR_12944,Standard,Robo-Advisory,60,13,7276.360000000001,2,2,2,At Risk,1,5,0,0.002066054946874593,15.03
USR_12783,Gold,Robo-Advisory,77,13,7274.47,3,2,2,At Risk,1,42,0,0.002066054946874593,15.03
USR_12217,Gold,Crypto,112,13,7272.18,3,1,2,At Risk,0,16,1,0.9954846203561771,7239.34
USR_12437,Gold,Equities,70,15,7272.009999999999,3,1,2,At Risk,0,33,0,0.002066054946874593,15.02
USR_10072,Standard,Equities,51,14,7270.629999999999,2,1,2,At Risk,0,38,0,0.002066054946874593,15.02
USR_11941,Standard,Robo-Advisory,4,12,7268.9400000000005,1,2,2,Lost / Inactive,0,34,0,0.002066054946874593,15.02
USR_12375,Gold,Crypto,27,12,7261.290000000001,2,2,2,At Risk,1,42,0,0.002066054946874593,15.0
USR_12528,Standard,High-Yield Savings,52,5,7258.989999999999,2,3,2,At Risk,3,38,0,0.002066054946874593,15.0
USR_14525,Gold,Equities,129,11,7256.84,3,2,2,At Risk,0,1,1,0.9954846203561771,7224.07
USR_10107,Standard,Equities,67,14,7254.170000000001,3,1,2,At Risk,0,28,0,0.002066054946874593,14.99
USR_10329,Standard,Equities,28,19,7253.440000000001,2,1,2,At Risk,0,38,0,0.002066054946874593,14.99
USR_14925,Standard,Crypto,11,11,7252.0,1,2,2,Lost / Inactive,0,12,0,0.002066054946874593,14.98
USR_13772,Standard,Equities,5,15,7251.6,1,1,2,Lost / Inactive,2,22,0,0.002066054946874593,14.98
USR_10296,Standard,Crypto,42,11,7249.7,2,2,2,At Risk,0,20,0,0.002066054946874593,14.98
USR_10290,Standard,Equities,67,16,7244.62,3,1,2,At Risk,0,19,0,0.002066054946874593,14.97
USR_10661,Standard,Equities,18,13,7242.959999999999,1,2,2,Lost / Inactive,3,5,0,0.002066054946874593,14.96
USR_11449,Gold,Robo-Advisory,56,14,7241.34,2,1,2,At Risk,1,29,0,0.002066054946874593,14.96
USR_12056,Standard,Robo-Advisory,109,10,7239.24,3,3,2,At Risk,0,11,1,0.9954846203561771,7206.55
USR_11022,Gold,Robo-Advisory,41,10,7238.06,2,3,2,At Risk,3,2,1,0.9954846203561771,7205.38
USR_13067,VIP Wealth,Equities,36,14,7236.32,2,1,2,At Risk,0,35,0,0.002066054946874593,14.95
USR_14018,Standard,Crypto,50,15,7233.600000000001,2,1,2,At Risk,1,8,0,0.002066054946874593,14.95
USR_12595,Standard,Crypto,82,17,7232.04,3,1,2,At Risk,1,2,1,0.9954846203561771,7199.38
USR_10852,Standard,High-Yield Savings,1,13,7229.509999999999,1,2,2,Lost / Inactive,0,36,0,0.002066054946874593,14.94
USR_13954,Standard,High-Yield Savings,67,15,7224.000000000001,3,1,2,At Risk,1,41,0,0.002066054946874593,14.93
USR_14946,Gold,High-Yield Savings,37,13,7223.0199999999995,2,2,2,At Risk,3,29,0,0.002066054946874593,14.92
USR_10154,Standard,High-Yield Savings,5,13,7219.62,1,2,2,Lost / Inactive,0,35,0,0.002066054946874593,14.92
USR_10071,Standard,High-Yield Savings,64,12,7219.46,2,2,2,At Risk,1,14,0,0.002066054946874593,14.92
USR_13934,Gold,Crypto,151,10,7217.08,3,2,2,At Risk,1,42,1,0.9954846203561771,7184.49
USR_12823,Standard,Crypto,56,14,7216.030000000001,2,1,2,At Risk,1,12,0,0.002066054946874593,14.91
USR_11140,Standard,Equities,91,11,7215.379999999998,3,2,2,At Risk,0,41,1,0.9954846203561771,7182.8
USR_13084,Gold,Equities,136,7,7214.490000000001,3,3,2,At Risk,0,26,1,0.9954846203561771,7181.91
USR_10646,Standard,Equities,41,15,7210.79,2,1,2,At Risk,2,26,0,0.002066054946874593,14.9
USR_14350,Standard,High-Yield Savings,38,11,7210.080000000001,2,2,2,At Risk,1,14,0,0.002066054946874593,14.9
USR_12261,Gold,Crypto,136,15,7208.029999999999,3,1,2,At Risk,1,2,1,0.9954846203561771,7175.48
USR_12929,Standard,Robo-Advisory,23,14,7205.700000000001,1,1,2,Lost / Inactive,0,24,0,0.002066054946874593,14.89
USR_13975,Standard,Equities,23,10,7197.85,1,3,2,Lost / Inactive,1,5,0,0.002066054946874593,14.87
USR_10573,Gold,Robo-Advisory,95,12,7196.84,3,2,2,At Risk,1,40,1,0.9954846203561771,7164.34
USR_11600,Standard,Equities,87,15,7195.16,3,1,2,At Risk,1,16,0,0.002066054946874593,14.87
USR_12001,Gold,Robo-Advisory,16,13,7194.429999999999,1,2,2,Lost / Inactive,0,25,0,0.002066054946874593,14.86
USR_10388,Gold,High-Yield Savings,141,7,7191.87,3,3,2,At Risk,0,38,1,0.9954846203561771,7159.4
USR_11184,Standard,Equities,43,12,7191.65,2,2,2,At Risk,0,14,0,0.002066054946874593,14.86
USR_10328,Gold,Crypto,102,13,7189.53,3,1,2,At Risk,0,28,1,0.9954846203561771,7157.07
USR_13808,Gold,High-Yield Savings,109,11,7189.289999999999,3,2,2,At Risk,0,41,1,0.9954846203561771,7156.83
USR_11733,Standard,Robo-Advisory,63,14,7188.31,2,1,2,At Risk,0,20,0,0.002066054946874593,14.85
USR_13728,Standard,Crypto,3,12,7188.21,1,2,2,Lost / Inactive,1,12,0,0.002066054946874593,14.85
USR_14526,Gold,Crypto,84,12,7187.94,3,2,2,At Risk,3,1,1,0.9954846203561771,7155.48
USR_12887,Standard,Equities,48,12,7186.69,2,2,2,At Risk,1,39,0,0.002066054946874593,14.85
USR_13561,Gold,Equities,63,9,7186.179999999999,2,3,2,At Risk,0,10,0,0.002066054946874593,14.85
USR_14589,Standard,Crypto,30,13,7184.98,2,2,2,At Risk,0,9,0,0.002066054946874593,14.84
USR_11393,Standard,Crypto,230,15,7184.610000000001,3,1,2,At Risk,1,35,1,0.9954846203561771,7152.17
USR_13093,Standard,Equities,13,12,7182.169999999999,1,2,2,Lost / Inactive,2,43,0,0.002066054946874593,14.84
USR_14158,Standard,Equities,29,14,7181.65,2,1,2,At Risk,1,30,0,0.002066054946874593,14.84
USR_10951,Gold,Equities,31,14,7179.94,2,1,2,At Risk,0,0,1,0.9954846203561771,7147.52
USR_13657,Standard,High-Yield Savings,6,20,7177.5700000000015,1,1,2,Lost / Inactive,1,34,0,0.002066054946874593,14.83
USR_11508,Gold,Crypto,10,11,7172.62,1,2,2,Lost / Inactive,2,9,0,0.002066054946874593,14.82
USR_11092,Standard,Crypto,182,11,7170.15,3,2,2,At Risk,0,12,1,0.9954846203561771,7137.77
USR_10828,Standard,High-Yield Savings,37,16,7170.069999999999,2,1,2,At Risk,0,23,0,0.002066054946874593,14.81
USR_11061,Gold,High-Yield Savings,35,19,7166.81,2,1,2,At Risk,0,35,0,0.002066054946874593,14.81
USR_11401,Standard,Crypto,30,13,7166.460000000001,2,2,2,At Risk,1,42,0,0.002066054946874593,14.81
USR_11631,Standard,High-Yield Savings,36,9,7163.89,2,3,2,At Risk,0,8,0,0.002066054946874593,14.8
USR_14148,Standard,Equities,118,14,7163.22,3,1,2,At Risk,0,11,1,0.9954846203561771,7130.88
USR_10643,Gold,High-Yield Savings,45,14,7160.590000000001,2,1,2,At Risk,3,16,0,0.002066054946874593,14.79
USR_12253,Gold,Equities,1,9,7158.23,1,3,2,Lost / Inactive,1,41,0,0.002066054946874593,14.79
USR_14334,Gold,Equities,25,11,7158.19,2,2,2,At Risk,0,26,0,0.002066054946874593,14.79
USR_11710,Standard,Equities,86,11,7153.89,3,2,2,At Risk,0,9,0,0.002066054946874593,14.78
USR_13803,Standard,Equities,19,9,7151.249999999999,1,3,2,Lost / Inactive,0,10,0,0.002066054946874593,14.77
USR_12628,Gold,High-Yield Savings,34,13,7149.990000000001,2,2,2,At Risk,1,24,0,0.002066054946874593,14.77
USR_11562,Standard,Equities,67,11,7149.7,3,2,2,At Risk,1,31,0,0.002066054946874593,14.77
USR_13928,Standard,Crypto,73,17,7146.919999999999,3,1,2,At Risk,0,6,0,0.002066054946874593,14.77
USR_12111,Standard,High-Yield Savings,164,10,7146.44,3,2,2,At Risk,1,29,1,0.9954846203561771,7114.17
USR_11103,Standard,Equities,49,14,7145.400000000001,2,1,2,At Risk,1,30,0,0.002066054946874593,14.76
USR_13630,Standard,Equities,116,14,7144.080000000001,3,1,2,At Risk,0,24,1,0.9954846203561771,7111.82
USR_13292,VIP Wealth,Crypto,11,8,7142.99,1,3,2,Lost / Inactive,0,1,1,0.9954846203561771,7110.74
USR_11755,Standard,Crypto,52,10,7142.67,2,3,2,At Risk,1,7,0,0.002066054946874593,14.76
USR_13618,Standard,High-Yield Savings,43,14,7141.319999999999,2,1,2,At Risk,1,34,0,0.002066054946874593,14.75
USR_13711,Gold,Equities,146,6,7139.29,3,3,2,At Risk,0,41,1,0.9954846203561771,7107.05
USR_10248,Standard,Crypto,29,7,7137.839999999999,2,3,2,At Risk,3,16,0,0.002066054946874593,14.75
USR_12828,Standard,Equities,80,16,7137.8099999999995,3,1,2,At Risk,3,2,1,0.9954846203561771,7105.58
USR_11757,VIP Wealth,Robo-Advisory,1,17,7136.76,1,1,2,Lost / Inactive,1,43,0,0.002066054946874593,14.74
USR_10447,Gold,Equities,59,13,7136.499999999999,2,2,2,At Risk,0,28,0,0.002066054946874593,14.74
USR_12856,Gold,Crypto,54,17,7135.170000000001,2,1,2,At Risk,0,14,0,0.002066054946874593,14.74
USR_13876,Standard,Crypto,44,10,7135.16,2,3,2,At Risk,1,37,0,0.002066054946874593,14.74
USR_13889,Standard,Crypto,43,15,7132.140000000002,2,1,2,At Risk,0,6,0,0.002066054946874593,14.74
USR_10526,Standard,Equities,13,9,7132.12,1,3,2,Lost / Inactive,0,27,0,0.002066054946874593,14.74
USR_12743,Standard,High-Yield Savings,38,17,7131.679999999998,2,1,2,At Risk,0,14,0,0.002066054946874593,14.73
USR_10936,Standard,Robo-Advisory,24,8,7130.52,1,3,2,Lost / Inactive,0,37,0,0.002066054946874593,14.73
USR_13289,Standard,Equities,37,13,7129.6100000000015,2,2,2,At Risk,0,7,0,0.002066054946874593,14.73
USR_13105,Standard,Equities,34,13,7123.460000000001,2,2,2,At Risk,0,14,0,0.002066054946874593,14.72
USR_12192,VIP Wealth,Crypto,36,12,7122.49,2,2,2,At Risk,0,9,0,0.002066054946874593,14.72
USR_12588,Standard,Equities,1,15,7121.8600000000015,1,1,2,Lost / Inactive,1,21,0,0.002066054946874593,14.71
USR_12937,Standard,Equities,1,9,7120.470000000001,1,3,2,Lost / Inactive,1,6,0,0.002066054946874593,14.71
USR_14267,Standard,Equities,26,15,7119.210000000002,2,1,2,At Risk,1,38,0,0.002066054946874593,14.71
USR_11488,Gold,High-Yield Savings,51,11,7117.920000000001,2,2,2,At Risk,0,4,1,0.9954846203561771,7085.78
USR_12341,Standard,Crypto,113,11,7116.140000000001,3,2,2,At Risk,1,43,1,0.9954846203561771,7084.01
USR_10908,Standard,Robo-Advisory,128,11,7110.43,3,2,2,At Risk,0,27,1,0.9954846203561771,7078.32
USR_10353,Gold,High-Yield Savings,2,13,7109.31,1,2,2,Lost / Inactive,2,37,0,0.002066054946874593,14.69
USR_14407,Gold,Crypto,21,13,7108.75,1,2,2,Lost / Inactive,0,18,0,0.002066054946874593,14.69
USR_12935,Standard,Crypto,17,17,7107.67,1,1,2,Lost / Inactive,0,34,0,0.002066054946874593,14.68
USR_13937,Gold,High-Yield Savings,69,14,7107.2,3,1,2,At Risk,0,42,0,0.002066054946874593,14.68
USR_13551,Standard,High-Yield Savings,2,11,7106.72,1,2,2,Lost / Inactive,0,43,0,0.002066054946874593,14.68
USR_14483,Standard,Crypto,20,15,7102.89,1,1,2,Lost / Inactive,1,4,1,0.9954846203561771,7070.82
USR_13629,Standard,High-Yield Savings,105,12,7100.81,3,2,2,At Risk,2,5,1,0.9954846203561771,7068.75
USR_14487,Standard,Equities,83,12,7099.139999999999,3,2,2,At Risk,2,37,0,0.002066054946874593,14.67
USR_12548,Standard,Crypto,36,17,7098.45,2,1,2,At Risk,0,24,0,0.002066054946874593,14.67
USR_11237,Gold,Robo-Advisory,74,11,7094.89,3,2,2,At Risk,0,6,0,0.002066054946874593,14.66
USR_14042,VIP Wealth,Robo-Advisory,49,16,7094.490000000001,2,1,2,At Risk,0,1,1,0.9954846203561771,7062.46
USR_11212,Standard,Crypto,29,14,7093.2300000000005,2,1,2,At Risk,2,37,0,0.002066054946874593,14.66
USR_13455,Standard,Equities,76,12,7091.769999999999,3,2,2,At Risk,3,0,1,0.9954846203561771,7059.75
USR_11873,Standard,High-Yield Savings,40,10,7090.67,2,3,2,At Risk,1,41,0,0.002066054946874593,14.65
USR_11613,Standard,High-Yield Savings,40,13,7084.85,2,2,2,At Risk,0,21,0,0.002066054946874593,14.64
USR_10336,Standard,Crypto,94,13,7082.2699999999995,3,2,2,At Risk,0,0,1,0.9954846203561771,7050.29
USR_14888,Standard,High-Yield Savings,59,11,7077.98,2,2,2,At Risk,0,28,0,0.002066054946874593,14.62
USR_12845,Standard,Equities,2,13,7077.61,1,2,2,Lost / Inactive,0,28,0,0.002066054946874593,14.62
USR_12573,Standard,Equities,31,11,7077.59,2,2,2,At Risk,0,13,0,0.002066054946874593,14.62
USR_14945,Standard,Equities,8,15,7072.620000000001,1,1,2,Lost / Inactive,1,4,1,0.9954846203561771,7040.68
USR_12635,Standard,High-Yield Savings,19,16,7068.870000000001,1,1,2,Lost / Inactive,1,4,1,0.9954846203561771,7036.95
USR_11988,Standard,High-Yield Savings,86,14,7068.570000000002,3,1,2,At Risk,0,0,1,0.9954846203561771,7036.65
USR_10567,Standard,High-Yield Savings,90,12,7068.57,3,2,2,At Risk,2,8,0,0.002066054946874593,14.6
USR_12903,Gold,Equities,61,6,7067.030000000001,2,3,2,At Risk,1,36,0,0.002066054946874593,14.6
USR_10144,Standard,Equities,62,12,7066.75,2,2,2,At Risk,1,7,0,0.002066054946874593,14.6
USR_11417,Gold,Robo-Advisory,84,15,7066.4400000000005,3,1,2,At Risk,0,4,1,0.9954846203561771,7034.53
USR_13438,Gold,Crypto,105,16,7066.2699999999995,3,1,2,At Risk,0,12,1,0.9954846203561771,7034.36
USR_11429,VIP Wealth,Crypto,162,13,7062.3,3,1,2,At Risk,0,7,1,0.9954846203561771,7030.41
USR_14989,Gold,Crypto,6,12,7062.250000000001,1,2,2,Lost / Inactive,0,8,0,0.002066054946874593,14.59
USR_14879,VIP Wealth,Equities,17,15,7059.259999999998,1,1,2,Lost / Inactive,1,29,0,0.002066054946874593,14.58
USR_11890,Gold,Crypto,8,17,7058.19,1,1,2,Lost / Inactive,1,43,0,0.002066054946874593,14.58
USR_12572,Standard,Crypto,67,16,7055.6500000000015,3,1,2,At Risk,2,7,0,0.002066054946874593,14.58
USR_14896,Standard,Crypto,77,15,7053.98,3,1,2,At Risk,0,27,0,0.002066054946874593,14.57
USR_12687,Standard,Crypto,25,9,7053.5599999999995,2,3,2,At Risk,0,43,0,0.002066054946874593,14.57
USR_11888,Standard,High-Yield Savings,21,16,7051.879999999997,1,1,2,Lost / Inactive,0,44,0,0.002066054946874593,14.57
USR_12751,Standard,Crypto,74,10,7047.72,3,3,2,At Risk,1,40,0,0.002066054946874593,14.56
USR_11366,Gold,Equities,161,10,7041.9800000000005,3,2,2,At Risk,1,27,1,0.9954846203561771,7010.18
USR_14008,Gold,Robo-Advisory,35,18,7041.36,2,1,2,At Risk,0,22,0,0.002066054946874593,14.55
USR_12763,Standard,Equities,84,8,7038.58,3,3,2,At Risk,1,31,0,0.002066054946874593,14.54
USR_10313,Standard,Robo-Advisory,78,13,7036.0,3,2,2,At Risk,0,26,0,0.002066054946874593,14.54
USR_10524,Standard,Crypto,221,7,7035.77,3,3,2,At Risk,1,38,1,0.9954846203561771,7004.0
USR_12227,Standard,Equities,17,18,7033.060000000001,1,1,2,Lost / Inactive,1,32,0,0.002066054946874593,14.53
USR_13196,Gold,Robo-Advisory,97,11,7032.039999999999,3,2,2,At Risk,2,37,1,0.9954846203561771,7000.29
USR_14536,Standard,Equities,11,12,7027.13,1,2,2,Lost / Inactive,0,43,0,0.002066054946874593,14.52
USR_13114,Standard,Robo-Advisory,108,14,7026.66,3,1,2,At Risk,2,0,1,0.9954846203561771,6994.93
USR_11513,Standard,Equities,123,9,7024.789999999999,3,3,2,At Risk,0,22,1,0.9954846203561771,6993.07
USR_12357,Standard,Equities,28,10,7024.7,2,3,2,At Risk,4,0,1,0.9954846203561771,6992.98
USR_12593,Gold,Equities,6,15,7023.730000000001,1,1,2,Lost / Inactive,0,38,0,0.002066054946874593,14.51
USR_10770,Standard,Crypto,90,15,7023.240000000002,3,1,2,At Risk,2,12,0,0.002066054946874593,14.51
USR_10147,VIP Wealth,Equities,20,8,7016.14,1,3,2,Lost / Inactive,0,21,0,0.002066054946874593,14.5
USR_13606,VIP Wealth,Crypto,7,12,7013.950000000001,1,2,2,Lost / Inactive,0,15,0,0.002066054946874593,14.49
USR_12015,Standard,High-Yield Savings,35,18,7011.180000000001,2,1,2,At Risk,1,34,0,0.002066054946874593,14.49
USR_14563,Standard,Crypto,19,15,7010.35,1,1,2,Lost / Inactive,1,43,0,0.002066054946874593,14.48
USR_14777,Gold,Equities,38,10,7008.26,2,3,2,At Risk,1,38,0,0.002066054946874593,14.48
USR_10034,Standard,High-Yield Savings,44,17,7008.089999999999,2,1,2,At Risk,2,29,0,0.002066054946874593,14.48
USR_11005,Standard,Robo-Advisory,13,11,7007.790000000001,1,2,2,Lost / Inactive,0,23,0,0.002066054946874593,14.48
USR_11571,Gold,Crypto,25,12,7007.01,2,2,2,At Risk,0,39,0,0.002066054946874593,14.48
USR_10414,Gold,High-Yield Savings,60,13,6996.579999999999,2,2,2,At Risk,1,19,0,0.002066054946874593,14.46
USR_10914,VIP Wealth,Equities,118,10,6996.41,3,2,2,At Risk,0,16,1,0.9954846203561771,6964.82
USR_11249,Standard,High-Yield Savings,16,17,6992.23,1,1,2,Lost / Inactive,1,26,0,0.002066054946874593,14.45
USR_12092,Standard,Crypto,59,18,6987.710000000001,2,1,2,At Risk,4,8,0,0.002066054946874593,14.44
USR_14242,VIP Wealth,High-Yield Savings,44,13,6985.689999999999,2,2,2,At Risk,1,25,0,0.002066054946874593,14.43
USR_14468,Standard,Equities,15,10,6984.899999999999,1,3,2,Lost / Inactive,1,5,0,0.002066054946874593,14.43
USR_10608,Standard,High-Yield Savings,45,14,6984.449999999999,2,1,2,At Risk,1,13,0,0.002066054946874593,14.43
USR_13781,Gold,High-Yield Savings,30,18,6984.1,2,1,2,At Risk,0,21,0,0.002066054946874593,14.43
USR_10594,Standard,Equities,36,11,6983.870000000001,2,2,2,At Risk,1,10,0,0.002066054946874593,14.43
USR_12262,Standard,High-Yield Savings,19,11,6983.26,1,2,2,Lost / Inactive,1,4,1,0.9954846203561771,6951.73
USR_13266,Standard,High-Yield Savings,34,7,6982.990000000001,2,3,2,At Risk,0,35,0,0.002066054946874593,14.43
USR_14435,Gold,High-Yield Savings,70,15,6982.4400000000005,3,1,2,At Risk,0,29,0,0.002066054946874593,14.43
USR_10097,Standard,Equities,145,8,6976.929999999999,3,3,2,At Risk,1,17,1,0.9954846203561771,6945.43
USR_12696,Gold,Robo-Advisory,45,13,6976.339999999999,2,2,2,At Risk,1,35,0,0.002066054946874593,14.41
USR_14424,VIP Wealth,Equities,20,20,6975.55,1,1,2,Lost / Inactive,0,4,1,0.9954846203561771,6944.05
USR_10730,Standard,Crypto,1,15,6974.66,1,1,2,Lost / Inactive,0,34,0,0.002066054946874593,14.41
USR_13364,Standard,Equities,60,15,6972.389999999999,2,1,2,At Risk,1,43,0,0.002066054946874593,14.41
USR_10076,Standard,Equities,22,12,6972.12,1,2,2,Lost / Inactive,1,2,1,0.9954846203561771,6940.64
USR_10541,Gold,High-Yield Savings,87,14,6967.569999999999,3,1,2,At Risk,1,20,0,0.002066054946874593,14.4
USR_10896,VIP Wealth,Equities,14,13,6964.020000000001,1,2,2,Lost / Inactive,0,31,0,0.002066054946874593,14.39
USR_10848,Gold,Equities,108,17,6962.829999999999,3,1,2,At Risk,0,15,1,0.9954846203561771,6931.39
USR_11442,Standard,Equities,29,15,6960.5199999999995,2,1,2,At Risk,0,12,0,0.002066054946874593,14.38
USR_14860,Standard,High-Yield Savings,48,13,6960.389999999999,2,2,2,At Risk,0,43,0,0.002066054946874593,14.38
USR_12456,Gold,Robo-Advisory,25,12,6960.0,2,2,2,At Risk,2,32,0,0.002066054946874593,14.38
USR_13301,Standard,Crypto,6,15,6957.67,1,1,2,Lost / Inactive,1,43,0,0.002066054946874593,14.37
USR_14544,Standard,Crypto,15,12,6956.13,1,2,2,Lost / Inactive,2,29,0,0.002066054946874593,14.37
USR_10752,Standard,Crypto,45,11,6955.64,2,2,2,At Risk,2,4,1,0.9954846203561771,6924.23
USR_12228,VIP Wealth,Equities,17,17,6955.599999999999,1,1,2,Lost / Inactive,2,4,1,0.9954846203561771,6924.19
USR_14583,Standard,Equities,14,12,6955.48,1,2,2,Lost / Inactive,2,31,0,0.002066054946874593,14.37
USR_12955,Standard,Crypto,30,8,6951.189999999999,2,3,2,At Risk,0,4,1,0.9954846203561771,6919.8
USR_13002,Gold,Robo-Advisory,57,17,6951.05,2,1,2,At Risk,1,15,0,0.002066054946874593,14.36
USR_13623,Standard,High-Yield Savings,57,13,6950.050000000001,2,2,2,At Risk,0,31,0,0.002066054946874593,14.36
USR_14458,Gold,Equities,134,7,6949.63,3,3,2,At Risk,0,40,1,0.9954846203561771,6918.25
USR_14171,Standard,Robo-Advisory,48,11,6948.540000000001,2,2,2,At Risk,1,26,0,0.002066054946874593,14.36
USR_11381,Standard,Equities,11,12,6944.0,1,2,2,Lost / Inactive,1,25,0,0.002066054946874593,14.35
USR_14877,Standard,High-Yield Savings,99,13,6943.910000000002,3,2,2,At Risk,1,24,1,0.9954846203561771,6912.56
USR_13486,VIP Wealth,High-Yield Savings,42,16,6943.119999999999,2,1,2,At Risk,1,18,0,0.002066054946874593,14.34
USR_13689,Standard,High-Yield Savings,46,13,6940.959999999999,2,2,2,At Risk,2,29,0,0.002066054946874593,14.34
USR_13788,Standard,Crypto,16,7,6940.860000000001,1,3,2,Lost / Inactive,1,26,0,0.002066054946874593,14.34
USR_12950,Gold,Equities,95,11,6940.57,3,2,2,At Risk,2,37,1,0.9954846203561771,6909.23
USR_13478,Standard,Equities,16,10,6938.639999999999,1,3,2,Lost / Inactive,0,22,0,0.002066054946874593,14.34
USR_12076,Standard,High-Yield Savings,58,12,6938.5199999999995,2,2,2,At Risk,0,23,0,0.002066054946874593,14.34
USR_12725,Gold,Equities,30,15,6934.549999999999,2,1,2,At Risk,3,31,0,0.002066054946874593,14.33
USR_11594,Gold,Crypto,45,10,6932.0199999999995,2,3,2,At Risk,2,38,0,0.002066054946874593,14.32
USR_11298,Standard,Crypto,146,18,6931.910000000001,3,1,2,At Risk,0,6,1,0.9954846203561771,6900.61
USR_12190,Standard,Crypto,29,12,6931.449999999999,2,2,2,At Risk,0,40,0,0.002066054946874593,14.32
USR_10031,Standard,Equities,104,14,6931.050000000001,3,1,2,At Risk,0,32,1,0.9954846203561771,6899.75
USR_13148,Standard,Equities,46,13,6930.780000000001,2,2,2,At Risk,1,4,1,0.9954846203561771,6899.48
USR_11451,Gold,Equities,13,11,6930.490000000001,1,2,2,Lost / Inactive,1,12,0,0.002066054946874593,14.32
USR_11824,Standard,High-Yield Savings,57,12,6926.74,2,2,2,At Risk,1,37,0,0.002066054946874593,14.31
USR_12503,Gold,High-Yield Savings,59,13,6925.36,2,2,2,At Risk,2,34,0,0.002066054946874593,14.31
USR_14748,Standard,Equities,55,15,6925.0300000000025,2,1,2,At Risk,1,41,0,0.002066054946874593,14.31
USR_11106,Standard,High-Yield Savings,37,16,6918.599999999999,2,1,2,At Risk,1,18,0,0.002066054946874593,14.29
USR_10020,Standard,Equities,47,17,6915.96,2,1,2,At Risk,1,39,0,0.002066054946874593,14.29
USR_14290,Gold,Robo-Advisory,4,11,6915.5199999999995,1,2,2,Lost / Inactive,0,17,0,0.002066054946874593,14.29
USR_10850,Gold,Equities,12,9,6915.049999999999,1,3,2,Lost / Inactive,1,42,0,0.002066054946874593,14.29
USR_13818,Standard,Crypto,14,12,6912.669999999999,1,2,2,Lost / Inactive,0,6,0,0.002066054946874593,14.28
USR_11998,Gold,Equities,129,10,6912.540000000001,3,2,2,At Risk,0,29,1,0.9954846203561771,6881.33
USR_14624,VIP Wealth,Crypto,310,8,6909.1900000000005,3,3,2,At Risk,2,24,1,0.9954846203561771,6877.99
USR_12838,Standard,Robo-Advisory,66,8,6903.860000000001,2,3,2,At Risk,1,22,0,0.002066054946874593,14.26
USR_13816,Standard,Crypto,93,13,6902.99,3,2,2,At Risk,2,28,1,0.9954846203561771,6871.82
USR_10837,Standard,High-Yield Savings,49,10,6902.25,2,3,2,At Risk,0,29,0,0.002066054946874593,14.26
USR_10160,VIP Wealth,Equities,28,16,6900.559999999999,2,1,2,At Risk,0,19,0,0.002066054946874593,14.26
USR_12273,VIP Wealth,Robo-Advisory,85,13,6892.039999999999,3,2,2,At Risk,3,9,0,0.002066054946874593,14.24
USR_11315,Standard,Equities,40,14,6891.12,2,1,2,At Risk,1,34,0,0.002066054946874593,14.24
USR_10127,Gold,Crypto,137,7,6890.33,3,3,2,At Risk,2,13,1,0.9954846203561771,6859.22
USR_13979,VIP Wealth,Crypto,22,16,6889.530000000001,1,1,2,Lost / Inactive,1,14,0,0.002066054946874593,14.23
USR_13676,Standard,High-Yield Savings,38,11,6889.08,2,2,2,At Risk,3,38,0,0.002066054946874593,14.23
USR_13456,Standard,Equities,103,12,6887.45,3,2,2,At Risk,2,24,1,0.9954846203561771,6856.35
USR_11148,Standard,Equities,29,13,6887.1,2,2,2,At Risk,1,7,0,0.002066054946874593,14.23
USR_11006,Gold,Robo-Advisory,3,11,6886.94,1,2,2,Lost / Inactive,0,19,0,0.002066054946874593,14.23
USR_12511,VIP Wealth,Crypto,6,16,6886.15,1,1,2,Lost / Inactive,0,9,0,0.002066054946874593,14.23
USR_13251,Standard,Crypto,62,16,6885.61,2,1,2,At Risk,0,3,1,0.9954846203561771,6854.52
USR_12563,Standard,Crypto,6,14,6883.17,1,1,2,Lost / Inactive,1,37,0,0.002066054946874593,14.22
USR_11412,Gold,High-Yield Savings,40,11,6882.749999999999,2,2,2,At Risk,0,15,0,0.002066054946874593,14.22
USR_14532,Standard,Equities,111,10,6876.84,3,3,2,At Risk,2,18,1,0.9954846203561771,6845.79
USR_11512,Standard,High-Yield Savings,4,14,6873.59,1,1,2,Lost / Inactive,1,15,0,0.002066054946874593,14.2
USR_11262,Standard,Crypto,433,7,6871.8,3,3,2,At Risk,0,14,1,0.9954846203561771,6840.77
USR_13898,Standard,Crypto,71,12,6868.849999999999,3,2,2,At Risk,2,23,0,0.002066054946874593,14.19
USR_14844,Standard,Equities,4,13,6868.319999999999,1,2,2,Lost / Inactive,0,2,1,0.9954846203561771,6837.31
USR_13278,Standard,Equities,58,13,6863.05,2,2,2,At Risk,3,26,0,0.002066054946874593,14.18
USR_10671,Standard,Crypto,21,12,6860.16,1,2,2,Lost / Inactive,0,15,0,0.002066054946874593,14.17
USR_11821,Standard,Equities,96,13,6859.929999999999,3,2,2,At Risk,0,44,1,0.9954846203561771,6828.95
USR_10209,Gold,Equities,145,12,6859.81,3,2,2,At Risk,0,34,1,0.9954846203561771,6828.84
USR_11658,Standard,Crypto,5,16,6855.469999999999,1,1,2,Lost / Inactive,1,31,0,0.002066054946874593,14.16
USR_11014,Gold,Crypto,40,13,6853.14,2,2,2,At Risk,1,13,0,0.002066054946874593,14.16
USR_10766,Gold,Robo-Advisory,11,17,6850.519999999999,1,1,2,Lost / Inactive,0,28,0,0.002066054946874593,14.15
USR_11210,Gold,High-Yield Savings,86,17,6847.319999999999,3,1,2,At Risk,0,36,0,0.002066054946874593,14.15
USR_11958,Gold,High-Yield Savings,37,14,6846.580000000003,2,1,2,At Risk,0,13,0,0.002066054946874593,14.15
USR_14553,Standard,Equities,62,16,6846.06,2,1,2,At Risk,1,4,1,0.9954846203561771,6815.15
USR_10027,VIP Wealth,High-Yield Savings,41,16,6845.9800000000005,2,1,2,At Risk,0,24,0,0.002066054946874593,14.14
USR_12451,Standard,Robo-Advisory,51,11,6841.33,2,2,2,At Risk,2,19,0,0.002066054946874593,14.13
USR_12693,Gold,High-Yield Savings,53,15,6838.77,2,1,2,At Risk,1,29,0,0.002066054946874593,14.13
USR_12741,Standard,Robo-Advisory,16,9,6837.32,1,3,2,Lost / Inactive,1,37,0,0.002066054946874593,14.13
USR_12912,Standard,High-Yield Savings,214,8,6836.75,3,3,2,At Risk,1,4,1,0.9954846203561771,6805.88
USR_12846,VIP Wealth,Equities,67,10,6835.659999999999,3,3,2,At Risk,2,15,0,0.002066054946874593,14.12
USR_11407,Standard,Robo-Advisory,169,5,6833.82,3,3,2,At Risk,0,3,1,0.9954846203561771,6802.96
USR_10319,Standard,Crypto,40,8,6833.780000000001,2,3,2,At Risk,0,2,1,0.9954846203561771,6802.92
USR_10715,Standard,Robo-Advisory,12,11,6832.400000000001,1,2,2,Lost / Inactive,0,35,0,0.002066054946874593,14.12
USR_13843,Standard,Crypto,8,11,6828.719999999999,1,2,2,Lost / Inactive,2,16,0,0.002066054946874593,14.11
USR_10686,Standard,Equities,25,14,6827.810000000001,2,1,2,At Risk,0,7,0,0.002066054946874593,14.11
USR_11352,Standard,Robo-Advisory,167,9,6825.669999999999,3,3,2,At Risk,0,42,1,0.9954846203561771,6794.85
USR_13367,Standard,High-Yield Savings,53,15,6824.730000000001,2,1,2,At Risk,2,2,1,0.9954846203561771,6793.91
USR_13392,Standard,Crypto,7,15,6824.33,1,1,2,Lost / Inactive,5,20,0,0.002066054946874593,14.1
USR_12387,Standard,High-Yield Savings,108,8,6820.31,3,3,2,At Risk,0,42,1,0.9954846203561771,6789.51
USR_11765,Gold,High-Yield Savings,15,12,6819.71,1,2,2,Lost / Inactive,1,15,0,0.002066054946874593,14.09
USR_13480,Standard,High-Yield Savings,32,11,6818.08,2,2,2,At Risk,2,21,0,0.002066054946874593,14.09
USR_13128,VIP Wealth,Crypto,124,17,6814.72,3,1,2,At Risk,3,39,1,0.9954846203561771,6783.95
USR_10867,Standard,Crypto,46,13,6812.9000000000015,2,2,2,At Risk,0,7,0,0.002066054946874593,14.08
USR_10617,Standard,Crypto,14,14,6812.860000000001,1,1,2,Lost / Inactive,1,39,0,0.002066054946874593,14.08
USR_11054,Standard,Equities,53,6,6812.610000000001,2,3,2,At Risk,1,40,0,0.002066054946874593,14.08
USR_13241,Standard,Crypto,5,13,6809.2,1,2,2,Lost / Inactive,0,8,0,0.002066054946874593,14.07
USR_11881,Standard,High-Yield Savings,66,14,6809.11,2,1,2,At Risk,0,28,0,0.002066054946874593,14.07
USR_14263,Gold,Equities,34,11,6803.959999999999,2,2,2,At Risk,1,7,0,0.002066054946874593,14.06
USR_10539,Standard,Equities,3,11,6802.38,1,2,2,Lost / Inactive,1,19,0,0.002066054946874593,14.05
USR_11645,Standard,Equities,60,8,6799.349999999999,2,3,2,At Risk,2,18,0,0.002066054946874593,14.05
USR_13546,Standard,Equities,68,14,6797.01,3,1,2,At Risk,1,0,1,0.9954846203561771,6766.32
USR_14429,Standard,Robo-Advisory,39,11,6796.83,2,2,2,At Risk,1,0,1,0.9954846203561771,6766.14
USR_14343,Gold,Robo-Advisory,88,11,6793.74,3,2,2,At Risk,0,29,0,0.002066054946874593,14.04
USR_13204,Standard,Equities,31,20,6792.139999999999,2,1,2,At Risk,1,25,0,0.002066054946874593,14.03
USR_10145,Standard,Crypto,110,10,6786.0599999999995,3,3,2,At Risk,0,13,1,0.9954846203561771,6755.42
USR_12163,Gold,Equities,38,12,6785.43,2,2,2,At Risk,4,10,0,0.002066054946874593,14.02
USR_13401,Standard,High-Yield Savings,4,16,6781.41,1,1,2,Lost / Inactive,1,24,0,0.002066054946874593,14.01
USR_13303,Gold,Equities,18,14,6779.3,1,1,2,Lost / Inactive,1,13,0,0.002066054946874593,14.01
USR_12533,Gold,Crypto,15,11,6779.0199999999995,1,2,2,Lost / Inactive,0,11,0,0.002066054946874593,14.01
USR_12157,VIP Wealth,Equities,80,13,6777.970000000001,3,2,2,At Risk,2,34,0,0.002066054946874593,14.0
USR_14288,Standard,High-Yield Savings,26,13,6776.0599999999995,2,2,2,At Risk,0,25,0,0.002066054946874593,14.0
USR_10067,Standard,High-Yield Savings,65,10,6774.570000000001,2,3,2,At Risk,0,19,0,0.002066054946874593,14.0
USR_12397,Standard,Equities,156,14,6774.14,3,1,2,At Risk,0,10,1,0.9954846203561771,6743.55
USR_14754,Standard,Crypto,89,14,6772.620000000001,3,1,2,At Risk,3,36,0,0.002066054946874593,13.99
USR_11977,Standard,High-Yield Savings,20,12,6766.87,1,2,2,Lost / Inactive,1,40,0,0.002066054946874593,13.98
USR_14672,Standard,High-Yield Savings,162,17,6762.4,3,1,2,At Risk,1,35,1,0.9954846203561771,6731.87
USR_14836,VIP Wealth,Crypto,98,12,6760.79,3,2,2,At Risk,1,24,1,0.9954846203561771,6730.26
USR_13529,Gold,Robo-Advisory,20,13,6755.97,1,2,2,Lost / Inactive,2,25,0,0.002066054946874593,13.96
USR_12483,Standard,High-Yield Savings,6,10,6753.9800000000005,1,3,2,Lost / Inactive,1,40,0,0.002066054946874593,13.95
USR_10656,Standard,Equities,71,13,6753.840000000001,3,2,2,At Risk,0,22,0,0.002066054946874593,13.95
USR_14332,Standard,Equities,27,10,6751.830000000001,2,3,2,At Risk,2,36,0,0.002066054946874593,13.95
USR_12198,Gold,Robo-Advisory,63,16,6748.26,2,1,2,At Risk,0,35,0,0.002066054946874593,13.94
USR_14387,Gold,Crypto,9,13,6747.3600000000015,1,2,2,Lost / Inactive,2,40,0,0.002066054946874593,13.94
USR_13960,Standard,Crypto,2,13,6747.100000000001,1,2,2,Lost / Inactive,1,32,0,0.002066054946874593,13.94
USR_14038,Standard,Equities,11,13,6746.2,1,2,2,Lost / Inactive,0,39,0,0.002066054946874593,13.94
USR_11501,Standard,High-Yield Savings,21,14,6746.14,1,1,2,Lost / Inactive,0,42,0,0.002066054946874593,13.94
USR_14848,Standard,Equities,218,8,6741.469999999999,3,3,2,At Risk,1,2,1,0.9954846203561771,6711.03
USR_10208,Standard,Equities,19,12,6739.42,1,2,2,Lost / Inactive,0,37,0,0.002066054946874593,13.92
USR_11955,Gold,Crypto,14,11,6735.66,1,2,2,Lost / Inactive,0,42,0,0.002066054946874593,13.92
USR_11124,Standard,High-Yield Savings,6,15,6733.720000000001,1,1,2,Lost / Inactive,0,26,0,0.002066054946874593,13.91
USR_11750,Gold,Crypto,94,15,6732.719999999999,3,1,2,At Risk,0,13,1,0.9954846203561771,6702.32
USR_10283,Gold,Equities,20,15,6729.220000000001,1,1,2,Lost / Inactive,1,2,1,0.9954846203561771,6698.84
USR_11551,Gold,High-Yield Savings,35,15,6726.870000000001,2,1,2,At Risk,1,43,0,0.002066054946874593,13.9
USR_10391,Standard,High-Yield Savings,243,11,6724.76,3,2,2,At Risk,1,10,1,0.9954846203561771,6694.4
USR_14661,Standard,Crypto,21,12,6724.470000000001,1,2,2,Lost / Inactive,1,3,1,0.9954846203561771,6694.11
USR_10527,VIP Wealth,High-Yield Savings,45,14,6723.11,2,1,2,At Risk,0,2,1,0.9954846203561771,6692.75
USR_13802,VIP Wealth,High-Yield Savings,177,9,6721.64,3,3,2,At Risk,0,3,1,0.9954846203561771,6691.29
USR_11815,Standard,Crypto,3,9,6720.15,1,3,2,Lost / Inactive,3,41,0,0.002066054946874593,13.88
USR_12652,Gold,Equities,58,12,6719.23,2,2,2,At Risk,0,15,0,0.002066054946874593,13.88
USR_10528,Standard,Robo-Advisory,186,16,6718.599999999999,3,1,2,At Risk,2,31,1,0.9954846203561771,6688.26
USR_12197,Standard,Robo-Advisory,46,12,6718.280000000001,2,2,2,At Risk,1,40,0,0.002066054946874593,13.88
USR_11537,Standard,High-Yield Savings,120,14,6717.42,3,1,2,At Risk,2,38,1,0.9954846203561771,6687.09
USR_10555,Gold,Crypto,27,19,6717.4,2,1,2,At Risk,1,15,0,0.002066054946874593,13.88
USR_11691,Standard,Crypto,20,15,6712.390000000001,1,1,2,Lost / Inactive,2,16,0,0.002066054946874593,13.87
USR_14796,Gold,Crypto,27,13,6711.490000000001,2,2,2,At Risk,1,1,1,0.9954846203561771,6681.19
USR_11832,Gold,Equities,2,13,6707.06,1,2,2,Lost / Inactive,1,24,0,0.002066054946874593,13.86
USR_12206,Gold,Equities,30,13,6706.960000000001,2,2,2,At Risk,2,16,0,0.002066054946874593,13.86
USR_11617,Gold,High-Yield Savings,304,10,6698.6,3,2,2,At Risk,2,27,1,0.9954846203561771,6668.35
USR_12516,Standard,Equities,10,6,6696.4400000000005,1,3,2,Lost / Inactive,2,38,0,0.002066054946874593,13.84
USR_12155,Gold,Crypto,20,11,6695.029999999999,1,2,2,Lost / Inactive,2,12,0,0.002066054946874593,13.83
USR_10598,Standard,Robo-Advisory,4,10,6694.88,1,3,2,Lost / Inactive,0,3,1,0.9954846203561771,6664.65
USR_14738,Standard,High-Yield Savings,52,15,6694.679999999999,2,1,2,At Risk,0,9,0,0.002066054946874593,13.83
USR_14094,Gold,Equities,97,15,6694.01,3,1,2,At Risk,2,6,1,0.9954846203561771,6663.78
USR_12364,Standard,Robo-Advisory,19,14,6693.75,1,1,2,Lost / Inactive,1,41,0,0.002066054946874593,13.83
USR_13972,Gold,Equities,53,12,6692.21,2,2,2,At Risk,1,29,0,0.002066054946874593,13.83
USR_10081,Standard,Crypto,7,16,6690.799999999999,1,1,2,Lost / Inactive,1,39,0,0.002066054946874593,13.82
USR_12470,Standard,High-Yield Savings,132,14,6685.3899999999985,3,1,2,At Risk,0,29,1,0.9954846203561771,6655.2
USR_11937,Standard,Equities,1,8,6682.890000000001,1,3,2,Lost / Inactive,1,43,0,0.002066054946874593,13.81
USR_14504,Standard,High-Yield Savings,131,12,6682.84,3,2,2,At Risk,2,31,1,0.9954846203561771,6652.66
USR_14113,Standard,Equities,32,12,6681.65,2,2,2,At Risk,1,9,0,0.002066054946874593,13.8
USR_10001,Standard,Robo-Advisory,39,12,6680.0599999999995,2,2,2,At Risk,2,36,0,0.002066054946874593,13.8
USR_11031,Gold,High-Yield Savings,19,9,6679.929999999999,1,3,2,Lost / Inactive,0,39,0,0.002066054946874593,13.8
USR_10647,Standard,Equities,54,14,6677.1,2,1,2,At Risk,0,32,0,0.002066054946874593,13.8
USR_13524,Standard,Equities,122,10,6672.41,3,3,2,At Risk,1,11,1,0.9954846203561771,6642.28
USR_10431,Standard,Robo-Advisory,145,11,6671.42,3,2,2,At Risk,0,10,1,0.9954846203561771,6641.3
USR_13850,Gold,High-Yield Savings,80,10,6669.91,3,3,2,At Risk,0,17,0,0.002066054946874593,13.78
USR_11187,Gold,Equities,40,11,6669.1,2,2,2,At Risk,2,4,1,0.9954846203561771,6638.99
USR_13223,Standard,High-Yield Savings,104,12,6668.8099999999995,3,2,2,At Risk,1,28,1,0.9954846203561771,6638.7
USR_14566,Standard,Crypto,18,13,6666.75,1,2,2,Lost / Inactive,0,35,0,0.002066054946874593,13.77
USR_10101,Standard,Equities,41,14,6659.040000000001,2,1,2,At Risk,0,7,0,0.002066054946874593,13.76
USR_12987,Standard,High-Yield Savings,6,11,6653.24,1,2,2,Lost / Inactive,0,17,0,0.002066054946874593,13.75
USR_10167,Gold,High-Yield Savings,43,19,6651.53,2,1,2,At Risk,1,0,1,0.9954846203561771,6621.5
USR_12342,Standard,Robo-Advisory,101,11,6649.12,3,2,2,At Risk,2,32,1,0.9954846203561771,6619.1
USR_13625,Gold,Robo-Advisory,125,6,6646.74,3,3,2,At Risk,1,14,1,0.9954846203561771,6616.73
USR_10010,VIP Wealth,Crypto,28,15,6641.21,2,1,2,At Risk,4,1,1,0.9954846203561771,6611.22
USR_12529,Gold,Equities,29,10,6640.900000000001,2,3,2,At Risk,2,9,0,0.002066054946874593,13.72
USR_13631,VIP Wealth,Equities,52,7,6640.369999999999,2,3,2,At Risk,0,27,0,0.002066054946874593,13.72
USR_12524,Standard,High-Yield Savings,5,16,6638.870000000001,1,1,2,Lost / Inactive,0,12,0,0.002066054946874593,13.72
USR_14073,Gold,High-Yield Savings,119,6,6638.7,3,3,2,At Risk,0,27,1,0.9954846203561771,6608.72
USR_13945,Standard,High-Yield Savings,32,10,6636.970000000001,2,3,2,At Risk,0,20,0,0.002066054946874593,13.71
USR_10260,Standard,Crypto,43,13,6634.820000000001,2,2,2,At Risk,0,1,1,0.9954846203561771,6604.86
USR_12312,Standard,Equities,13,14,6634.150000000001,1,1,2,Lost / Inactive,0,13,0,0.002066054946874593,13.71
USR_11830,Standard,Equities,91,16,6627.9400000000005,3,1,2,At Risk,0,41,1,0.9954846203561771,6598.01
USR_10956,Standard,Equities,11,12,6622.530000000001,1,2,2,Lost / Inactive,1,11,0,0.002066054946874593,13.68
USR_14870,Standard,Equities,67,11,6622.4,2,2,2,At Risk,1,42,0,0.002066054946874593,13.68
USR_10115,Standard,Crypto,72,8,6622.02,3,3,2,At Risk,0,7,0,0.002066054946874593,13.68
USR_10939,Standard,Crypto,127,11,6621.679999999999,3,2,2,At Risk,1,34,1,0.9954846203561771,6591.78
USR_10408,VIP Wealth,High-Yield Savings,1,13,6620.690000000001,1,2,2,Lost / Inactive,0,16,0,0.002066054946874593,13.68
USR_12095,Standard,High-Yield Savings,73,12,6620.06,3,2,2,At Risk,0,12,0,0.002066054946874593,13.68
USR_11300,Gold,High-Yield Savings,85,8,6619.03,3,3,2,At Risk,0,21,0,0.002066054946874593,13.68
USR_14868,Standard,Equities,41,15,6618.76,2,1,2,At Risk,1,12,0,0.002066054946874593,13.67
USR_14051,Standard,High-Yield Savings,41,9,6617.79,2,3,2,At Risk,1,19,0,0.002066054946874593,13.67
USR_11129,Standard,High-Yield Savings,4,14,6616.93,1,1,2,Lost / Inactive,0,20,0,0.002066054946874593,13.67
USR_12764,Standard,Equities,54,7,6616.56,2,3,2,At Risk,3,22,0,0.002066054946874593,13.67
USR_13131,Standard,Equities,81,11,6615.33,3,2,2,At Risk,0,34,0,0.002066054946874593,13.67
USR_11260,Standard,High-Yield Savings,23,13,6613.760000000001,1,2,2,Lost / Inactive,0,23,0,0.002066054946874593,13.66
USR_11287,Standard,Equities,27,13,6612.530000000001,2,2,2,At Risk,0,17,0,0.002066054946874593,13.66
USR_11377,Gold,Equities,7,10,6610.549999999999,1,3,2,Lost / Inactive,1,25,0,0.002066054946874593,13.66
USR_10719,Standard,High-Yield Savings,4,13,6609.9,1,2,2,Lost / Inactive,1,29,0,0.002066054946874593,13.66
USR_10871,Standard,Robo-Advisory,102,13,6601.26,3,1,2,At Risk,1,4,1,0.9954846203561771,6571.45
USR_11713,VIP Wealth,High-Yield Savings,53,14,6599.5,2,1,2,At Risk,0,15,0,0.002066054946874593,13.63
USR_12148,Standard,Crypto,85,4,6598.77,3,3,2,At Risk,0,37,0,0.002066054946874593,13.63
USR_14282,Standard,Equities,40,15,6595.669999999999,2,1,2,At Risk,1,24,0,0.002066054946874593,13.63
USR_11236,Gold,Equities,60,13,6593.87,2,2,2,At Risk,3,17,0,0.002066054946874593,13.62
USR_12811,Gold,Equities,107,12,6593.589999999998,3,2,2,At Risk,0,14,1,0.9954846203561771,6563.82
USR_13904,VIP Wealth,High-Yield Savings,19,11,6593.5,1,2,2,Lost / Inactive,0,15,0,0.002066054946874593,13.62
USR_12589,Standard,High-Yield Savings,114,10,6593.209999999999,3,2,2,At Risk,0,41,1,0.9954846203561771,6563.44
USR_12864,Gold,High-Yield Savings,1,13,6590.22,1,2,2,Lost / Inactive,0,7,0,0.002066054946874593,13.62
USR_14047,Gold,High-Yield Savings,55,13,6588.99,2,2,2,At Risk,1,2,1,0.9954846203561771,6559.24
USR_14079,Standard,Robo-Advisory,6,12,6586.29,1,2,2,Lost / Inactive,1,2,1,0.9954846203561771,6556.55
USR_14056,Standard,High-Yield Savings,126,11,6585.4400000000005,3,2,2,At Risk,2,24,1,0.9954846203561771,6555.7
USR_14349,VIP Wealth,Robo-Advisory,4,9,6584.63,1,3,2,Lost / Inactive,2,40,0,0.002066054946874593,13.6
USR_11399,Gold,Equities,12,14,6581.8499999999985,1,1,2,Lost / Inactive,0,29,0,0.002066054946874593,13.6
USR_10522,Gold,Crypto,66,14,6581.2699999999995,2,1,2,At Risk,1,18,0,0.002066054946874593,13.6
USR_14897,Standard,Crypto,103,8,6580.550000000001,3,3,2,At Risk,1,30,1,0.9954846203561771,6550.84
USR_11798,Standard,Equities,1,11,6579.210000000001,1,2,2,Lost / Inactive,2,38,0,0.002066054946874593,13.59
USR_14572,Gold,Robo-Advisory,48,11,6578.88,2,2,2,At Risk,0,18,0,0.002066054946874593,13.59
USR_13670,Standard,Robo-Advisory,50,10,6578.360000000001,2,3,2,At Risk,1,26,0,0.002066054946874593,13.59
USR_12940,Gold,Equities,33,10,6578.209999999999,2,3,2,At Risk,1,2,1,0.9954846203561771,6548.51
USR_14858,Standard,Equities,48,17,6574.04,2,1,2,At Risk,1,15,0,0.002066054946874593,13.58
USR_10024,Gold,Crypto,78,9,6572.299999999999,3,3,2,At Risk,0,30,0,0.002066054946874593,13.58
USR_13523,Gold,High-Yield Savings,61,8,6571.11,2,3,2,At Risk,1,7,0,0.002066054946874593,13.58
USR_11589,Gold,Robo-Advisory,46,13,6567.89,2,2,2,At Risk,2,21,0,0.002066054946874593,13.57
USR_13326,Gold,Crypto,15,10,6567.740000000001,1,3,2,Lost / Inactive,2,10,0,0.002066054946874593,13.57
USR_13163,Gold,Crypto,5,16,6566.99,1,1,2,Lost / Inactive,0,3,1,0.9954846203561771,6537.34
USR_10065,VIP Wealth,Equities,11,9,6559.75,1,3,2,Lost / Inactive,0,40,0,0.002066054946874593,13.55
USR_12328,Gold,Equities,4,19,6557.43,1,1,2,Lost / Inactive,0,13,0,0.002066054946874593,13.55
USR_12684,Standard,High-Yield Savings,61,12,6557.240000000001,2,2,2,At Risk,1,23,0,0.002066054946874593,13.55
USR_13959,Gold,High-Yield Savings,40,15,6555.76,2,1,2,At Risk,0,44,0,0.002066054946874593,13.54
USR_13790,Gold,Robo-Advisory,1,13,6554.34,1,2,2,Lost / Inactive,0,4,1,0.9954846203561771,6524.74
USR_12306,Standard,Equities,76,11,6553.530000000001,3,2,2,At Risk,1,6,0,0.002066054946874593,13.54
USR_13947,Gold,Equities,84,12,6544.899999999998,3,2,2,At Risk,1,33,0,0.002066054946874593,13.52
USR_13234,Standard,Equities,20,11,6535.45,1,2,2,Lost / Inactive,3,34,0,0.002066054946874593,13.5
USR_12754,VIP Wealth,Crypto,84,15,6534.94,3,1,2,At Risk,2,29,0,0.002066054946874593,13.5
USR_12888,Standard,Crypto,179,10,6531.72,3,3,2,At Risk,0,36,1,0.9954846203561771,6502.23
USR_10729,Gold,Equities,248,8,6529.739999999999,3,3,2,At Risk,2,31,1,0.9954846203561771,6500.26
USR_14193,Standard,Equities,41,14,6528.41,2,1,2,At Risk,0,30,0,0.002066054946874593,13.49
USR_13990,Standard,High-Yield Savings,6,14,6524.69,1,1,2,Lost / Inactive,2,5,0,0.002066054946874593,13.48
USR_11251,Standard,Crypto,170,9,6522.649999999999,3,3,2,At Risk,1,25,1,0.9954846203561771,6493.2
USR_13656,Standard,Equities,193,8,6519.0199999999995,3,3,2,At Risk,0,30,1,0.9954846203561771,6489.58
USR_12067,Standard,Robo-Advisory,64,10,6516.75,2,3,2,At Risk,1,26,0,0.002066054946874593,13.46
USR_14333,VIP Wealth,Equities,93,14,6516.710000000001,3,1,2,At Risk,0,23,1,0.9954846203561771,6487.28
USR_11576,Gold,Robo-Advisory,12,13,6516.0,1,2,2,Lost / Inactive,1,44,0,0.002066054946874593,13.46
USR_10631,Standard,Crypto,86,13,6514.6,3,2,2,At Risk,1,16,0,0.002066054946874593,13.46
USR_13713,Standard,Crypto,21,10,6507.46,1,3,2,Lost / Inactive,1,1,1,0.9954846203561771,6478.08
USR_13729,Standard,Equities,56,14,6506.239999999999,2,1,2,At Risk,1,15,0,0.002066054946874593,13.44
USR_13379,VIP Wealth,Equities,17,13,6497.36,1,2,2,Lost / Inactive,1,32,0,0.002066054946874593,13.42
USR_11330,Standard,Crypto,77,14,6496.879999999998,3,1,2,At Risk,0,20,0,0.002066054946874593,13.42
USR_10356,VIP Wealth,Crypto,21,16,6493.87,1,1,2,Lost / Inactive,0,31,0,0.002066054946874593,13.42
USR_14582,Standard,High-Yield Savings,1,18,6488.110000000001,1,1,2,Lost / Inactive,0,17,0,0.002066054946874593,13.4
USR_10955,Standard,Equities,69,10,6483.070000000001,3,3,2,At Risk,1,18,0,0.002066054946874593,13.39
USR_10775,Standard,Equities,54,14,6481.349999999999,2,1,2,At Risk,0,20,0,0.002066054946874593,13.39
USR_11624,VIP Wealth,Crypto,53,10,6473.35,2,3,2,At Risk,3,5,0,0.002066054946874593,13.37
USR_10570,Standard,Crypto,11,14,6471.49,1,1,2,Lost / Inactive,0,19,0,0.002066054946874593,13.37
USR_14904,Standard,Robo-Advisory,18,14,6471.460000000001,1,1,2,Lost / Inactive,0,31,0,0.002066054946874593,13.37
USR_12282,Gold,Robo-Advisory,57,11,6470.87,2,2,2,At Risk,0,41,0,0.002066054946874593,13.37
USR_14452,Standard,Crypto,42,16,6466.37,2,1,2,At Risk,1,12,0,0.002066054946874593,13.36
USR_14376,VIP Wealth,Crypto,47,8,6463.95,2,3,2,At Risk,1,25,0,0.002066054946874593,13.35
USR_11374,Gold,Equities,206,8,6460.65,3,3,2,At Risk,1,23,1,0.9954846203561771,6431.48
USR_12318,Gold,Equities,16,12,6459.330000000001,1,2,2,Lost / Inactive,1,25,0,0.002066054946874593,13.35
USR_14473,Standard,Crypto,60,13,6458.66,2,2,2,At Risk,0,16,0,0.002066054946874593,13.34
USR_13247,Standard,Equities,12,12,6454.06,1,2,2,Lost / Inactive,0,30,0,0.002066054946874593,13.33
USR_10312,Standard,Equities,48,13,6453.54,2,2,2,At Risk,1,15,0,0.002066054946874593,13.33
USR_13955,Standard,Equities,41,10,6452.33,2,3,2,At Risk,3,17,0,0.002066054946874593,13.33
USR_11766,Standard,Crypto,46,13,6448.6,2,2,2,At Risk,0,24,0,0.002066054946874593,13.32
USR_11110,Standard,High-Yield Savings,21,10,6448.12,1,3,2,Lost / Inactive,0,6,0,0.002066054946874593,13.32
USR_14039,Standard,Crypto,52,10,6447.98,2,3,2,At Risk,0,43,0,0.002066054946874593,13.32
USR_10227,Standard,Crypto,55,17,6447.69,2,1,2,At Risk,0,18,0,0.002066054946874593,13.32
USR_14174,Standard,Crypto,13,16,6446.610000000001,1,1,2,Lost / Inactive,1,36,0,0.002066054946874593,13.32
USR_11111,Standard,Crypto,81,8,6446.38,3,3,2,At Risk,0,32,0,0.002066054946874593,13.32
USR_11875,Standard,Crypto,12,9,6441.950000000001,1,3,2,Lost / Inactive,2,37,0,0.002066054946874593,13.31
USR_10014,Standard,Crypto,22,12,6440.450000000002,1,2,2,Lost / Inactive,0,3,1,0.9954846203561771,6411.37
USR_12745,Standard,Robo-Advisory,87,8,6439.41,3,3,2,At Risk,1,36,0,0.002066054946874593,13.3
USR_13198,Standard,Equities,31,12,6434.710000000001,2,2,2,At Risk,1,40,0,0.002066054946874593,13.29
USR_14922,Gold,Equities,106,9,6432.92,3,3,2,At Risk,1,1,1,0.9954846203561771,6403.87
USR_12775,Gold,Equities,27,13,6429.459999999999,2,2,2,At Risk,1,29,0,0.002066054946874593,13.28
USR_11272,Standard,Crypto,43,11,6428.14,2,2,2,At Risk,0,12,0,0.002066054946874593,13.28
USR_11886,Gold,Robo-Advisory,14,14,6422.320000000001,1,1,2,Lost / Inactive,0,5,0,0.002066054946874593,13.27
USR_10517,Gold,High-Yield Savings,15,11,6417.799999999999,1,2,2,Lost / Inactive,0,16,0,0.002066054946874593,13.26
USR_11521,Gold,Equities,18,15,6415.24,1,1,2,Lost / Inactive,2,8,0,0.002066054946874593,13.25
USR_12854,Gold,Robo-Advisory,3,11,6414.030000000001,1,2,2,Lost / Inactive,0,33,0,0.002066054946874593,13.25
USR_10881,Gold,Equities,35,12,6411.2,2,2,2,At Risk,0,17,0,0.002066054946874593,13.25
USR_11556,Standard,High-Yield Savings,55,8,6409.93,2,3,2,At Risk,0,17,0,0.002066054946874593,13.24
USR_10574,Gold,Crypto,61,16,6408.490000000001,2,1,2,At Risk,0,43,0,0.002066054946874593,13.24
USR_11143,Standard,High-Yield Savings,6,14,6406.709999999999,1,1,2,Lost / Inactive,1,30,0,0.002066054946874593,13.24
USR_10762,Gold,High-Yield Savings,33,12,6405.9400000000005,2,2,2,At Risk,0,33,0,0.002066054946874593,13.24
USR_11789,Standard,High-Yield Savings,3,18,6403.5,1,1,2,Lost / Inactive,4,12,0,0.002066054946874593,13.23
USR_12971,Standard,Crypto,11,12,6403.29,1,2,2,Lost / Inactive,1,6,0,0.002066054946874593,13.23
USR_11984,Gold,Equities,89,12,6402.79,3,2,2,At Risk,4,6,0,0.002066054946874593,13.23
USR_11572,Standard,Equities,190,11,6401.64,3,2,2,At Risk,3,39,1,0.9954846203561771,6372.73
USR_14855,Standard,Crypto,7,13,6400.87,1,2,2,Lost / Inactive,0,8,0,0.002066054946874593,13.22
USR_14496,VIP Wealth,Equities,84,15,6400.620000000002,3,1,2,At Risk,0,39,0,0.002066054946874593,13.22
USR_13166,Standard,High-Yield Savings,13,17,6399.900000000001,1,1,2,Lost / Inactive,0,28,0,0.002066054946874593,13.22
USR_13434,Standard,Robo-Advisory,56,4,6398.75,2,3,2,At Risk,1,40,0,0.002066054946874593,13.22
USR_12317,Gold,Robo-Advisory,1,14,6398.340000000001,1,1,2,Lost / Inactive,2,34,0,0.002066054946874593,13.22
USR_11472,Standard,Robo-Advisory,93,9,6398.040000000001,3,3,2,At Risk,0,31,1,0.9954846203561771,6369.15
USR_10984,Gold,Crypto,31,17,6397.580000000001,2,1,2,At Risk,0,17,0,0.002066054946874593,13.22
USR_11138,Gold,High-Yield Savings,20,14,6397.19,1,1,2,Lost / Inactive,1,34,0,0.002066054946874593,13.22
USR_13682,Standard,Crypto,8,11,6395.67,1,2,2,Lost / Inactive,0,29,0,0.002066054946874593,13.21
USR_13775,Gold,High-Yield Savings,26,13,6394.9400000000005,2,2,2,At Risk,1,1,1,0.9954846203561771,6366.06
USR_14269,Gold,High-Yield Savings,43,19,6394.609999999999,2,1,2,At Risk,0,42,0,0.002066054946874593,13.21
USR_11758,Gold,Equities,29,11,6393.66,2,2,2,At Risk,1,43,0,0.002066054946874593,13.21
USR_12890,Standard,Robo-Advisory,28,9,6391.810000000001,2,3,2,At Risk,0,17,0,0.002066054946874593,13.21
USR_14742,Gold,Robo-Advisory,48,13,6390.32,2,2,2,At Risk,0,11,0,0.002066054946874593,13.2
USR_13538,Gold,Crypto,27,12,6388.420000000001,2,2,2,At Risk,0,30,0,0.002066054946874593,13.2
USR_14411,Standard,Equities,60,11,6385.26,2,2,2,At Risk,0,7,0,0.002066054946874593,13.19
USR_10529,Standard,Equities,16,14,6385.1900000000005,1,1,2,Lost / Inactive,0,21,0,0.002066054946874593,13.19
USR_14993,Standard,High-Yield Savings,9,21,6383.51,1,1,2,Lost / Inactive,0,15,0,0.002066054946874593,13.19
USR_11080,Gold,Crypto,32,13,6382.2,2,2,2,At Risk,2,21,0,0.002066054946874593,13.19
USR_14465,Standard,Crypto,26,12,6380.1,2,2,2,At Risk,2,26,0,0.002066054946874593,13.18
USR_12340,Standard,High-Yield Savings,23,11,6379.0,1,2,2,Lost / Inactive,3,18,0,0.002066054946874593,13.18
USR_10023,Gold,High-Yield Savings,95,14,6378.37,3,1,2,At Risk,0,0,1,0.9954846203561771,6349.57
USR_14875,Standard,High-Yield Savings,148,10,6376.069999999999,3,3,2,At Risk,1,36,1,0.9954846203561771,6347.28
USR_13405,Gold,Robo-Advisory,11,9,6375.5599999999995,1,3,2,Lost / Inactive,0,12,0,0.002066054946874593,13.17
USR_12473,Standard,Crypto,19,8,6373.84,1,3,2,Lost / Inactive,1,42,0,0.002066054946874593,13.17
USR_10505,Gold,Equities,13,10,6372.769999999999,1,3,2,Lost / Inactive,0,31,0,0.002066054946874593,13.17
USR_11640,Gold,Equities,12,12,6371.78,1,2,2,Lost / Inactive,0,7,0,0.002066054946874593,13.16
USR_10363,Gold,High-Yield Savings,31,17,6370.24,2,1,2,At Risk,1,28,0,0.002066054946874593,13.16
USR_10993,Gold,High-Yield Savings,62,18,6367.390000000002,2,1,2,At Risk,0,28,0,0.002066054946874593,13.16
USR_12607,Standard,High-Yield Savings,65,9,6366.32,2,3,2,At Risk,0,12,0,0.002066054946874593,13.15
USR_14312,Standard,High-Yield Savings,9,14,6366.02,1,1,2,Lost / Inactive,0,21,0,0.002066054946874593,13.15
USR_10366,Standard,High-Yield Savings,43,8,6363.789999999999,2,3,2,At Risk,3,2,1,0.9954846203561771,6335.06
USR_11694,Gold,Crypto,132,6,6362.1,3,3,2,At Risk,0,32,1,0.9954846203561771,6333.37
USR_14486,Gold,Crypto,109,11,6358.740000000001,3,2,2,At Risk,0,2,1,0.9954846203561771,6330.03
USR_11883,Gold,Crypto,23,13,6357.499999999999,1,2,2,Lost / Inactive,0,39,0,0.002066054946874593,13.13
USR_12670,Gold,Equities,15,13,6357.14,1,2,2,Lost / Inactive,0,8,0,0.002066054946874593,13.13
USR_11480,VIP Wealth,Robo-Advisory,11,12,6355.039999999999,1,2,2,Lost / Inactive,1,2,1,0.9954846203561771,6326.34
USR_12992,Standard,Equities,48,13,6352.420000000001,2,2,2,At Risk,0,12,0,0.002066054946874593,13.12
USR_11601,Standard,Equities,5,12,6352.11,1,2,2,Lost / Inactive,1,36,0,0.002066054946874593,13.12
USR_14421,VIP Wealth,Equities,15,12,6350.909999999999,1,2,2,Lost / Inactive,2,0,1,0.9954846203561771,6322.23
USR_12633,Standard,Robo-Advisory,28,9,6349.070000000001,2,3,2,At Risk,1,3,1,0.9954846203561771,6320.4
USR_10887,Standard,Equities,41,12,6347.8,2,2,2,At Risk,1,12,0,0.002066054946874593,13.11
USR_10263,Standard,High-Yield Savings,72,15,6347.73,3,1,2,At Risk,2,11,0,0.002066054946874593,13.11
USR_10436,Standard,Crypto,66,12,6347.65,2,2,2,At Risk,0,14,0,0.002066054946874593,13.11
USR_14807,Gold,Equities,55,10,6344.799999999999,2,3,2,At Risk,1,41,0,0.002066054946874593,13.11
USR_13585,Standard,Equities,2,11,6341.21,1,2,2,Lost / Inactive,0,4,1,0.9954846203561771,6312.58
USR_11204,Standard,Equities,161,13,6340.340000000001,3,1,2,At Risk,0,21,1,0.9954846203561771,6311.71
USR_12490,Standard,Crypto,26,14,6336.88,2,1,2,At Risk,1,27,0,0.002066054946874593,13.09
USR_14254,Standard,Robo-Advisory,60,15,6335.769999999999,2,1,2,At Risk,0,12,0,0.002066054946874593,13.09
USR_14866,Standard,Equities,53,16,6335.579999999999,2,1,2,At Risk,2,17,0,0.002066054946874593,13.09
USR_12332,Standard,Equities,76,8,6334.1,3,3,2,At Risk,1,42,0,0.002066054946874593,13.09
USR_14488,Gold,High-Yield Savings,38,11,6333.57,2,2,2,At Risk,4,29,0,0.002066054946874593,13.09
USR_12791,Gold,Crypto,57,11,6331.43,2,2,2,At Risk,1,36,0,0.002066054946874593,13.08
USR_10281,Standard,Crypto,16,12,6328.300000000001,1,2,2,Lost / Inactive,1,8,0,0.002066054946874593,13.07
USR_10402,VIP Wealth,Crypto,6,14,6327.04,1,1,2,Lost / Inactive,1,30,0,0.002066054946874593,13.07
USR_12138,Standard,High-Yield Savings,83,13,6325.530000000001,3,2,2,At Risk,2,15,0,0.002066054946874593,13.07
USR_12293,Standard,High-Yield Savings,71,10,6323.679999999999,3,3,2,At Risk,2,2,1,0.9954846203561771,6295.13
USR_14071,Standard,Crypto,47,12,6323.6,2,2,2,At Risk,1,13,0,0.002066054946874593,13.06
USR_14671,VIP Wealth,Crypto,13,12,6321.989999999999,1,2,2,Lost / Inactive,1,24,0,0.002066054946874593,13.06
USR_13078,Gold,Equities,14,11,6320.070000000001,1,2,2,Lost / Inactive,1,43,0,0.002066054946874593,13.06
USR_10175,Standard,Equities,110,10,6320.01,3,3,2,At Risk,1,42,1,0.9954846203561771,6291.47
USR_11267,Standard,Equities,8,13,6319.75,1,2,2,Lost / Inactive,1,8,0,0.002066054946874593,13.06
USR_13051,Standard,Equities,10,16,6318.620000000001,1,1,2,Lost / Inactive,0,12,0,0.002066054946874593,13.05
USR_13035,VIP Wealth,High-Yield Savings,2,14,6317.58,1,1,2,Lost / Inactive,2,40,0,0.002066054946874593,13.05
USR_13820,VIP Wealth,Equities,48,13,6316.969999999999,2,2,2,At Risk,0,22,0,0.002066054946874593,13.05
USR_12610,Gold,Crypto,107,12,6316.09,3,2,2,At Risk,1,41,1,0.9954846203561771,6287.57
USR_14772,Gold,Robo-Advisory,138,12,6314.989999999999,3,2,2,At Risk,2,20,1,0.9954846203561771,6286.48
USR_10254,Standard,High-Yield Savings,49,9,6314.4400000000005,2,3,2,At Risk,0,26,0,0.002066054946874593,13.05
USR_10633,Standard,Crypto,83,12,6312.68,3,2,2,At Risk,3,11,0,0.002066054946874593,13.04
USR_13201,Standard,Robo-Advisory,19,15,6308.58,1,1,2,Lost / Inactive,4,14,0,0.002066054946874593,13.03
USR_11653,Standard,High-Yield Savings,52,11,6307.96,2,2,2,At Risk,0,2,1,0.9954846203561771,6279.48
USR_14605,VIP Wealth,High-Yield Savings,44,13,6307.360000000001,2,2,2,At Risk,0,22,0,0.002066054946874593,13.03
USR_13377,Gold,Equities,177,10,6302.7300000000005,3,2,2,At Risk,1,34,1,0.9954846203561771,6274.27
USR_13926,Standard,Robo-Advisory,171,7,6299.24,3,3,2,At Risk,1,43,1,0.9954846203561771,6270.8
USR_12323,Standard,Equities,84,9,6298.58,3,3,2,At Risk,3,7,0,0.002066054946874593,13.01
USR_14037,Gold,Equities,15,10,6296.56,1,3,2,Lost / Inactive,0,41,0,0.002066054946874593,13.01
USR_14507,Gold,Equities,36,12,6294.009999999999,2,2,2,At Risk,0,4,1,0.9954846203561771,6265.59
USR_12979,Gold,Equities,6,16,6291.58,1,1,2,Lost / Inactive,1,25,0,0.002066054946874593,13.0
USR_13042,Standard,Equities,50,13,6288.749999999999,2,2,2,At Risk,5,15,0,0.002066054946874593,12.99
USR_12730,Standard,Crypto,17,10,6286.8,1,3,2,Lost / Inactive,1,6,0,0.002066054946874593,12.99
USR_11248,Standard,Crypto,22,15,6286.65,1,1,2,Lost / Inactive,0,17,0,0.002066054946874593,12.99
USR_11726,VIP Wealth,Crypto,18,15,6286.33,1,1,2,Lost / Inactive,1,21,0,0.002066054946874593,12.99
USR_12314,Standard,High-Yield Savings,109,14,6285.73,3,1,2,At Risk,0,43,1,0.9954846203561771,6257.35
USR_13753,Standard,Crypto,5,18,6285.5199999999995,1,1,2,Lost / Inactive,2,12,0,0.002066054946874593,12.99
USR_11400,Standard,Crypto,54,14,6284.759999999999,2,1,2,At Risk,1,36,0,0.002066054946874593,12.98
USR_11980,Standard,High-Yield Savings,213,11,6284.629999999999,3,2,2,At Risk,0,23,1,0.9954846203561771,6256.25
USR_11814,Standard,Crypto,9,16,6284.57,1,1,2,Lost / Inactive,0,3,1,0.9954846203561771,6256.19
USR_14823,VIP Wealth,Equities,32,13,6283.200000000001,2,2,2,At Risk,1,44,0,0.002066054946874593,12.98
USR_11066,Standard,Equities,62,10,6276.099999999999,2,3,2,At Risk,0,31,0,0.002066054946874593,12.97
USR_10119,Standard,Crypto,51,7,6274.95,2,3,2,At Risk,2,36,0,0.002066054946874593,12.96
USR_14090,Standard,Equities,62,12,6273.279999999999,2,2,2,At Risk,0,42,0,0.002066054946874593,12.96
USR_10141,Gold,Equities,100,10,6270.58,3,3,2,At Risk,1,37,1,0.9954846203561771,6242.27
USR_11266,VIP Wealth,Crypto,76,11,6267.510000000001,3,2,2,At Risk,0,1,1,0.9954846203561771,6239.21
USR_10182,Standard,Crypto,13,15,6265.380000000001,1,1,2,Lost / Inactive,0,39,0,0.002066054946874593,12.94
USR_13885,Standard,Equities,88,9,6259.25,3,3,2,At Risk,1,7,0,0.002066054946874593,12.93
USR_10954,Standard,Equities,25,13,6259.200000000001,2,2,2,At Risk,1,18,0,0.002066054946874593,12.93
USR_10535,Standard,Crypto,134,10,6257.57,3,2,2,At Risk,0,18,1,0.9954846203561771,6229.31
USR_14124,Gold,High-Yield Savings,206,8,6255.1900000000005,3,3,2,At Risk,0,9,1,0.9954846203561771,6226.95
USR_11426,Standard,Crypto,106,12,6255.02,3,2,2,At Risk,0,34,1,0.9954846203561771,6226.78
USR_10974,Gold,Equities,18,15,6253.63,1,1,2,Lost / Inactive,0,20,0,0.002066054946874593,12.92
USR_12646,VIP Wealth,Crypto,206,13,6252.9,3,1,2,At Risk,1,30,1,0.9954846203561771,6224.67
USR_12899,Standard,Robo-Advisory,8,13,6252.32,1,2,2,Lost / Inactive,0,34,0,0.002066054946874593,12.92
USR_11056,Standard,Equities,69,14,6252.089999999999,3,1,2,At Risk,1,17,0,0.002066054946874593,12.92
USR_10891,Standard,High-Yield Savings,76,10,6251.5199999999995,3,3,2,At Risk,2,31,0,0.002066054946874593,12.92
USR_13262,Standard,Robo-Advisory,23,16,6248.729999999999,1,1,2,Lost / Inactive,2,10,0,0.002066054946874593,12.91
USR_14727,Gold,Robo-Advisory,195,10,6248.499999999999,3,3,2,At Risk,2,22,1,0.9954846203561771,6220.29
USR_11599,Standard,Equities,218,11,6246.41,3,2,2,At Risk,0,39,1,0.9954846203561771,6218.21
USR_10410,Gold,High-Yield Savings,79,12,6244.9400000000005,3,2,2,At Risk,2,0,1,0.9954846203561771,6216.74
USR_10782,Gold,Equities,22,14,6243.809999999999,1,1,2,Lost / Inactive,0,9,0,0.002066054946874593,12.9
USR_14341,Standard,Crypto,68,13,6242.849999999999,3,2,2,At Risk,0,14,0,0.002066054946874593,12.9
USR_13620,Standard,Equities,21,11,6241.86,1,2,2,Lost / Inactive,1,21,0,0.002066054946874593,12.9
USR_10580,Standard,High-Yield Savings,78,17,6240.379999999998,3,1,2,At Risk,2,16,0,0.002066054946874593,12.89
USR_14318,Standard,Equities,4,12,6239.389999999999,1,2,2,Lost / Inactive,0,2,1,0.9954846203561771,6211.22
USR_10017,Gold,High-Yield Savings,45,12,6238.700000000001,2,2,2,At Risk,0,14,0,0.002066054946874593,12.89
USR_13283,Standard,Robo-Advisory,81,17,6237.04,3,1,2,At Risk,2,2,1,0.9954846203561771,6208.88
USR_14117,Standard,Equities,14,11,6236.409999999999,1,2,2,Lost / Inactive,0,42,0,0.002066054946874593,12.88
USR_10636,Gold,High-Yield Savings,28,11,6236.02,2,2,2,At Risk,1,13,0,0.002066054946874593,12.88
USR_10957,Standard,Equities,66,10,6235.09,2,3,2,At Risk,0,2,1,0.9954846203561771,6206.94
USR_11255,Standard,Equities,154,10,6235.049999999999,3,2,2,At Risk,0,23,1,0.9954846203561771,6206.9
USR_13983,Gold,Crypto,10,14,6234.389999999999,1,1,2,Lost / Inactive,1,24,0,0.002066054946874593,12.88
USR_11817,Gold,Crypto,40,19,6233.9,2,1,2,At Risk,0,5,0,0.002066054946874593,12.88
USR_13409,Gold,Equities,145,11,6232.300000000001,3,2,2,At Risk,0,7,1,0.9954846203561771,6204.16
USR_14231,Standard,Crypto,26,15,6229.590000000001,2,1,2,At Risk,0,44,0,0.002066054946874593,12.87
USR_14921,Gold,High-Yield Savings,58,15,6229.349999999999,2,1,2,At Risk,0,42,0,0.002066054946874593,12.87
USR_14767,Standard,Equities,45,12,6229.31,2,2,2,At Risk,1,27,0,0.002066054946874593,12.87
USR_13616,Gold,Equities,167,14,6228.780000000002,3,1,2,At Risk,0,14,1,0.9954846203561771,6200.65
USR_10054,Standard,Crypto,16,14,6225.93,1,1,2,Lost / Inactive,1,24,0,0.002066054946874593,12.86
USR_13416,Standard,Equities,2,12,6225.24,1,2,2,Lost / Inactive,0,36,0,0.002066054946874593,12.86
USR_14329,Gold,Equities,22,10,6224.539999999999,1,3,2,Lost / Inactive,3,7,0,0.002066054946874593,12.86
USR_12962,Gold,Crypto,82,10,6222.660000000001,3,3,2,At Risk,0,41,0,0.002066054946874593,12.86
USR_11780,Gold,High-Yield Savings,47,12,6219.629999999999,2,2,2,At Risk,0,28,0,0.002066054946874593,12.85
USR_10028,Standard,Equities,14,8,6219.27,1,3,2,Lost / Inactive,0,21,0,0.002066054946874593,12.85
USR_14703,Standard,Robo-Advisory,15,12,6218.85,1,2,2,Lost / Inactive,1,41,0,0.002066054946874593,12.85
USR_11379,VIP Wealth,High-Yield Savings,78,16,6216.49,3,1,2,At Risk,2,7,0,0.002066054946874593,12.84
USR_14764,Gold,Robo-Advisory,99,13,6215.189999999999,3,2,2,At Risk,4,11,1,0.9954846203561771,6187.13
USR_13082,VIP Wealth,High-Yield Savings,23,12,6209.28,1,2,2,Lost / Inactive,1,34,0,0.002066054946874593,12.83
USR_12969,Standard,Robo-Advisory,34,12,6208.92,2,2,2,At Risk,0,36,0,0.002066054946874593,12.83
USR_10045,Standard,High-Yield Savings,21,12,6208.880000000001,1,2,2,Lost / Inactive,2,12,0,0.002066054946874593,12.83
USR_11327,Standard,High-Yield Savings,22,10,6208.65,1,3,2,Lost / Inactive,1,28,0,0.002066054946874593,12.83
USR_11926,Gold,High-Yield Savings,122,11,6208.309999999999,3,2,2,At Risk,0,32,1,0.9954846203561771,6180.28
USR_13110,Standard,High-Yield Savings,70,13,6207.600000000001,3,2,2,At Risk,1,14,0,0.002066054946874593,12.83
USR_12457,Standard,Crypto,1,11,6206.610000000001,1,2,2,Lost / Inactive,1,21,0,0.002066054946874593,12.82
USR_13982,Standard,Equities,27,12,6206.12,2,2,2,At Risk,0,4,1,0.9954846203561771,6178.1
USR_13130,Gold,Robo-Advisory,20,11,6203.51,1,2,2,Lost / Inactive,2,43,0,0.002066054946874593,12.82
USR_10568,Standard,High-Yield Savings,138,12,6201.300000000001,3,2,2,At Risk,1,2,1,0.9954846203561771,6173.3
USR_10793,Standard,Equities,42,14,6199.77,2,1,2,At Risk,0,32,0,0.002066054946874593,12.81
USR_10416,Standard,Crypto,36,13,6197.760000000001,2,2,2,At Risk,0,36,0,0.002066054946874593,12.8
USR_14649,Gold,High-Yield Savings,1,17,6194.929999999999,1,1,2,Lost / Inactive,1,14,0,0.002066054946874593,12.8
USR_14743,Gold,Crypto,35,11,6194.020000000001,2,2,2,At Risk,0,17,0,0.002066054946874593,12.8
USR_14322,Gold,Crypto,59,7,6189.8099999999995,2,3,2,At Risk,0,16,0,0.002066054946874593,12.79
USR_13403,VIP Wealth,Equities,79,12,6189.459999999998,3,2,2,At Risk,2,37,0,0.002066054946874593,12.79
USR_11296,Standard,Equities,24,16,6186.839999999999,1,1,2,Lost / Inactive,0,29,0,0.002066054946874593,12.78
USR_11487,VIP Wealth,Equities,81,11,6185.83,3,2,2,At Risk,0,43,0,0.002066054946874593,12.78
USR_14108,Standard,High-Yield Savings,17,10,6185.45,1,3,2,Lost / Inactive,0,5,0,0.002066054946874593,12.78
USR_11619,Standard,Crypto,37,13,6184.85,2,2,2,At Risk,1,23,0,0.002066054946874593,12.78
USR_12683,Standard,Robo-Advisory,57,10,6184.58,2,3,2,At Risk,1,11,0,0.002066054946874593,12.78
USR_11999,Gold,Equities,45,8,6184.51,2,3,2,At Risk,2,17,0,0.002066054946874593,12.78
USR_12236,Standard,High-Yield Savings,1,18,6182.030000000001,1,1,2,Lost / Inactive,1,17,0,0.002066054946874593,12.77
USR_14153,Gold,Equities,9,13,6177.970000000001,1,2,2,Lost / Inactive,1,21,0,0.002066054946874593,12.76
USR_12561,Gold,Robo-Advisory,9,15,6175.78,1,1,2,Lost / Inactive,1,39,0,0.002066054946874593,12.76
USR_12816,Gold,High-Yield Savings,30,18,6173.610000000001,2,1,2,At Risk,0,31,0,0.002066054946874593,12.76
USR_12132,Gold,Equities,141,6,6170.32,3,3,2,At Risk,0,12,1,0.9954846203561771,6142.46
USR_11100,Standard,Equities,17,11,6170.13,1,2,2,Lost / Inactive,0,2,1,0.9954846203561771,6142.27
USR_12709,Gold,Equities,101,14,6168.760000000001,3,1,2,At Risk,0,11,1,0.9954846203561771,6140.91
USR_12298,Standard,Crypto,103,7,6168.2,3,3,2,At Risk,1,9,1,0.9954846203561771,6140.35
USR_11663,Standard,Crypto,49,9,6165.540000000001,2,3,2,At Risk,5,44,0,0.002066054946874593,12.74
USR_10906,Gold,High-Yield Savings,23,7,6165.41,1,3,2,Lost / Inactive,0,4,1,0.9954846203561771,6137.57
USR_14087,Gold,Crypto,149,11,6161.950000000001,3,2,2,At Risk,1,23,1,0.9954846203561771,6134.13
USR_14990,Gold,Crypto,9,9,6161.879999999999,1,3,2,Lost / Inactive,2,41,0,0.002066054946874593,12.73
USR_10255,Gold,Equities,64,11,6161.39,2,2,2,At Risk,0,41,0,0.002066054946874593,12.73
USR_11436,Gold,Equities,34,13,6159.410000000001,2,2,2,At Risk,1,38,0,0.002066054946874593,12.73
USR_13080,VIP Wealth,High-Yield Savings,137,8,6158.84,3,3,2,At Risk,1,28,1,0.9954846203561771,6131.03
USR_12432,Standard,Crypto,16,7,6157.0,1,3,2,Lost / Inactive,0,33,0,0.002066054946874593,12.72
USR_14066,Standard,High-Yield Savings,12,5,6156.05,1,3,2,Lost / Inactive,3,32,0,0.002066054946874593,12.72
USR_10171,Standard,Equities,62,11,6154.18,2,2,2,At Risk,2,4,1,0.9954846203561771,6126.39
USR_12535,Standard,Equities,101,14,6152.48,3,1,2,At Risk,1,39,1,0.9954846203561771,6124.7
USR_11222,Gold,Equities,33,17,6152.1,2,1,2,At Risk,0,37,0,0.002066054946874593,12.71
USR_13288,Gold,Equities,76,12,6150.74,3,2,2,At Risk,1,10,0,0.002066054946874593,12.71
USR_12310,Gold,Crypto,4,10,6140.07,1,3,2,Lost / Inactive,2,16,0,0.002066054946874593,12.69
USR_13536,Gold,Equities,15,8,6139.08,1,3,2,Lost / Inactive,0,0,1,0.9954846203561771,6111.36
USR_13700,VIP Wealth,Equities,48,13,6138.570000000001,2,2,2,At Risk,0,10,0,0.002066054946874593,12.68
USR_13897,Standard,Equities,33,8,6138.120000000001,2,3,2,At Risk,2,13,0,0.002066054946874593,12.68
USR_13516,Gold,Equities,65,13,6137.04,2,2,2,At Risk,1,33,0,0.002066054946874593,12.68
USR_11193,Gold,High-Yield Savings,21,13,6135.589999999998,1,2,2,Lost / Inactive,1,25,0,0.002066054946874593,12.68
USR_10111,Standard,Crypto,120,16,6133.98,3,1,2,At Risk,2,22,1,0.9954846203561771,6106.28
USR_14876,Standard,Equities,156,14,6133.48,3,1,2,At Risk,0,24,1,0.9954846203561771,6105.79
USR_10503,Standard,High-Yield Savings,73,11,6133.469999999999,3,2,2,At Risk,2,38,0,0.002066054946874593,12.67
USR_13760,Gold,Crypto,19,14,6132.859999999999,1,1,2,Lost / Inactive,1,4,1,0.9954846203561771,6105.17
USR_11091,Gold,Robo-Advisory,54,11,6130.219999999999,2,2,2,At Risk,0,34,0,0.002066054946874593,12.67
USR_11689,Standard,Crypto,354,10,6128.1,3,2,2,At Risk,3,24,1,0.9954846203561771,6100.43
USR_10921,Standard,Crypto,32,16,6126.099999999999,2,1,2,At Risk,3,44,0,0.002066054946874593,12.66
USR_14893,Gold,Crypto,5,12,6125.419999999999,1,2,2,Lost / Inactive,1,37,0,0.002066054946874593,12.66
USR_11693,Standard,Robo-Advisory,7,14,6124.46,1,1,2,Lost / Inactive,1,24,0,0.002066054946874593,12.65
USR_12799,Standard,Crypto,58,9,6124.070000000001,2,3,2,At Risk,2,10,0,0.002066054946874593,12.65
USR_10495,Standard,High-Yield Savings,47,14,6123.960000000001,2,1,2,At Risk,2,9,0,0.002066054946874593,12.65
USR_14694,Gold,High-Yield Savings,14,13,6120.389999999999,1,2,2,Lost / Inactive,1,16,0,0.002066054946874593,12.65
USR_14177,Standard,Robo-Advisory,24,15,6115.41,1,1,2,Lost / Inactive,0,33,0,0.002066054946874593,12.63
USR_13237,Standard,Equities,12,11,6109.030000000001,1,2,2,Lost / Inactive,0,2,1,0.9954846203561771,6081.45
USR_10603,Gold,Equities,21,15,6108.350000000001,1,1,2,Lost / Inactive,2,25,0,0.002066054946874593,12.62
USR_12477,Gold,High-Yield Savings,45,9,6108.040000000001,2,3,2,At Risk,0,25,0,0.002066054946874593,12.62
USR_13102,VIP Wealth,Robo-Advisory,127,12,6107.85,3,2,2,At Risk,1,17,1,0.9954846203561771,6080.27
USR_11669,Standard,High-Yield Savings,28,8,6107.27,2,3,2,At Risk,0,15,0,0.002066054946874593,12.62
USR_14928,Gold,Equities,9,18,6105.969999999999,1,1,2,Lost / Inactive,0,29,0,0.002066054946874593,12.62
USR_13183,Gold,High-Yield Savings,64,11,6105.910000000001,2,2,2,At Risk,0,13,0,0.002066054946874593,12.62
USR_12590,VIP Wealth,Crypto,28,7,6103.76,2,3,2,At Risk,1,43,0,0.002066054946874593,12.61
USR_13265,Standard,Crypto,43,11,6101.84,2,2,2,At Risk,1,20,0,0.002066054946874593,12.61
USR_13473,Gold,Equities,65,13,6099.6900000000005,2,2,2,At Risk,1,11,0,0.002066054946874593,12.6
USR_12213,Standard,Equities,189,6,6097.06,3,3,2,At Risk,3,23,1,0.9954846203561771,6069.53
USR_13424,Gold,Crypto,46,13,6091.25,2,2,2,At Risk,3,30,0,0.002066054946874593,12.58
USR_10279,Standard,Equities,10,14,6087.67,1,1,2,Lost / Inactive,2,35,0,0.002066054946874593,12.58
USR_10518,VIP Wealth,Crypto,54,11,6086.45,2,2,2,At Risk,1,34,0,0.002066054946874593,12.57
USR_10355,Standard,Equities,115,11,6083.66,3,2,2,At Risk,0,11,1,0.9954846203561771,6056.19
USR_12075,Standard,Equities,154,13,6081.84,3,1,2,At Risk,2,29,1,0.9954846203561771,6054.38
USR_11953,Gold,Crypto,128,12,6080.72,3,2,2,At Risk,0,30,1,0.9954846203561771,6053.26
USR_13068,Standard,Crypto,75,12,6078.399999999999,3,2,2,At Risk,1,34,0,0.002066054946874593,12.56
USR_10543,Standard,Equities,18,16,6076.969999999999,1,1,2,Lost / Inactive,0,27,0,0.002066054946874593,12.56
USR_12205,Standard,High-Yield Savings,128,14,6074.41,3,1,2,At Risk,1,24,1,0.9954846203561771,6046.98
USR_12085,Standard,High-Yield Savings,81,13,6074.389999999999,3,2,2,At Risk,0,22,0,0.002066054946874593,12.55
USR_11386,Standard,Equities,90,11,6073.04,3,2,2,At Risk,0,35,0,0.002066054946874593,12.55
USR_12793,Gold,Equities,91,13,6071.859999999999,3,2,2,At Risk,0,43,1,0.9954846203561771,6044.44
USR_12677,VIP Wealth,Crypto,49,13,6068.9800000000005,2,2,2,At Risk,1,33,0,0.002066054946874593,12.54
USR_13658,Gold,Equities,20,11,6067.89,1,2,2,Lost / Inactive,0,25,0,0.002066054946874593,12.54
USR_12006,Standard,High-Yield Savings,46,12,6065.699999999999,2,2,2,At Risk,0,23,0,0.002066054946874593,12.53
USR_10985,Standard,Crypto,11,10,6065.18,1,3,2,Lost / Inactive,1,29,0,0.002066054946874593,12.53
USR_10038,Standard,Equities,27,10,6063.759999999999,2,3,2,At Risk,0,34,0,0.002066054946874593,12.53
USR_10428,Standard,Equities,33,10,6062.66,2,3,2,At Risk,1,2,1,0.9954846203561771,6035.28
USR_11068,Gold,Robo-Advisory,48,17,6060.949999999999,2,1,2,At Risk,2,10,0,0.002066054946874593,12.52
USR_12266,Standard,Crypto,17,18,6060.35,1,1,2,Lost / Inactive,0,37,0,0.002066054946874593,12.52
USR_14022,Standard,Crypto,186,11,6055.66,3,2,2,At Risk,0,11,1,0.9954846203561771,6028.32
USR_14006,Gold,Equities,9,12,6055.330000000001,1,2,2,Lost / Inactive,0,11,0,0.002066054946874593,12.51
USR_13270,Gold,High-Yield Savings,10,12,6052.379999999999,1,2,2,Lost / Inactive,1,28,0,0.002066054946874593,12.5
USR_11199,Standard,Crypto,201,5,6049.85,3,3,2,At Risk,1,40,1,0.9954846203561771,6022.53
USR_10121,Gold,Crypto,141,15,6049.330000000001,3,1,2,At Risk,1,4,1,0.9954846203561771,6022.01
USR_12901,Standard,Crypto,71,12,6048.189999999999,3,2,2,At Risk,0,5,0,0.002066054946874593,12.5
USR_13752,Gold,High-Yield Savings,1,15,6047.9,1,1,2,Lost / Inactive,2,19,0,0.002066054946874593,12.5
USR_10216,VIP Wealth,Robo-Advisory,41,19,6047.9,2,1,2,At Risk,2,3,1,0.9954846203561771,6020.59
USR_12902,Standard,High-Yield Savings,15,14,6047.29,1,1,2,Lost / Inactive,0,5,0,0.002066054946874593,12.49
USR_13209,Gold,Equities,18,12,6046.7,1,2,2,Lost / Inactive,0,20,0,0.002066054946874593,12.49
USR_12680,VIP Wealth,Crypto,4,14,6044.710000000001,1,1,2,Lost / Inactive,0,8,0,0.002066054946874593,12.49
USR_11644,Standard,Crypto,1,10,6044.490000000001,1,3,2,Lost / Inactive,1,0,1,0.9954846203561771,6017.2
USR_14461,Standard,Equities,43,12,6041.69,2,2,2,At Risk,0,9,0,0.002066054946874593,12.48
USR_14101,Standard,Equities,36,11,6039.6,2,2,2,At Risk,3,23,0,0.002066054946874593,12.48
USR_14931,Gold,High-Yield Savings,162,13,6039.259999999999,3,1,2,At Risk,0,27,1,0.9954846203561771,6011.99
USR_11421,Standard,Robo-Advisory,135,7,6035.6,3,3,2,At Risk,0,32,1,0.9954846203561771,6008.35
USR_14032,Standard,Crypto,79,12,6032.28,3,2,2,At Risk,1,7,0,0.002066054946874593,12.46
USR_13938,Gold,High-Yield Savings,14,12,6032.170000000001,1,2,2,Lost / Inactive,0,15,0,0.002066054946874593,12.46
USR_11905,Standard,Crypto,32,12,6031.99,2,2,2,At Risk,1,6,0,0.002066054946874593,12.46
USR_13547,Gold,High-Yield Savings,7,13,6031.79,1,2,2,Lost / Inactive,2,19,0,0.002066054946874593,12.46
USR_10884,Gold,High-Yield Savings,154,7,6031.750000000001,3,3,2,At Risk,0,17,1,0.9954846203561771,6004.51
USR_12302,Standard,Crypto,16,10,6030.87,1,3,2,Lost / Inactive,1,14,0,0.002066054946874593,12.46
USR_14408,Standard,High-Yield Savings,51,7,6029.9,2,3,2,At Risk,1,4,1,0.9954846203561771,6002.67
USR_14337,Gold,Equities,90,10,6028.92,3,3,2,At Risk,1,41,0,0.002066054946874593,12.46
USR_11748,Gold,High-Yield Savings,36,10,6027.679999999999,2,3,2,At Risk,0,26,0,0.002066054946874593,12.45
USR_11641,Standard,Equities,95,8,6027.46,3,3,2,At Risk,0,27,1,0.9954846203561771,6000.24
USR_11146,Gold,Robo-Advisory,4,10,6026.14,1,3,2,Lost / Inactive,2,23,0,0.002066054946874593,12.45
USR_11996,Standard,Equities,28,10,6024.37,2,3,2,At Risk,1,30,0,0.002066054946874593,12.45
USR_13984,Gold,Crypto,5,15,6024.18,1,1,2,Lost / Inactive,1,35,0,0.002066054946874593,12.45
USR_14753,VIP Wealth,Crypto,3,12,6023.070000000001,1,2,2,Lost / Inactive,1,44,0,0.002066054946874593,12.44
USR_12766,Standard,Robo-Advisory,68,11,6022.960000000001,3,2,2,At Risk,1,14,0,0.002066054946874593,12.44
USR_10060,VIP Wealth,Crypto,35,16,6021.89,2,1,2,At Risk,1,38,0,0.002066054946874593,12.44
USR_13157,Standard,High-Yield Savings,72,10,6020.709999999999,3,3,2,At Risk,1,41,0,0.002066054946874593,12.44
USR_10093,Gold,Robo-Advisory,12,13,6018.369999999999,1,2,2,Lost / Inactive,1,7,0,0.002066054946874593,12.43
USR_10344,Standard,High-Yield Savings,48,17,6013.22,2,1,2,At Risk,1,20,0,0.002066054946874593,12.42
USR_13277,Gold,Equities,32,10,6008.68,2,3,2,At Risk,1,8,0,0.002066054946874593,12.41
USR_13798,Standard,Crypto,22,7,6006.299999999999,1,3,2,Lost / Inactive,0,14,0,0.002066054946874593,12.41
USR_11057,Gold,Equities,16,10,6003.37,1,3,2,Lost / Inactive,3,13,0,0.002066054946874593,12.4
USR_12894,VIP Wealth,Equities,20,18,6002.27,1,1,2,Lost / Inactive,3,21,0,0.002066054946874593,12.4
USR_14977,Standard,Equities,29,14,6001.679999999999,2,1,2,At Risk,0,11,0,0.002066054946874593,12.4
USR_11309,Standard,Robo-Advisory,17,16,5999.209999999999,1,1,2,Lost / Inactive,1,18,0,0.002066054946874593,12.39
USR_13055,VIP Wealth,High-Yield Savings,87,12,5995.1799999999985,3,2,2,At Risk,0,8,0,0.002066054946874593,12.39
USR_10087,Gold,Crypto,18,13,5993.29,1,2,2,Lost / Inactive,4,35,0,0.002066054946874593,12.38
USR_13092,Standard,Equities,25,11,5992.58,2,2,2,At Risk,0,0,1,0.9954846203561771,5965.52
USR_13977,Standard,Equities,138,10,5981.39,3,2,2,At Risk,0,1,1,0.9954846203561771,5954.38
USR_14800,Standard,Equities,69,8,5980.82,3,3,2,At Risk,0,22,0,0.002066054946874593,12.36
USR_11592,VIP Wealth,Crypto,133,7,5975.1900000000005,3,3,2,At Risk,0,19,1,0.9954846203561771,5948.21
USR_11567,Standard,Equities,139,20,5974.87,3,1,2,At Risk,1,3,1,0.9954846203561771,5947.89
USR_11021,Gold,Equities,113,9,5974.77,3,3,2,At Risk,0,42,1,0.9954846203561771,5947.79
USR_11391,Gold,Equities,35,9,5974.4400000000005,2,3,2,At Risk,1,1,1,0.9954846203561771,5947.46
USR_10100,Gold,High-Yield Savings,31,13,5970.799999999999,2,2,2,At Risk,0,4,1,0.9954846203561771,5943.84
USR_11221,Gold,Robo-Advisory,45,9,5968.9,2,3,2,At Risk,1,21,0,0.002066054946874593,12.33
USR_13908,Gold,Crypto,114,11,5968.780000000001,3,2,2,At Risk,0,18,1,0.9954846203561771,5941.83
USR_13684,Gold,Equities,70,11,5967.78,3,2,2,At Risk,0,22,0,0.002066054946874593,12.33
USR_13512,VIP Wealth,Crypto,79,13,5967.7300000000005,3,2,2,At Risk,1,41,0,0.002066054946874593,12.33
USR_11784,Gold,Crypto,7,11,5967.16,1,2,2,Lost / Inactive,1,33,0,0.002066054946874593,12.33
USR_10413,Standard,Equities,38,10,5966.5,2,3,2,At Risk,1,40,0,0.002066054946874593,12.33
USR_13493,Standard,Equities,2,11,5965.04,1,2,2,Lost / Inactive,1,4,1,0.9954846203561771,5938.11
USR_11450,Standard,Equities,7,14,5962.07,1,1,2,Lost / Inactive,0,30,0,0.002066054946874593,12.32
USR_13014,Standard,High-Yield Savings,104,11,5962.0,3,2,2,At Risk,0,15,1,0.9954846203561771,5935.08
USR_10489,Standard,Equities,42,13,5960.96,2,2,2,At Risk,1,32,0,0.002066054946874593,12.32
USR_12554,Gold,Equities,3,14,5960.41,1,1,2,Lost / Inactive,1,18,0,0.002066054946874593,12.31
USR_10228,VIP Wealth,Equities,2,13,5959.01,1,2,2,Lost / Inactive,2,20,0,0.002066054946874593,12.31
USR_14638,Gold,Equities,40,12,5957.49,2,2,2,At Risk,0,37,0,0.002066054946874593,12.31
USR_10818,VIP Wealth,Equities,20,9,5956.55,1,3,2,Lost / Inactive,1,40,0,0.002066054946874593,12.31
USR_11695,Gold,Crypto,2,12,5954.360000000001,1,2,2,Lost / Inactive,1,8,0,0.002066054946874593,12.3
USR_13429,Gold,High-Yield Savings,21,13,5953.93,1,2,2,Lost / Inactive,2,39,0,0.002066054946874593,12.3
USR_12179,Standard,Equities,75,12,5952.87,3,2,2,At Risk,0,16,0,0.002066054946874593,12.3
USR_11506,Standard,High-Yield Savings,112,11,5950.25,3,2,2,At Risk,2,42,1,0.9954846203561771,5923.38
USR_10165,Gold,Robo-Advisory,15,16,5949.099999999999,1,1,2,Lost / Inactive,0,37,0,0.002066054946874593,12.29
USR_14720,Standard,Robo-Advisory,5,11,5948.079999999999,1,2,2,Lost / Inactive,2,25,0,0.002066054946874593,12.29
USR_11519,VIP Wealth,High-Yield Savings,2,10,5943.910000000001,1,3,2,Lost / Inactive,4,32,0,0.002066054946874593,12.28
USR_10796,Standard,Robo-Advisory,4,8,5941.33,1,3,2,Lost / Inactive,0,21,0,0.002066054946874593,12.28
USR_11269,Standard,Equities,80,14,5938.95,3,1,2,At Risk,1,22,0,0.002066054946874593,12.27
USR_12605,Standard,Equities,46,11,5938.179999999999,2,2,2,At Risk,0,37,0,0.002066054946874593,12.27
USR_12577,Gold,Robo-Advisory,152,14,5934.459999999999,3,1,2,At Risk,0,22,1,0.9954846203561771,5907.66
USR_11145,Standard,High-Yield Savings,45,12,5931.96,2,2,2,At Risk,2,39,0,0.002066054946874593,12.26
USR_14846,Standard,Crypto,37,9,5930.9,2,3,2,At Risk,0,12,0,0.002066054946874593,12.25
USR_13527,Standard,High-Yield Savings,32,17,5925.650000000001,2,1,2,At Risk,0,5,0,0.002066054946874593,12.24
USR_11427,Standard,Crypto,5,15,5924.09,1,1,2,Lost / Inactive,1,39,0,0.002066054946874593,12.24
USR_10130,Standard,High-Yield Savings,46,14,5923.7,2,1,2,At Risk,1,34,0,0.002066054946874593,12.24
USR_11616,Gold,Equities,80,17,5922.53,3,1,2,At Risk,3,20,0,0.002066054946874593,12.24
USR_10523,Standard,Robo-Advisory,3,14,5922.0199999999995,1,1,2,Lost / Inactive,0,30,0,0.002066054946874593,12.24
USR_11245,Standard,High-Yield Savings,127,12,5920.459999999999,3,2,2,At Risk,0,27,1,0.9954846203561771,5893.73
USR_13462,Standard,High-Yield Savings,11,13,5914.58,1,2,2,Lost / Inactive,1,13,0,0.002066054946874593,12.22
USR_11865,Standard,Robo-Advisory,27,8,5912.700000000001,2,3,2,At Risk,0,42,0,0.002066054946874593,12.22
USR_13668,Standard,High-Yield Savings,31,16,5911.180000000001,2,1,2,At Risk,1,34,0,0.002066054946874593,12.21
USR_13710,Gold,High-Yield Savings,3,11,5910.12,1,2,2,Lost / Inactive,1,13,0,0.002066054946874593,12.21
USR_13813,Gold,Crypto,7,16,5909.67,1,1,2,Lost / Inactive,3,25,0,0.002066054946874593,12.21
USR_13633,Standard,Crypto,8,12,5908.47,1,2,2,Lost / Inactive,0,3,1,0.9954846203561771,5881.79
USR_13677,Gold,High-Yield Savings,42,10,5908.02,2,3,2,At Risk,1,32,0,0.002066054946874593,12.21
USR_14215,Gold,Equities,37,14,5904.389999999999,2,1,2,At Risk,0,4,1,0.9954846203561771,5877.73
USR_10132,VIP Wealth,Crypto,158,13,5903.070000000001,3,1,2,At Risk,2,32,1,0.9954846203561771,5876.42
USR_14442,VIP Wealth,Equities,30,11,5902.26,2,2,2,At Risk,0,44,0,0.002066054946874593,12.19
USR_10015,Standard,Crypto,22,14,5901.730000000001,1,1,2,Lost / Inactive,1,13,0,0.002066054946874593,12.19
USR_11261,Standard,Equities,24,8,5900.920000000001,1,3,2,Lost / Inactive,0,26,0,0.002066054946874593,12.19
USR_14819,Standard,Robo-Advisory,242,15,5895.0700000000015,3,1,2,At Risk,2,13,1,0.9954846203561771,5868.45
USR_12638,Gold,High-Yield Savings,13,10,5891.45,1,3,2,Lost / Inactive,1,42,0,0.002066054946874593,12.17
USR_14159,Gold,Equities,75,12,5885.339999999999,3,2,2,At Risk,0,7,0,0.002066054946874593,12.16
USR_14873,Gold,Equities,4,13,5882.750000000001,1,1,2,Lost / Inactive,0,1,1,0.9954846203561771,5856.19
USR_10648,Standard,Equities,141,11,5882.120000000001,3,2,2,At Risk,1,10,1,0.9954846203561771,5855.56
USR_11503,Gold,High-Yield Savings,27,10,5880.9400000000005,2,3,2,At Risk,1,37,0,0.002066054946874593,12.15
USR_10419,Standard,Crypto,98,10,5879.52,3,3,2,At Risk,0,44,1,0.9954846203561771,5852.97
USR_14434,Standard,High-Yield Savings,55,11,5873.619999999999,2,2,2,At Risk,3,20,0,0.002066054946874593,12.14
USR_11271,Standard,High-Yield Savings,139,10,5871.68,3,2,2,At Risk,0,18,1,0.9954846203561771,5845.17
USR_13028,Standard,Crypto,38,10,5870.9400000000005,2,3,2,At Risk,2,39,0,0.002066054946874593,12.13
USR_11974,Standard,Equities,82,16,5870.17,3,1,2,At Risk,1,17,0,0.002066054946874593,12.13
USR_14966,Standard,High-Yield Savings,158,14,5868.38,3,1,2,At Risk,0,34,1,0.9954846203561771,5841.88
USR_10677,Gold,Equities,91,12,5868.22,3,2,2,At Risk,1,42,1,0.9954846203561771,5841.72
USR_11120,Standard,Equities,8,12,5866.93,1,2,2,Lost / Inactive,1,24,0,0.002066054946874593,12.12
USR_13851,Standard,Crypto,70,8,5866.889999999999,3,3,2,At Risk,0,8,0,0.002066054946874593,12.12
USR_12822,Gold,Equities,53,13,5866.429999999999,2,2,2,At Risk,1,1,1,0.9954846203561771,5839.94
USR_10109,VIP Wealth,Equities,12,18,5860.38,1,1,2,Lost / Inactive,1,19,0,0.002066054946874593,12.11
USR_14275,Gold,Equities,16,10,5860.15,1,3,2,Lost / Inactive,0,8,0,0.002066054946874593,12.11
USR_10315,Gold,Equities,115,9,5860.060000000001,3,3,2,At Risk,1,7,1,0.9954846203561771,5833.6
USR_12425,Gold,High-Yield Savings,4,10,5858.94,1,3,2,Lost / Inactive,2,4,1,0.9954846203561771,5832.48
USR_14960,Gold,High-Yield Savings,18,11,5857.62,1,2,2,Lost / Inactive,0,6,0,0.002066054946874593,12.1
USR_12813,Gold,Crypto,27,13,5856.179999999999,2,2,2,At Risk,1,42,0,0.002066054946874593,12.1
USR_14388,Gold,Crypto,147,11,5851.540000000001,3,2,2,At Risk,1,4,1,0.9954846203561771,5825.12
USR_10947,Standard,Robo-Advisory,12,12,5851.48,1,2,2,Lost / Inactive,1,31,0,0.002066054946874593,12.09
USR_12769,Standard,Crypto,154,10,5850.23,3,2,2,At Risk,0,39,1,0.9954846203561771,5823.81
USR_10831,VIP Wealth,Crypto,124,7,5848.42,3,3,2,At Risk,0,8,1,0.9954846203561771,5822.01
USR_14192,Gold,Equities,15,16,5848.110000000001,1,1,2,Lost / Inactive,0,44,0,0.002066054946874593,12.08
USR_14009,VIP Wealth,Equities,8,16,5845.509999999999,1,1,2,Lost / Inactive,0,36,0,0.002066054946874593,12.08
USR_10460,Standard,High-Yield Savings,15,9,5841.779999999999,1,3,2,Lost / Inactive,0,12,0,0.002066054946874593,12.07
USR_13317,Gold,Crypto,42,16,5840.91,2,1,2,At Risk,1,7,0,0.002066054946874593,12.07
USR_13236,VIP Wealth,Crypto,108,5,5840.12,3,3,2,At Risk,1,31,1,0.9954846203561771,5813.75
USR_10877,Gold,High-Yield Savings,61,15,5838.330000000001,2,1,2,At Risk,0,19,0,0.002066054946874593,12.06
USR_11972,Standard,Equities,2,10,5837.419999999999,1,3,2,Lost / Inactive,2,3,1,0.9954846203561771,5811.06
USR_14640,Standard,Crypto,16,16,5837.39,1,1,2,Lost / Inactive,1,38,0,0.002066054946874593,12.06
USR_10075,Standard,High-Yield Savings,105,12,5837.16,3,2,2,At Risk,2,23,1,0.9954846203561771,5810.8
USR_11618,Gold,Equities,5,12,5834.3,1,2,2,Lost / Inactive,2,23,0,0.002066054946874593,12.05
USR_13621,Gold,Equities,50,15,5834.2699999999995,2,1,2,At Risk,1,4,1,0.9954846203561771,5807.93
USR_11635,Standard,Robo-Advisory,16,11,5833.299999999999,1,2,2,Lost / Inactive,0,3,1,0.9954846203561771,5806.96
USR_14700,Gold,Crypto,148,7,5833.28,3,3,2,At Risk,1,12,1,0.9954846203561771,5806.94
USR_12738,VIP Wealth,Crypto,95,8,5831.63,3,3,2,At Risk,0,19,1,0.9954846203561771,5805.3
USR_14731,Standard,High-Yield Savings,16,12,5830.4000000000015,1,2,2,Lost / Inactive,2,11,0,0.002066054946874593,12.05
USR_10670,Gold,High-Yield Savings,34,14,5829.799999999998,2,1,2,At Risk,0,28,0,0.002066054946874593,12.04
USR_14599,Gold,Crypto,123,14,5829.719999999999,3,1,2,At Risk,1,38,1,0.9954846203561771,5803.4
USR_11328,Standard,Equities,80,14,5829.469999999999,3,1,2,At Risk,0,34,0,0.002066054946874593,12.04
USR_12081,Standard,Equities,60,10,5829.209999999999,2,3,2,At Risk,0,11,0,0.002066054946874593,12.04
USR_14606,Gold,Equities,67,11,5826.67,3,2,2,At Risk,0,4,1,0.9954846203561771,5800.36
USR_12027,Standard,High-Yield Savings,30,15,5825.5,2,1,2,At Risk,1,39,0,0.002066054946874593,12.04
USR_12136,Standard,Crypto,54,18,5823.759999999999,2,1,2,At Risk,1,22,0,0.002066054946874593,12.03
USR_13515,Gold,Equities,45,12,5823.66,2,2,2,At Risk,1,15,0,0.002066054946874593,12.03
USR_10864,Standard,High-Yield Savings,111,11,5821.280000000001,3,2,2,At Risk,1,19,1,0.9954846203561771,5794.99
USR_10471,VIP Wealth,Crypto,87,11,5819.1,3,2,2,At Risk,2,25,0,0.002066054946874593,12.02
USR_13773,Standard,High-Yield Savings,57,14,5818.509999999999,2,1,2,At Risk,0,35,0,0.002066054946874593,12.02
USR_14202,Standard,Equities,32,13,5816.33,2,2,2,At Risk,1,24,0,0.002066054946874593,12.02
USR_12734,Standard,High-Yield Savings,95,11,5816.12,3,2,2,At Risk,1,36,1,0.9954846203561771,5789.86
USR_11305,Standard,High-Yield Savings,97,10,5813.66,3,3,2,At Risk,0,40,1,0.9954846203561771,5787.41
USR_12350,Standard,High-Yield Savings,23,11,5813.210000000001,1,2,2,Lost / Inactive,0,38,0,0.002066054946874593,12.01
USR_13692,Standard,Equities,21,19,5805.650000000001,1,1,2,Lost / Inactive,0,16,0,0.002066054946874593,11.99
USR_11182,Gold,Robo-Advisory,22,12,5801.29,1,2,2,Lost / Inactive,1,31,0,0.002066054946874593,11.99
USR_12958,Standard,High-Yield Savings,72,6,5799.9400000000005,3,3,2,At Risk,0,16,0,0.002066054946874593,11.98
USR_14682,Gold,Robo-Advisory,15,14,5797.26,1,1,2,Lost / Inactive,0,41,0,0.002066054946874593,11.98
USR_14773,Standard,Crypto,98,9,5796.2,3,3,2,At Risk,0,6,1,0.9954846203561771,5770.03
USR_10323,Standard,High-Yield Savings,82,8,5794.959999999999,3,3,2,At Risk,2,20,0,0.002066054946874593,11.97
USR_13075,VIP Wealth,Equities,65,13,5793.9,2,2,2,At Risk,1,42,0,0.002066054946874593,11.97
USR_11810,Gold,Equities,37,10,5791.87,2,3,2,At Risk,2,20,0,0.002066054946874593,11.97
USR_10707,Gold,High-Yield Savings,191,11,5790.860000000001,3,2,2,At Risk,0,8,1,0.9954846203561771,5764.71
USR_13212,VIP Wealth,High-Yield Savings,130,14,5790.360000000001,3,1,2,At Risk,1,29,1,0.9954846203561771,5764.21
USR_10365,Standard,Crypto,374,11,5789.85,3,2,2,At Risk,0,42,1,0.9954846203561771,5763.71
USR_12728,Gold,Crypto,3,12,5787.98,1,2,2,Lost / Inactive,1,5,0,0.002066054946874593,11.96
USR_14154,Standard,High-Yield Savings,83,8,5786.369999999999,3,3,2,At Risk,3,38,0,0.002066054946874593,11.95
USR_14569,Gold,High-Yield Savings,41,11,5786.17,2,2,2,At Risk,1,28,0,0.002066054946874593,11.95
USR_10878,Standard,High-Yield Savings,32,14,5786.02,2,1,2,At Risk,0,0,1,0.9954846203561771,5759.89
USR_13053,Standard,Robo-Advisory,4,15,5785.23,1,1,2,Lost / Inactive,0,19,0,0.002066054946874593,11.95
USR_12977,Standard,Equities,67,11,5780.97,3,2,2,At Risk,0,11,0,0.002066054946874593,11.94
USR_11633,Standard,Equities,125,11,5776.6,3,2,2,At Risk,3,9,1,0.9954846203561771,5750.52
USR_14659,Standard,Equities,89,10,5774.389999999999,3,3,2,At Risk,1,44,0,0.002066054946874593,11.93
USR_13197,Gold,High-Yield Savings,59,12,5771.099999999999,2,2,2,At Risk,0,44,0,0.002066054946874593,11.92
USR_12459,Gold,Equities,109,8,5770.49,3,3,2,At Risk,0,16,1,0.9954846203561771,5744.43
USR_12271,Gold,Equities,70,6,5770.17,3,3,2,At Risk,2,22,0,0.002066054946874593,11.92
USR_14889,Standard,Crypto,15,11,5767.929999999999,1,2,2,Lost / Inactive,1,30,0,0.002066054946874593,11.92
USR_14633,Gold,Equities,60,15,5764.05,2,1,2,At Risk,0,13,0,0.002066054946874593,11.91
USR_10398,Standard,High-Yield Savings,33,14,5763.5599999999995,2,1,2,At Risk,0,35,0,0.002066054946874593,11.91
USR_13459,Standard,Equities,17,14,5761.180000000001,1,1,2,Lost / Inactive,0,10,0,0.002066054946874593,11.9
USR_12499,Gold,Equities,61,12,5760.04,2,2,2,At Risk,0,13,0,0.002066054946874593,11.9
USR_13604,VIP Wealth,Equities,100,10,5754.800000000001,3,3,2,At Risk,1,34,1,0.9954846203561771,5728.81
USR_11728,Gold,Equities,150,13,5754.71,3,1,2,At Risk,3,15,1,0.9954846203561771,5728.73
USR_12798,Gold,High-Yield Savings,54,12,5751.38,2,2,2,At Risk,1,34,0,0.002066054946874593,11.88
USR_13739,Standard,Crypto,28,12,5751.15,2,2,2,At Risk,1,31,0,0.002066054946874593,11.88
USR_14185,Standard,Equities,3,10,5745.24,1,3,2,Lost / Inactive,2,43,0,0.002066054946874593,11.87
USR_10043,Standard,Equities,227,8,5743.82,3,3,2,At Risk,0,32,1,0.9954846203561771,5717.88
USR_10314,Standard,Equities,68,12,5743.35,3,2,2,At Risk,1,3,1,0.9954846203561771,5717.42
USR_14978,Gold,High-Yield Savings,10,11,5741.040000000002,1,2,2,Lost / Inactive,1,7,0,0.002066054946874593,11.86
USR_12752,Standard,Equities,17,12,5740.469999999999,1,2,2,Lost / Inactive,2,7,0,0.002066054946874593,11.86
USR_10875,Standard,Robo-Advisory,15,11,5739.16,1,2,2,Lost / Inactive,1,32,0,0.002066054946874593,11.86
USR_12916,Standard,High-Yield Savings,89,10,5738.4400000000005,3,3,2,At Risk,0,13,0,0.002066054946874593,11.86
USR_12821,Gold,Robo-Advisory,4,13,5736.099999999999,1,2,2,Lost / Inactive,2,28,0,0.002066054946874593,11.85
USR_12859,Gold,Equities,9,12,5735.720000000001,1,2,2,Lost / Inactive,0,19,0,0.002066054946874593,11.85
USR_14375,Gold,Equities,146,10,5735.68,3,3,2,At Risk,0,19,1,0.9954846203561771,5709.78
USR_14874,VIP Wealth,Equities,67,15,5733.33,3,1,2,At Risk,1,32,0,0.002066054946874593,11.85
USR_14007,Standard,High-Yield Savings,34,12,5728.84,2,2,2,At Risk,0,21,0,0.002066054946874593,11.84
USR_10223,Standard,Robo-Advisory,6,10,5724.990000000001,1,3,2,Lost / Inactive,0,3,1,0.9954846203561771,5699.14
USR_10169,Standard,Crypto,71,14,5724.839999999999,3,1,2,At Risk,0,16,0,0.002066054946874593,11.83
USR_12240,VIP Wealth,Equities,3,16,5724.04,1,1,2,Lost / Inactive,0,26,0,0.002066054946874593,11.83
USR_12071,Standard,High-Yield Savings,10,13,5721.39,1,2,2,Lost / Inactive,0,10,0,0.002066054946874593,11.82
USR_12721,Standard,High-Yield Savings,1,9,5721.2699999999995,1,3,2,Lost / Inactive,2,14,0,0.002066054946874593,11.82
USR_14149,Gold,Crypto,121,13,5720.019999999999,3,1,2,At Risk,2,22,1,0.9954846203561771,5694.19
USR_14169,Gold,Equities,33,16,5716.11,2,1,2,At Risk,0,12,0,0.002066054946874593,11.81
USR_14172,Standard,Equities,56,15,5715.72,2,1,2,At Risk,1,39,0,0.002066054946874593,11.81
USR_11324,VIP Wealth,High-Yield Savings,21,12,5712.7300000000005,1,2,2,Lost / Inactive,0,36,0,0.002066054946874593,11.8
USR_12719,Standard,Equities,32,11,5712.699999999999,2,2,2,At Risk,0,0,1,0.9954846203561771,5686.9
USR_11448,Standard,Robo-Advisory,43,11,5712.65,2,2,2,At Risk,3,31,0,0.002066054946874593,11.8
USR_14253,Gold,Crypto,47,14,5709.450000000001,2,1,2,At Risk,2,13,0,0.002066054946874593,11.8
USR_14828,Gold,Equities,28,11,5708.96,2,2,2,At Risk,2,22,0,0.002066054946874593,11.8
USR_11170,Standard,High-Yield Savings,42,12,5706.990000000002,2,2,2,At Risk,3,41,0,0.002066054946874593,11.79
USR_13874,Standard,High-Yield Savings,113,10,5705.119999999999,3,2,2,At Risk,1,0,1,0.9954846203561771,5679.36
USR_13132,Standard,Equities,205,14,5704.01,3,1,2,At Risk,1,20,1,0.9954846203561771,5678.25
USR_11709,Standard,Equities,22,14,5699.01,1,1,2,Lost / Inactive,1,3,1,0.9954846203561771,5673.28
USR_12424,Standard,Equities,10,8,5697.879999999999,1,3,2,Lost / Inactive,0,35,0,0.002066054946874593,11.77
USR_13750,Standard,High-Yield Savings,101,11,5696.390000000001,3,2,2,At Risk,1,26,1,0.9954846203561771,5670.67
USR_12495,Standard,Equities,13,10,5695.990000000001,1,3,2,Lost / Inactive,3,12,0,0.002066054946874593,11.77
USR_13763,Standard,High-Yield Savings,4,13,5695.829999999999,1,2,2,Lost / Inactive,1,42,0,0.002066054946874593,11.77
USR_10407,Standard,Equities,36,16,5695.179999999999,2,1,2,At Risk,1,31,0,0.002066054946874593,11.77
USR_13703,Standard,Robo-Advisory,75,15,5694.19,3,1,2,At Risk,1,18,0,0.002066054946874593,11.76
USR_13423,Gold,Crypto,10,12,5688.84,1,2,2,Lost / Inactive,1,2,1,0.9954846203561771,5663.15
USR_12531,Standard,Equities,15,9,5686.33,1,3,2,Lost / Inactive,2,22,0,0.002066054946874593,11.75
USR_10002,Standard,Crypto,27,10,5686.13,2,3,2,At Risk,0,18,0,0.002066054946874593,11.75
USR_11484,Standard,High-Yield Savings,21,11,5685.499999999999,1,2,2,Lost / Inactive,0,39,0,0.002066054946874593,11.75
USR_13333,Standard,Crypto,11,8,5683.78,1,3,2,Lost / Inactive,0,27,0,0.002066054946874593,11.74
USR_10508,Gold,Robo-Advisory,118,6,5683.25,3,3,2,At Risk,1,43,1,0.9954846203561771,5657.59
USR_13213,Standard,Crypto,6,10,5683.17,1,3,2,Lost / Inactive,0,38,0,0.002066054946874593,11.74
USR_11291,Gold,High-Yield Savings,21,15,5682.240000000001,1,1,2,Lost / Inactive,2,23,0,0.002066054946874593,11.74
USR_14909,Standard,Equities,8,12,5681.349999999999,1,2,2,Lost / Inactive,0,14,0,0.002066054946874593,11.74
USR_12557,Gold,High-Yield Savings,28,13,5680.47,2,2,2,At Risk,1,40,0,0.002066054946874593,11.74
USR_12602,Standard,Crypto,80,12,5678.4,3,2,2,At Risk,0,3,1,0.9954846203561771,5652.76
USR_11950,Standard,Equities,112,11,5677.639999999999,3,2,2,At Risk,0,1,1,0.9954846203561771,5652.0
USR_11995,Standard,Equities,28,9,5676.720000000001,2,3,2,At Risk,2,4,1,0.9954846203561771,5651.09
USR_14831,Standard,Equities,82,11,5674.75,3,2,2,At Risk,0,35,0,0.002066054946874593,11.72
USR_10704,Standard,High-Yield Savings,70,12,5674.45,3,2,2,At Risk,1,0,1,0.9954846203561771,5648.83
USR_12472,VIP Wealth,High-Yield Savings,18,15,5673.33,1,1,2,Lost / Inactive,0,0,1,0.9954846203561771,5647.71
USR_12065,Gold,Robo-Advisory,93,13,5671.31,3,2,2,At Risk,0,23,1,0.9954846203561771,5645.7
USR_14092,Gold,Crypto,79,13,5667.719999999999,3,2,2,At Risk,0,4,1,0.9954846203561771,5642.13
USR_11794,Standard,High-Yield Savings,104,13,5666.889999999999,3,1,2,At Risk,1,1,1,0.9954846203561771,5641.3
USR_12079,Standard,Equities,57,12,5665.000000000001,2,2,2,At Risk,0,12,0,0.002066054946874593,11.7
USR_11991,Standard,Robo-Advisory,106,18,5664.51,3,1,2,At Risk,1,30,1,0.9954846203561771,5638.93
USR_13913,Standard,Crypto,117,13,5664.5,3,1,2,At Risk,1,39,1,0.9954846203561771,5638.92
USR_14733,Standard,Crypto,96,12,5663.500000000001,3,2,2,At Risk,0,1,1,0.9954846203561771,5637.93
USR_13542,Gold,Robo-Advisory,14,15,5657.400000000001,1,1,2,Lost / Inactive,1,12,0,0.002066054946874593,11.69
USR_11360,Standard,High-Yield Savings,31,16,5656.5,2,1,2,At Risk,1,13,0,0.002066054946874593,11.69
USR_12718,Standard,Robo-Advisory,20,14,5656.4,1,1,2,Lost / Inactive,0,39,0,0.002066054946874593,11.69
USR_13534,Gold,Equities,82,16,5654.799999999999,3,1,2,At Risk,0,1,1,0.9954846203561771,5629.27
USR_13097,Standard,High-Yield Savings,111,9,5653.340000000001,3,3,2,At Risk,0,17,1,0.9954846203561771,5627.81
USR_12036,Gold,High-Yield Savings,22,12,5652.119999999999,1,2,2,Lost / Inactive,1,26,0,0.002066054946874593,11.68
USR_12399,Standard,High-Yield Savings,29,10,5649.4,2,3,2,At Risk,1,22,0,0.002066054946874593,11.67
USR_11010,Standard,High-Yield Savings,6,10,5648.76,1,3,2,Lost / Inactive,0,25,0,0.002066054946874593,11.67
USR_14360,Standard,High-Yield Savings,115,16,5646.73,3,1,2,At Risk,0,18,1,0.9954846203561771,5621.23
USR_13106,Standard,Robo-Advisory,60,16,5646.280000000001,2,1,2,At Risk,0,22,0,0.002066054946874593,11.67
USR_14839,Standard,Robo-Advisory,6,24,5646.109999999999,1,1,2,Lost / Inactive,1,29,0,0.002066054946874593,11.67
USR_13815,Gold,Equities,14,13,5644.249999999999,1,2,2,Lost / Inactive,0,23,0,0.002066054946874593,11.66
USR_11347,Standard,Crypto,14,14,5643.01,1,1,2,Lost / Inactive,0,28,0,0.002066054946874593,11.66
USR_13699,Standard,Equities,54,9,5640.590000000001,2,3,2,At Risk,2,10,0,0.002066054946874593,11.65
USR_13225,Standard,Robo-Advisory,99,12,5639.160000000001,3,2,2,At Risk,1,6,1,0.9954846203561771,5613.7
USR_13171,Standard,Crypto,1,11,5638.0199999999995,1,2,2,Lost / Inactive,0,40,0,0.002066054946874593,11.65
USR_14809,Gold,Crypto,35,11,5636.739999999999,2,2,2,At Risk,0,29,0,0.002066054946874593,11.65
USR_14551,Gold,Crypto,59,9,5634.519999999999,2,3,2,At Risk,1,32,0,0.002066054946874593,11.64
USR_14013,Standard,Robo-Advisory,9,11,5633.349999999999,1,2,2,Lost / Inactive,1,25,0,0.002066054946874593,11.64
USR_12413,Gold,Equities,3,15,5630.959999999999,1,1,2,Lost / Inactive,2,12,0,0.002066054946874593,11.63
USR_14851,Standard,High-Yield Savings,212,7,5630.81,3,3,2,At Risk,1,34,1,0.9954846203561771,5605.38
USR_14887,Standard,Robo-Advisory,13,18,5630.379999999999,1,1,2,Lost / Inactive,0,24,0,0.002066054946874593,11.63
USR_12344,Standard,Crypto,56,11,5629.919999999999,2,2,2,At Risk,0,2,1,0.9954846203561771,5604.5
USR_12485,Standard,Equities,18,16,5626.679999999999,1,1,2,Lost / Inactive,2,12,0,0.002066054946874593,11.63
USR_12103,Gold,Robo-Advisory,32,10,5626.180000000001,2,3,2,At Risk,0,7,0,0.002066054946874593,11.62
USR_11059,Gold,Robo-Advisory,89,12,5626.009999999999,3,2,2,At Risk,0,10,0,0.002066054946874593,11.62
USR_13974,Gold,Robo-Advisory,32,18,5620.41,2,1,2,At Risk,0,14,0,0.002066054946874593,11.61
USR_14413,Standard,Crypto,7,9,5618.23,1,3,2,Lost / Inactive,0,33,0,0.002066054946874593,11.61
USR_12086,Standard,Crypto,143,7,5617.709999999999,3,3,2,At Risk,0,30,1,0.9954846203561771,5592.34
USR_14292,VIP Wealth,Equities,144,12,5614.8099999999995,3,2,2,At Risk,3,15,1,0.9954846203561771,5589.46
USR_13018,Standard,Crypto,29,9,5612.750000000001,2,3,2,At Risk,2,2,1,0.9954846203561771,5587.41
USR_14716,Standard,Equities,168,10,5606.560000000001,3,2,2,At Risk,2,4,1,0.9954846203561771,5581.24
USR_11807,Standard,Crypto,40,13,5604.820000000001,2,2,2,At Risk,0,12,0,0.002066054946874593,11.58
USR_12059,Gold,Crypto,106,7,5603.88,3,3,2,At Risk,0,40,1,0.9954846203561771,5578.58
USR_10739,Standard,Equities,51,12,5602.1,2,2,2,At Risk,1,30,0,0.002066054946874593,11.57
USR_14335,Standard,High-Yield Savings,2,15,5601.8099999999995,1,1,2,Lost / Inactive,0,19,0,0.002066054946874593,11.57
USR_12549,Gold,Crypto,45,10,5600.14,2,3,2,At Risk,3,15,0,0.002066054946874593,11.57
USR_13552,Gold,Equities,6,12,5597.35,1,2,2,Lost / Inactive,0,24,0,0.002066054946874593,11.56
USR_10349,Standard,High-Yield Savings,23,11,5593.67,1,2,2,Lost / Inactive,0,14,0,0.002066054946874593,11.56
USR_10687,Gold,Equities,100,9,5592.4800000000005,3,3,2,At Risk,0,23,1,0.9954846203561771,5567.23
USR_14415,Standard,High-Yield Savings,26,9,5591.389999999999,2,3,2,At Risk,1,2,1,0.9954846203561771,5566.14
USR_10025,Gold,Crypto,4,11,5590.690000000001,1,2,2,Lost / Inactive,0,3,1,0.9954846203561771,5565.45
USR_14732,VIP Wealth,Equities,24,14,5590.36,1,1,2,Lost / Inactive,0,0,1,0.9954846203561771,5565.12
USR_13510,Standard,Crypto,82,14,5590.34,3,1,2,At Risk,1,22,0,0.002066054946874593,11.55
USR_14938,Gold,Crypto,58,8,5589.650000000001,2,3,2,At Risk,1,32,0,0.002066054946874593,11.55
USR_11907,Gold,Crypto,28,7,5587.11,2,3,2,At Risk,2,44,0,0.002066054946874593,11.54
USR_12392,Standard,Crypto,48,12,5584.31,2,2,2,At Risk,1,17,0,0.002066054946874593,11.54
USR_14140,Standard,High-Yield Savings,61,11,5576.46,2,2,2,At Risk,0,28,0,0.002066054946874593,11.52
USR_14023,Gold,Equities,90,11,5574.54,3,2,2,At Risk,0,28,0,0.002066054946874593,11.52
USR_11511,Standard,Equities,6,11,5574.32,1,2,2,Lost / Inactive,0,36,0,0.002066054946874593,11.52
USR_10792,Gold,High-Yield Savings,93,15,5574.27,3,1,2,At Risk,1,0,1,0.9954846203561771,5549.1
USR_13719,Standard,Crypto,31,12,5572.48,2,2,2,At Risk,1,13,0,0.002066054946874593,11.51
USR_14730,Standard,Crypto,1,10,5569.709999999999,1,3,2,Lost / Inactive,1,36,0,0.002066054946874593,11.51
USR_12084,Standard,Crypto,4,12,5566.06,1,2,2,Lost / Inactive,0,5,0,0.002066054946874593,11.5
USR_12285,Standard,Equities,89,11,5564.610000000001,3,2,2,At Risk,0,10,0,0.002066054946874593,11.5
USR_10475,Gold,Crypto,78,7,5563.909999999999,3,3,2,At Risk,1,25,0,0.002066054946874593,11.5
USR_10591,Gold,Equities,23,12,5562.51,1,2,2,Lost / Inactive,0,39,0,0.002066054946874593,11.49
USR_14072,VIP Wealth,High-Yield Savings,41,9,5562.05,2,3,2,At Risk,1,41,0,0.002066054946874593,11.49
USR_12569,Gold,Equities,27,12,5561.24,2,2,2,At Risk,1,40,0,0.002066054946874593,11.49
USR_11096,Standard,Crypto,30,16,5559.649999999999,2,1,2,At Risk,1,34,0,0.002066054946874593,11.49
USR_11024,Standard,Crypto,32,16,5559.360000000001,2,1,2,At Risk,0,20,0,0.002066054946874593,11.49
USR_14971,Standard,Crypto,2,12,5557.92,1,2,2,Lost / Inactive,1,17,0,0.002066054946874593,11.48
USR_14121,Gold,Equities,31,8,5557.380000000001,2,3,2,At Risk,0,23,0,0.002066054946874593,11.48
USR_14884,Standard,Equities,53,9,5557.0199999999995,2,3,2,At Risk,0,38,0,0.002066054946874593,11.48
USR_11293,Gold,High-Yield Savings,47,10,5556.650000000001,2,3,2,At Risk,1,40,0,0.002066054946874593,11.48
USR_11818,VIP Wealth,Robo-Advisory,18,11,5554.12,1,2,2,Lost / Inactive,2,37,0,0.002066054946874593,11.48
USR_14705,Gold,Equities,11,18,5553.690000000002,1,1,2,Lost / Inactive,1,12,0,0.002066054946874593,11.47
USR_10944,Gold,Robo-Advisory,77,12,5552.15,3,2,2,At Risk,0,41,0,0.002066054946874593,11.47
USR_12152,Gold,Equities,79,11,5551.5599999999995,3,2,2,At Risk,1,44,0,0.002066054946874593,11.47
USR_11108,Standard,Equities,38,15,5548.150000000001,2,1,2,At Risk,1,19,0,0.002066054946874593,11.46
USR_13117,Standard,High-Yield Savings,63,11,5544.839999999999,2,2,2,At Risk,0,29,0,0.002066054946874593,11.46
USR_10203,Gold,Equities,8,15,5544.31,1,1,2,Lost / Inactive,1,22,0,0.002066054946874593,11.45
USR_13272,Gold,Crypto,4,8,5543.88,1,3,2,Lost / Inactive,3,39,0,0.002066054946874593,11.45
USR_13170,Standard,Equities,46,9,5541.97,2,3,2,At Risk,1,30,0,0.002066054946874593,11.45
USR_11868,Gold,Equities,79,14,5540.270000000001,3,1,2,At Risk,0,8,0,0.002066054946874593,11.45
USR_13833,Standard,Robo-Advisory,10,11,5539.61,1,2,2,Lost / Inactive,0,3,1,0.9954846203561771,5514.6
USR_11083,Standard,Crypto,34,13,5539.26,2,2,2,At Risk,1,13,0,0.002066054946874593,11.44
USR_12837,Standard,Robo-Advisory,85,9,5538.23,3,3,2,At Risk,2,35,0,0.002066054946874593,11.44
USR_11664,VIP Wealth,Crypto,61,13,5537.0,2,2,2,At Risk,0,8,0,0.002066054946874593,11.44
USR_12021,Gold,High-Yield Savings,1,14,5532.489999999999,1,1,2,Lost / Inactive,1,44,0,0.002066054946874593,11.43
USR_12657,Standard,Equities,29,6,5531.47,2,3,2,At Risk,4,14,0,0.002066054946874593,11.43
USR_11039,Standard,Equities,48,12,5531.179999999999,2,2,2,At Risk,1,8,0,0.002066054946874593,11.43
USR_14766,Standard,Crypto,24,17,5528.259999999999,1,1,2,Lost / Inactive,0,2,1,0.9954846203561771,5503.3
USR_13298,Standard,High-Yield Savings,30,10,5526.85,2,3,2,At Risk,0,11,0,0.002066054946874593,11.42
USR_14695,Standard,Equities,8,15,5524.69,1,1,2,Lost / Inactive,0,5,0,0.002066054946874593,11.41
USR_10191,Standard,Equities,20,9,5524.24,1,3,2,Lost / Inactive,4,0,1,0.9954846203561771,5499.3
USR_10057,Gold,Robo-Advisory,2,13,5523.85,1,2,2,Lost / Inactive,0,25,0,0.002066054946874593,11.41
USR_14209,Standard,Crypto,47,12,5519.64,2,2,2,At Risk,0,10,0,0.002066054946874593,11.4
USR_10753,Gold,Equities,19,12,5518.71,1,2,2,Lost / Inactive,1,23,0,0.002066054946874593,11.4
USR_11478,Standard,Equities,35,13,5518.549999999999,2,2,2,At Risk,1,26,0,0.002066054946874593,11.4
USR_14206,VIP Wealth,Crypto,38,17,5518.409999999999,2,1,2,At Risk,1,2,1,0.9954846203561771,5493.49
USR_10342,Gold,Equities,25,12,5518.179999999999,2,2,2,At Risk,2,5,0,0.002066054946874593,11.4
USR_12327,Standard,Equities,146,8,5517.54,3,3,2,At Risk,1,14,1,0.9954846203561771,5492.63
USR_13852,Gold,Robo-Advisory,113,17,5517.150000000001,3,1,2,At Risk,0,2,1,0.9954846203561771,5492.24
USR_11454,Standard,High-Yield Savings,74,10,5515.21,3,3,2,At Risk,1,22,0,0.002066054946874593,11.39
USR_11438,Standard,Crypto,41,8,5512.94,2,3,2,At Risk,0,41,0,0.002066054946874593,11.39
USR_11104,Standard,High-Yield Savings,45,13,5512.740000000001,2,2,2,At Risk,0,13,0,0.002066054946874593,11.39
USR_10226,Gold,Crypto,17,11,5508.700000000001,1,2,2,Lost / Inactive,2,0,1,0.9954846203561771,5483.83
USR_11986,Gold,Crypto,36,13,5506.279999999999,2,2,2,At Risk,0,39,0,0.002066054946874593,11.38
USR_12187,Standard,Robo-Advisory,96,12,5502.8200000000015,3,2,2,At Risk,0,7,1,0.9954846203561771,5477.97
USR_13958,Standard,Equities,11,13,5502.7,1,2,2,Lost / Inactive,2,40,0,0.002066054946874593,11.37
USR_13503,VIP Wealth,Equities,70,13,5502.419999999999,3,2,2,At Risk,1,41,0,0.002066054946874593,11.37
USR_10882,Gold,Crypto,39,15,5502.410000000001,2,1,2,At Risk,0,9,0,0.002066054946874593,11.37
USR_11166,Standard,Equities,57,11,5501.21,2,2,2,At Risk,1,34,0,0.002066054946874593,11.37
USR_13726,Standard,Robo-Advisory,13,10,5499.67,1,3,2,Lost / Inactive,1,15,0,0.002066054946874593,11.36
USR_14040,Standard,Robo-Advisory,7,14,5497.33,1,1,2,Lost / Inactive,0,11,0,0.002066054946874593,11.36
USR_13553,Standard,Equities,79,10,5496.869999999999,3,3,2,At Risk,0,24,0,0.002066054946874593,11.36
USR_14653,Standard,Equities,35,12,5496.49,2,2,2,At Risk,1,30,0,0.002066054946874593,11.36
USR_10930,Standard,Equities,9,13,5494.59,1,2,2,Lost / Inactive,0,3,1,0.9954846203561771,5469.78
USR_14654,Standard,Equities,20,13,5493.47,1,2,2,Lost / Inactive,0,9,0,0.002066054946874593,11.35
USR_13517,Standard,Crypto,74,14,5492.339999999999,3,1,2,At Risk,2,36,0,0.002066054946874593,11.35
USR_14436,Standard,Crypto,24,14,5492.14,1,1,2,Lost / Inactive,2,41,0,0.002066054946874593,11.35
USR_13031,Standard,High-Yield Savings,45,8,5488.41,2,3,2,At Risk,3,1,1,0.9954846203561771,5463.63
USR_11856,VIP Wealth,Equities,43,11,5487.11,2,2,2,At Risk,1,23,0,0.002066054946874593,11.34
USR_10592,VIP Wealth,Crypto,9,11,5485.32,1,2,2,Lost / Inactive,2,43,0,0.002066054946874593,11.33
USR_13530,Gold,Equities,3,8,5482.2,1,3,2,Lost / Inactive,0,0,1,0.9954846203561771,5457.45
USR_14714,Standard,Equities,40,11,5481.030000000001,2,2,2,At Risk,0,36,0,0.002066054946874593,11.32
USR_12308,Standard,High-Yield Savings,122,14,5476.76,3,1,2,At Risk,3,16,1,0.9954846203561771,5452.03
USR_11896,Gold,High-Yield Savings,72,14,5476.110000000001,3,1,2,At Risk,2,5,0,0.002066054946874593,11.31
USR_12727,VIP Wealth,Equities,31,11,5476.0199999999995,2,2,2,At Risk,0,14,0,0.002066054946874593,11.31
USR_14276,VIP Wealth,Robo-Advisory,67,10,5475.89,3,3,2,At Risk,1,6,0,0.002066054946874593,11.31
USR_10345,Standard,Robo-Advisory,2,14,5473.52,1,1,2,Lost / Inactive,0,2,1,0.9954846203561771,5448.8
USR_11650,Gold,High-Yield Savings,53,10,5471.4800000000005,2,3,2,At Risk,1,5,0,0.002066054946874593,11.3
USR_13917,Standard,Crypto,41,13,5470.289999999999,2,2,2,At Risk,2,29,0,0.002066054946874593,11.3
USR_11682,Standard,Crypto,8,9,5468.66,1,3,2,Lost / Inactive,0,20,0,0.002066054946874593,11.3
USR_14498,Standard,Equities,86,10,5465.7300000000005,3,3,2,At Risk,1,9,0,0.002066054946874593,11.29
USR_14502,Standard,Crypto,14,17,5460.410000000001,1,1,2,Lost / Inactive,1,8,0,0.002066054946874593,11.28
USR_12295,Gold,Equities,1,16,5457.97,1,1,2,Lost / Inactive,0,31,0,0.002066054946874593,11.28
USR_13124,VIP Wealth,High-Yield Savings,22,13,5457.439999999999,1,2,2,Lost / Inactive,0,7,0,0.002066054946874593,11.28
USR_14647,Standard,High-Yield Savings,49,11,5454.1500000000015,2,2,2,At Risk,0,41,0,0.002066054946874593,11.27
USR_10300,Standard,Equities,64,10,5451.149999999999,2,3,2,At Risk,2,44,0,0.002066054946874593,11.26
USR_14645,VIP Wealth,Crypto,49,12,5450.729999999999,2,2,2,At Risk,0,12,0,0.002066054946874593,11.26
USR_14908,Standard,High-Yield Savings,43,14,5447.599999999999,2,1,2,At Risk,0,41,0,0.002066054946874593,11.26
USR_13100,Gold,Equities,27,12,5446.640000000001,2,2,2,At Risk,2,31,0,0.002066054946874593,11.25
USR_13476,Standard,High-Yield Savings,25,11,5444.969999999999,2,2,2,At Risk,0,9,0,0.002066054946874593,11.25
USR_10653,Standard,Equities,12,16,5444.29,1,1,2,Lost / Inactive,0,20,0,0.002066054946874593,11.25
USR_11722,Standard,Crypto,9,10,5442.009999999999,1,3,2,Lost / Inactive,1,40,0,0.002066054946874593,11.24
USR_11041,Gold,Robo-Advisory,176,12,5441.35,3,2,2,At Risk,0,12,1,0.9954846203561771,5416.78
USR_14164,Standard,Robo-Advisory,99,15,5440.29,3,1,2,At Risk,1,40,1,0.9954846203561771,5415.73
USR_14665,Standard,Crypto,73,11,5437.629999999999,3,2,2,At Risk,1,32,0,0.002066054946874593,11.23
USR_11985,Gold,Robo-Advisory,91,10,5437.4,3,3,2,At Risk,0,22,1,0.9954846203561771,5412.85
USR_14048,Standard,Equities,4,15,5437.13,1,1,2,Lost / Inactive,0,33,0,0.002066054946874593,11.23
USR_12970,Standard,Crypto,45,14,5435.6900000000005,2,1,2,At Risk,2,4,1,0.9954846203561771,5411.15
USR_10102,Gold,High-Yield Savings,73,8,5434.5,3,3,2,At Risk,0,22,0,0.002066054946874593,11.23
USR_13570,Gold,High-Yield Savings,15,9,5434.5,1,3,2,Lost / Inactive,0,42,0,0.002066054946874593,11.23
USR_12121,Gold,Robo-Advisory,6,11,5430.84,1,2,2,Lost / Inactive,0,36,0,0.002066054946874593,11.22
USR_11265,Standard,Crypto,74,10,5428.6,3,3,2,At Risk,1,38,0,0.002066054946874593,11.22
USR_12238,Gold,Equities,16,12,5425.200000000001,1,2,2,Lost / Inactive,1,37,0,0.002066054946874593,11.21
USR_12007,Standard,Equities,20,11,5422.26,1,2,2,Lost / Inactive,1,15,0,0.002066054946874593,11.2
USR_14490,Standard,Robo-Advisory,21,10,5421.760000000001,1,3,2,Lost / Inactive,2,7,0,0.002066054946874593,11.2
USR_11942,Standard,Equities,14,9,5421.27,1,3,2,Lost / Inactive,1,12,0,0.002066054946874593,11.2
USR_12579,Standard,Robo-Advisory,53,7,5419.5599999999995,2,3,2,At Risk,2,0,1,0.9954846203561771,5395.09
USR_10242,Standard,Equities,44,12,5419.49,2,2,2,At Risk,1,20,0,0.002066054946874593,11.2
USR_13011,Gold,Crypto,47,10,5419.150000000001,2,3,2,At Risk,0,16,0,0.002066054946874593,11.2
USR_12781,Standard,High-Yield Savings,75,15,5417.14,3,1,2,At Risk,0,22,0,0.002066054946874593,11.19
USR_10557,Standard,High-Yield Savings,9,11,5416.500000000001,1,2,2,Lost / Inactive,1,0,1,0.9954846203561771,5392.04
USR_11281,Standard,Equities,34,9,5415.06,2,3,2,At Risk,1,26,0,0.002066054946874593,11.19
USR_11801,Standard,Equities,47,12,5414.26,2,2,2,At Risk,0,38,0,0.002066054946874593,11.19
USR_14762,Gold,Equities,1,15,5412.070000000001,1,1,2,Lost / Inactive,1,20,0,0.002066054946874593,11.18
USR_10817,Standard,Robo-Advisory,42,9,5411.51,2,3,2,At Risk,1,41,0,0.002066054946874593,11.18
USR_11331,VIP Wealth,High-Yield Savings,226,11,5408.540000000001,3,2,2,At Risk,0,20,1,0.9954846203561771,5384.12
USR_12778,Standard,Equities,8,12,5407.880000000001,1,2,2,Lost / Inactive,1,25,0,0.002066054946874593,11.17
USR_13758,Standard,Robo-Advisory,2,13,5404.46,1,2,2,Lost / Inactive,0,29,0,0.002066054946874593,11.17
USR_12360,Gold,High-Yield Savings,42,9,5402.04,2,3,2,At Risk,0,39,0,0.002066054946874593,11.16
USR_14257,Standard,High-Yield Savings,19,15,5401.829999999999,1,1,2,Lost / Inactive,3,12,0,0.002066054946874593,11.16
USR_10963,Standard,High-Yield Savings,54,10,5400.870000000001,2,3,2,At Risk,2,2,1,0.9954846203561771,5376.48
USR_13902,Standard,High-Yield Savings,7,10,5399.86,1,3,2,Lost / Inactive,0,5,0,0.002066054946874593,11.16
USR_10458,Gold,Robo-Advisory,16,10,5399.639999999999,1,3,2,Lost / Inactive,1,23,0,0.002066054946874593,11.16
USR_11404,Standard,Equities,51,11,5390.39,2,2,2,At Risk,2,25,0,0.002066054946874593,11.14
USR_12780,Standard,Crypto,33,10,5390.150000000001,2,3,2,At Risk,2,21,0,0.002066054946874593,11.14
USR_11934,Standard,Equities,5,9,5388.9800000000005,1,3,2,Lost / Inactive,2,12,0,0.002066054946874593,11.13
USR_10401,Gold,Crypto,6,14,5387.83,1,1,2,Lost / Inactive,2,36,0,0.002066054946874593,11.13
USR_12753,Standard,Equities,43,12,5382.070000000001,2,2,2,At Risk,2,2,1,0.9954846203561771,5357.77
USR_14929,Standard,Robo-Advisory,137,7,5381.929999999999,3,3,2,At Risk,1,10,1,0.9954846203561771,5357.63
USR_12442,Gold,Equities,54,11,5379.0199999999995,2,2,2,At Risk,3,41,0,0.002066054946874593,11.11
USR_12134,Gold,High-Yield Savings,68,13,5378.31,3,2,2,At Risk,1,14,0,0.002066054946874593,11.11
USR_14911,Standard,Crypto,23,12,5374.7,1,2,2,Lost / Inactive,0,15,0,0.002066054946874593,11.1
USR_10151,VIP Wealth,Equities,24,9,5373.9400000000005,1,3,2,Lost / Inactive,0,0,1,0.9954846203561771,5349.67
USR_12242,Standard,Equities,12,13,5372.46,1,2,2,Lost / Inactive,0,43,0,0.002066054946874593,11.1
USR_13900,Standard,Robo-Advisory,219,10,5371.45,3,3,2,At Risk,0,2,1,0.9954846203561771,5347.2
USR_10212,Standard,Equities,98,11,5371.280000000001,3,2,2,At Risk,0,24,1,0.9954846203561771,5347.03
USR_13943,Standard,High-Yield Savings,8,11,5368.700000000001,1,2,2,Lost / Inactive,0,13,0,0.002066054946874593,11.09
USR_14610,Standard,Equities,31,10,5368.5,2,3,2,At Risk,0,5,0,0.002066054946874593,11.09
USR_13402,Standard,High-Yield Savings,12,12,5366.01,1,2,2,Lost / Inactive,1,19,0,0.002066054946874593,11.09
USR_10052,Gold,High-Yield Savings,50,15,5364.990000000001,2,1,2,At Risk,0,29,0,0.002066054946874593,11.08
USR_11535,Gold,Equities,6,11,5363.83,1,2,2,Lost / Inactive,0,23,0,0.002066054946874593,11.08
USR_14470,Standard,Crypto,221,10,5361.469999999999,3,3,2,At Risk,0,7,1,0.9954846203561771,5337.26
USR_10156,VIP Wealth,Crypto,72,7,5360.67,3,3,2,At Risk,0,5,0,0.002066054946874593,11.08
USR_12624,Standard,High-Yield Savings,43,14,5359.06,2,1,2,At Risk,1,37,0,0.002066054946874593,11.07
USR_12639,Standard,Crypto,25,14,5358.66,2,1,2,At Risk,0,16,0,0.002066054946874593,11.07
USR_14905,Standard,Crypto,50,14,5356.91,2,1,2,At Risk,0,40,0,0.002066054946874593,11.07
USR_13125,Standard,Crypto,74,12,5356.5,3,2,2,At Risk,1,14,0,0.002066054946874593,11.07
USR_11223,Standard,Equities,71,11,5347.75,3,2,2,At Risk,1,43,0,0.002066054946874593,11.05
USR_11585,Standard,Crypto,72,9,5347.47,3,3,2,At Risk,0,4,1,0.9954846203561771,5323.32
USR_13041,Gold,Crypto,283,10,5344.540000000001,3,2,2,At Risk,1,5,1,0.9954846203561771,5320.41
USR_12512,Standard,Equities,33,16,5341.840000000001,2,1,2,At Risk,0,0,1,0.9954846203561771,5317.72
USR_12124,Standard,Equities,5,15,5339.18,1,1,2,Lost / Inactive,0,38,0,0.002066054946874593,11.03
USR_12558,Standard,Crypto,297,10,5338.919999999999,3,2,2,At Risk,1,1,1,0.9954846203561771,5314.81
USR_14462,Standard,High-Yield Savings,27,13,5334.61,2,2,2,At Risk,1,14,0,0.002066054946874593,11.02
USR_10051,Standard,Equities,11,13,5334.349999999999,1,2,2,Lost / Inactive,1,39,0,0.002066054946874593,11.02
USR_10480,Gold,Crypto,64,12,5332.530000000001,2,2,2,At Risk,0,6,0,0.002066054946874593,11.02
USR_12104,Standard,High-Yield Savings,54,16,5329.530000000001,2,1,2,At Risk,1,34,0,0.002066054946874593,11.01
USR_10374,VIP Wealth,Equities,5,7,5328.5199999999995,1,3,2,Lost / Inactive,2,24,0,0.002066054946874593,11.01
USR_14639,Standard,Crypto,167,12,5328.0,3,2,2,At Risk,1,21,1,0.9954846203561771,5303.94
USR_11922,Standard,Equities,105,14,5326.2,3,1,2,At Risk,1,31,1,0.9954846203561771,5302.15
USR_13702,Standard,Crypto,70,11,5325.849999999999,3,2,2,At Risk,2,31,0,0.002066054946874593,11.0
USR_10350,Standard,Crypto,30,13,5325.55,2,2,2,At Risk,4,38,0,0.002066054946874593,11.0
USR_14674,Gold,Equities,89,13,5325.5199999999995,3,2,2,At Risk,0,42,0,0.002066054946874593,11.0
USR_12265,VIP Wealth,Equities,33,19,5322.06,2,1,2,At Risk,1,17,0,0.002066054946874593,11.0
USR_10943,Gold,Equities,9,9,5320.43,1,3,2,Lost / Inactive,1,25,0,0.002066054946874593,10.99
USR_13996,Gold,Equities,56,13,5320.320000000001,2,2,2,At Risk,1,1,1,0.9954846203561771,5296.3
USR_10637,Standard,High-Yield Savings,140,8,5314.98,3,3,2,At Risk,0,14,1,0.9954846203561771,5290.98
USR_11981,VIP Wealth,High-Yield Savings,37,11,5314.759999999999,2,2,2,At Risk,0,3,1,0.9954846203561771,5290.76
USR_13485,Gold,Crypto,1,16,5314.329999999999,1,1,2,Lost / Inactive,1,4,1,0.9954846203561771,5290.33
USR_12623,Standard,High-Yield Savings,51,6,5313.4400000000005,2,3,2,At Risk,0,33,0,0.002066054946874593,10.98
USR_10596,Standard,Equities,60,9,5312.5599999999995,2,3,2,At Risk,0,0,1,0.9954846203561771,5288.57
USR_10776,VIP Wealth,Crypto,71,7,5308.02,3,3,2,At Risk,1,2,1,0.9954846203561771,5284.05
USR_13837,Standard,Robo-Advisory,1,13,5307.629999999999,1,2,2,Lost / Inactive,1,16,0,0.002066054946874593,10.97
USR_11067,Gold,Crypto,74,15,5306.07,3,1,2,At Risk,2,14,0,0.002066054946874593,10.96
USR_14377,Gold,High-Yield Savings,15,15,5304.000000000001,1,1,2,Lost / Inactive,1,43,0,0.002066054946874593,10.96
USR_12129,Gold,Crypto,28,16,5303.37,2,1,2,At Risk,0,10,0,0.002066054946874593,10.96
USR_11226,Standard,Equities,52,11,5302.86,2,2,2,At Risk,2,30,0,0.002066054946874593,10.96
USR_11700,Standard,High-Yield Savings,24,12,5300.859999999999,1,2,2,Lost / Inactive,0,14,0,0.002066054946874593,10.95
USR_10905,Standard,High-Yield Savings,86,11,5297.68,3,2,2,At Risk,1,15,0,0.002066054946874593,10.95
USR_10638,Standard,Robo-Advisory,94,12,5297.3099999999995,3,2,2,At Risk,1,41,1,0.9954846203561771,5273.39
USR_10113,Standard,High-Yield Savings,106,12,5290.049999999999,3,2,2,At Risk,1,20,1,0.9954846203561771,5266.16
USR_12128,Standard,Crypto,13,14,5287.919999999999,1,1,2,Lost / Inactive,2,19,0,0.002066054946874593,10.93
USR_12832,Standard,Equities,9,12,5287.17,1,2,2,Lost / Inactive,1,24,0,0.002066054946874593,10.92
USR_12251,Standard,Equities,9,8,5285.89,1,3,2,Lost / Inactive,1,11,0,0.002066054946874593,10.92
USR_13101,Standard,High-Yield Savings,90,11,5282.32,3,2,2,At Risk,0,41,0,0.002066054946874593,10.91
USR_10999,Gold,High-Yield Savings,77,7,5282.099999999999,3,3,2,At Risk,1,14,0,0.002066054946874593,10.91
USR_10118,Gold,Equities,100,15,5281.899999999999,3,1,2,At Risk,2,38,1,0.9954846203561771,5258.05
USR_12870,Standard,Equities,91,9,5281.15,3,3,2,At Risk,0,4,1,0.9954846203561771,5257.3
USR_14598,Gold,Robo-Advisory,91,9,5279.96,3,3,2,At Risk,3,9,1,0.9954846203561771,5256.12
USR_12299,Standard,Equities,107,8,5278.0,3,3,2,At Risk,0,16,1,0.9954846203561771,5254.17
USR_12153,Standard,Equities,36,14,5277.860000000001,2,1,2,At Risk,1,19,0,0.002066054946874593,10.9
USR_13642,Standard,Crypto,131,12,5277.28,3,2,2,At Risk,3,11,1,0.9954846203561771,5253.45
USR_13089,Standard,Robo-Advisory,13,11,5276.5599999999995,1,2,2,Lost / Inactive,0,6,0,0.002066054946874593,10.9
USR_13475,Gold,Equities,116,18,5270.87,3,1,2,At Risk,1,34,1,0.9954846203561771,5247.07
USR_10210,Gold,Crypto,53,14,5270.830000000001,2,1,2,At Risk,1,10,0,0.002066054946874593,10.89
USR_13744,Standard,High-Yield Savings,39,11,5269.239999999999,2,2,2,At Risk,2,32,0,0.002066054946874593,10.89
USR_13181,Standard,High-Yield Savings,37,5,5268.419999999999,2,3,2,At Risk,0,26,0,0.002066054946874593,10.88
USR_14558,Standard,Equities,49,9,5268.29,2,3,2,At Risk,0,9,0,0.002066054946874593,10.88
USR_10330,Standard,Crypto,111,15,5268.1100000000015,3,1,2,At Risk,0,5,1,0.9954846203561771,5244.32
USR_13611,Standard,Equities,13,10,5266.42,1,3,2,Lost / Inactive,0,28,0,0.002066054946874593,10.88
USR_10714,Gold,Robo-Advisory,7,13,5264.56,1,2,2,Lost / Inactive,1,14,0,0.002066054946874593,10.88
USR_11164,Standard,Crypto,119,10,5264.509999999999,3,2,2,At Risk,2,15,1,0.9954846203561771,5240.74
USR_14883,Gold,Crypto,167,9,5262.78,3,3,2,At Risk,0,26,1,0.9954846203561771,5239.02
USR_12827,Gold,Crypto,87,11,5262.709999999999,3,2,2,At Risk,2,31,0,0.002066054946874593,10.87
USR_10444,Gold,Equities,69,9,5262.18,3,3,2,At Risk,2,4,1,0.9954846203561771,5238.42
USR_14942,Standard,High-Yield Savings,32,12,5259.550000000001,2,2,2,At Risk,2,40,0,0.002066054946874593,10.87
USR_12689,Standard,Crypto,73,13,5259.11,3,2,2,At Risk,0,25,0,0.002066054946874593,10.87
USR_12398,Gold,Robo-Advisory,143,11,5258.919999999999,3,2,2,At Risk,0,26,1,0.9954846203561771,5235.17
USR_14501,Standard,Equities,23,17,5257.66,1,1,2,Lost / Inactive,1,32,0,0.002066054946874593,10.86
USR_13167,Standard,High-Yield Savings,99,11,5257.530000000002,3,2,2,At Risk,1,21,1,0.9954846203561771,5233.79
USR_13705,Standard,Crypto,19,12,5253.83,1,2,2,Lost / Inactive,4,31,0,0.002066054946874593,10.85
USR_11117,Standard,Crypto,39,13,5252.740000000001,2,2,2,At Risk,0,42,0,0.002066054946874593,10.85
USR_13654,Gold,Equities,82,12,5248.04,3,2,2,At Risk,1,39,0,0.002066054946874593,10.84
USR_12479,Standard,Crypto,29,13,5246.560000000001,2,2,2,At Risk,1,33,0,0.002066054946874593,10.84
USR_10735,Standard,Equities,42,11,5245.2,2,2,2,At Risk,1,38,0,0.002066054946874593,10.84
USR_11499,Standard,Robo-Advisory,121,12,5244.56,3,2,2,At Risk,2,23,1,0.9954846203561771,5220.88
USR_14406,Standard,Crypto,8,12,5243.559999999999,1,2,2,Lost / Inactive,3,20,0,0.002066054946874593,10.83
USR_12058,Standard,Equities,19,12,5243.15,1,2,2,Lost / Inactive,2,1,1,0.9954846203561771,5219.48
USR_10922,Gold,Equities,3,17,5242.759999999999,1,1,2,Lost / Inactive,1,23,0,0.002066054946874593,10.83
USR_10692,Standard,Equities,113,13,5241.25,3,1,2,At Risk,2,34,1,0.9954846203561771,5217.58
USR_11362,Standard,Robo-Advisory,56,13,5239.07,2,2,2,At Risk,1,34,0,0.002066054946874593,10.82
USR_12698,Standard,Equities,3,9,5238.38,1,3,2,Lost / Inactive,0,42,0,0.002066054946874593,10.82
USR_12130,Standard,Equities,221,12,5237.94,3,2,2,At Risk,1,1,1,0.9954846203561771,5214.29
USR_12826,Standard,High-Yield Savings,45,11,5233.74,2,2,2,At Risk,1,18,0,0.002066054946874593,10.81
USR_14608,Standard,Robo-Advisory,1,9,5233.69,1,3,2,Lost / Inactive,1,28,0,0.002066054946874593,10.81
USR_12746,Gold,Crypto,16,15,5233.179999999999,1,1,2,Lost / Inactive,2,23,0,0.002066054946874593,10.81
USR_13821,Standard,Crypto,25,10,5232.629999999999,2,3,2,At Risk,0,26,0,0.002066054946874593,10.81
USR_14052,Standard,Equities,28,11,5231.76,2,2,2,At Risk,0,27,0,0.002066054946874593,10.81
USR_14964,Standard,Equities,43,14,5229.64,2,1,2,At Risk,1,7,0,0.002066054946874593,10.8
USR_14824,Gold,High-Yield Savings,224,8,5227.53,3,3,2,At Risk,0,31,1,0.9954846203561771,5203.93
USR_12767,Gold,Robo-Advisory,62,14,5221.1,2,1,2,At Risk,0,15,0,0.002066054946874593,10.79
USR_11647,Standard,High-Yield Savings,22,13,5219.280000000001,1,2,2,Lost / Inactive,1,27,0,0.002066054946874593,10.78
USR_12369,Gold,Crypto,9,10,5219.07,1,3,2,Lost / Inactive,1,19,0,0.002066054946874593,10.78
USR_12450,Standard,Crypto,21,15,5213.19,1,1,2,Lost / Inactive,1,25,0,0.002066054946874593,10.77
USR_12985,Standard,High-Yield Savings,31,10,5211.65,2,3,2,At Risk,1,25,0,0.002066054946874593,10.77
USR_14067,Standard,Equities,3,18,5211.410000000001,1,1,2,Lost / Inactive,1,35,0,0.002066054946874593,10.77
USR_13893,Standard,High-Yield Savings,98,12,5209.59,3,2,2,At Risk,0,15,1,0.9954846203561771,5186.07
USR_12385,Standard,High-Yield Savings,128,15,5208.490000000001,3,1,2,At Risk,0,35,1,0.9954846203561771,5184.97
USR_12186,Standard,Robo-Advisory,101,11,5207.119999999999,3,2,2,At Risk,1,42,1,0.9954846203561771,5183.61
USR_10245,Standard,Equities,119,13,5206.450000000001,3,1,2,At Risk,0,35,1,0.9954846203561771,5182.94
USR_12233,Standard,Equities,180,10,5206.14,3,3,2,At Risk,0,24,1,0.9954846203561771,5182.63
USR_14298,Standard,Crypto,7,9,5203.09,1,3,2,Lost / Inactive,2,30,0,0.002066054946874593,10.75
USR_11332,Standard,Crypto,19,10,5201.47,1,3,2,Lost / Inactive,1,27,0,0.002066054946874593,10.75
USR_11787,Gold,High-Yield Savings,5,10,5199.71,1,3,2,Lost / Inactive,0,7,0,0.002066054946874593,10.74
USR_14001,Gold,Crypto,98,11,5199.339999999999,3,2,2,At Risk,1,14,1,0.9954846203561771,5175.86
USR_14115,Standard,Equities,91,11,5196.349999999999,3,2,2,At Risk,2,14,1,0.9954846203561771,5172.89
USR_12022,Standard,Crypto,44,9,5195.4800000000005,2,3,2,At Risk,3,44,0,0.002066054946874593,10.73
USR_12771,Gold,Equities,33,14,5194.83,2,1,2,At Risk,0,0,1,0.9954846203561771,5171.37
USR_14803,Standard,High-Yield Savings,20,7,5193.59,1,3,2,Lost / Inactive,1,32,0,0.002066054946874593,10.73
USR_13344,Standard,High-Yield Savings,85,10,5192.39,3,3,2,At Risk,1,17,0,0.002066054946874593,10.73
USR_13968,VIP Wealth,High-Yield Savings,7,13,5189.52,1,2,2,Lost / Inactive,2,41,0,0.002066054946874593,10.72
USR_14826,Gold,Equities,16,9,5188.98,1,3,2,Lost / Inactive,0,19,0,0.002066054946874593,10.72
USR_14383,Standard,Crypto,27,12,5184.9000000000015,2,2,2,At Risk,2,15,0,0.002066054946874593,10.71
USR_12211,Gold,Equities,192,9,5183.71,3,3,2,At Risk,0,39,1,0.9954846203561771,5160.3
USR_10627,Standard,Crypto,95,13,5180.24,3,2,2,At Risk,0,11,1,0.9954846203561771,5156.85
USR_12055,Gold,High-Yield Savings,51,12,5178.889999999999,2,2,2,At Risk,2,1,1,0.9954846203561771,5155.51
USR_14712,Standard,Crypto,10,13,5178.060000000001,1,2,2,Lost / Inactive,1,14,0,0.002066054946874593,10.7
USR_14138,VIP Wealth,Robo-Advisory,59,13,5177.620000000001,2,2,2,At Risk,1,20,0,0.002066054946874593,10.7
USR_12189,VIP Wealth,High-Yield Savings,55,13,5173.9400000000005,2,2,2,At Risk,0,36,0,0.002066054946874593,10.69
USR_13259,VIP Wealth,Equities,18,13,5168.07,1,2,2,Lost / Inactive,1,40,0,0.002066054946874593,10.68
USR_11396,Standard,Equities,76,16,5166.880000000001,3,1,2,At Risk,0,11,0,0.002066054946874593,10.68
USR_10430,VIP Wealth,Equities,36,11,5166.23,2,2,2,At Risk,1,24,0,0.002066054946874593,10.67
USR_14339,Standard,High-Yield Savings,32,17,5165.91,2,1,2,At Risk,0,34,0,0.002066054946874593,10.67
USR_10257,Gold,High-Yield Savings,51,13,5164.849999999999,2,2,2,At Risk,0,19,0,0.002066054946874593,10.67
USR_13528,Gold,Equities,129,12,5163.93,3,2,2,At Risk,0,20,1,0.9954846203561771,5140.61
USR_11213,Gold,Equities,13,10,5161.15,1,3,2,Lost / Inactive,2,23,0,0.002066054946874593,10.66
USR_11329,Standard,High-Yield Savings,5,11,5160.0599999999995,1,2,2,Lost / Inactive,0,36,0,0.002066054946874593,10.66
USR_12814,Standard,Equities,102,10,5154.73,3,2,2,At Risk,1,32,1,0.9954846203561771,5131.45
USR_11075,Standard,Crypto,114,12,5153.950000000001,3,2,2,At Risk,0,32,1,0.9954846203561771,5130.68
USR_14286,Standard,Equities,20,8,5153.37,1,3,2,Lost / Inactive,0,24,0,0.002066054946874593,10.65
USR_12127,Standard,Robo-Advisory,76,15,5153.1,3,1,2,At Risk,1,19,0,0.002066054946874593,10.65
USR_12910,Standard,High-Yield Savings,2,12,5153.009999999999,1,2,2,Lost / Inactive,0,16,0,0.002066054946874593,10.65
USR_14885,Gold,High-Yield Savings,27,14,5150.659999999999,2,1,2,At Risk,0,23,0,0.002066054946874593,10.64
USR_11632,VIP Wealth,High-Yield Savings,110,13,5147.64,3,1,2,At Risk,0,20,1,0.9954846203561771,5124.4
USR_11743,Standard,Robo-Advisory,20,16,5145.77,1,1,2,Lost / Inactive,0,8,0,0.002066054946874593,10.63
USR_13005,Standard,High-Yield Savings,46,10,5142.450000000001,2,3,2,At Risk,1,1,1,0.9954846203561771,5119.23
USR_14781,Standard,Robo-Advisory,7,11,5142.419999999999,1,2,2,Lost / Inactive,0,28,0,0.002066054946874593,10.62
USR_12365,Standard,Crypto,72,15,5142.2699999999995,3,1,2,At Risk,0,36,0,0.002066054946874593,10.62
USR_12144,Standard,Equities,7,15,5139.36,1,1,2,Lost / Inactive,0,43,0,0.002066054946874593,10.62
USR_10854,Standard,High-Yield Savings,27,13,5138.450000000001,2,2,2,At Risk,0,16,0,0.002066054946874593,10.62
USR_13030,Standard,High-Yield Savings,82,11,5137.65,3,2,2,At Risk,0,7,0,0.002066054946874593,10.61
USR_12647,Gold,High-Yield Savings,42,15,5137.610000000001,2,1,2,At Risk,0,4,1,0.9954846203561771,5114.41
USR_12886,Gold,High-Yield Savings,37,17,5136.670000000002,2,1,2,At Risk,0,4,1,0.9954846203561771,5113.48
USR_13155,Gold,Equities,23,14,5135.75,1,1,2,Lost / Inactive,0,22,0,0.002066054946874593,10.61
USR_11413,Gold,High-Yield Savings,8,9,5134.539999999999,1,3,2,Lost / Inactive,1,31,0,0.002066054946874593,10.61
USR_11656,Gold,Crypto,6,17,5129.14,1,1,2,Lost / Inactive,1,27,0,0.002066054946874593,10.6
USR_10635,Standard,Robo-Advisory,24,9,5126.610000000001,1,3,2,Lost / Inactive,2,20,0,0.002066054946874593,10.59
USR_12866,VIP Wealth,Crypto,53,14,5125.779999999999,2,1,2,At Risk,1,19,0,0.002066054946874593,10.59
USR_12215,VIP Wealth,Equities,50,5,5124.67,2,3,2,At Risk,0,22,0,0.002066054946874593,10.59
USR_14511,Gold,High-Yield Savings,77,11,5122.46,3,2,2,At Risk,0,30,0,0.002066054946874593,10.58
USR_12173,Standard,Equities,32,12,5118.78,2,2,2,At Risk,1,10,0,0.002066054946874593,10.58
USR_14081,Gold,Robo-Advisory,12,7,5117.75,1,3,2,Lost / Inactive,0,6,0,0.002066054946874593,10.57
USR_12808,Standard,Crypto,16,12,5117.67,1,2,2,Lost / Inactive,2,40,0,0.002066054946874593,10.57
USR_14271,Standard,Robo-Advisory,84,11,5116.039999999999,3,2,2,At Risk,1,9,0,0.002066054946874593,10.57
USR_10019,Gold,High-Yield Savings,87,9,5115.889999999999,3,3,2,At Risk,0,15,0,0.002066054946874593,10.57
USR_13933,Gold,Equities,44,15,5113.859999999999,2,1,2,At Risk,1,37,0,0.002066054946874593,10.57
USR_12054,Standard,Equities,61,8,5113.73,2,3,2,At Risk,0,25,0,0.002066054946874593,10.57
USR_14899,Standard,High-Yield Savings,11,9,5107.27,1,3,2,Lost / Inactive,1,13,0,0.002066054946874593,10.55
USR_12685,Standard,Equities,50,10,5106.389999999999,2,3,2,At Risk,0,40,0,0.002066054946874593,10.55
USR_13460,Gold,High-Yield Savings,21,12,5104.9400000000005,1,2,2,Lost / Inactive,1,8,0,0.002066054946874593,10.55
USR_11590,Gold,Robo-Advisory,31,12,5103.36,2,2,2,At Risk,0,28,0,0.002066054946874593,10.54
USR_13600,Standard,Equities,82,12,5103.06,3,2,2,At Risk,1,41,0,0.002066054946874593,10.54
USR_14433,Standard,Equities,9,10,5101.280000000001,1,3,2,Lost / Inactive,0,42,0,0.002066054946874593,10.54
USR_11963,VIP Wealth,Equities,160,12,5098.24,3,2,2,At Risk,0,42,1,0.9954846203561771,5075.22
USR_13806,VIP Wealth,Equities,17,15,5096.759999999999,1,1,2,Lost / Inactive,0,26,0,0.002066054946874593,10.53
USR_10968,Standard,Equities,276,12,5096.11,3,2,2,At Risk,0,25,1,0.9954846203561771,5073.1
USR_11076,Standard,High-Yield Savings,1,8,5094.9,1,3,2,Lost / Inactive,0,2,1,0.9954846203561771,5071.89
USR_11945,Gold,High-Yield Savings,3,9,5094.5199999999995,1,3,2,Lost / Inactive,1,8,0,0.002066054946874593,10.53
USR_12599,Standard,Equities,12,12,5092.06,1,2,2,Lost / Inactive,1,16,0,0.002066054946874593,10.52
USR_13487,Standard,Crypto,7,15,5091.320000000001,1,1,2,Lost / Inactive,1,17,0,0.002066054946874593,10.52
USR_11458,Standard,Crypto,107,13,5083.83,3,1,2,At Risk,0,7,1,0.9954846203561771,5060.87
USR_13714,VIP Wealth,High-Yield Savings,61,5,5083.219999999999,2,3,2,At Risk,4,16,0,0.002066054946874593,10.5
USR_12515,Standard,Equities,102,12,5080.339999999999,3,2,2,At Risk,0,6,1,0.9954846203561771,5057.4
USR_13738,VIP Wealth,Crypto,51,12,5079.3499999999985,2,2,2,At Risk,0,12,0,0.002066054946874593,10.49
USR_14222,Gold,High-Yield Savings,7,11,5078.8,1,2,2,Lost / Inactive,1,13,0,0.002066054946874593,10.49
USR_13122,Gold,Equities,18,11,5078.76,1,2,2,Lost / Inactive,0,3,1,0.9954846203561771,5055.83
USR_12221,Standard,Equities,21,13,5078.64,1,2,2,Lost / Inactive,2,8,0,0.002066054946874593,10.49
USR_14974,VIP Wealth,Crypto,54,14,5074.28,2,1,2,At Risk,1,11,0,0.002066054946874593,10.48
USR_10390,Standard,Equities,39,8,5072.869999999999,2,3,2,At Risk,0,38,0,0.002066054946874593,10.48
USR_12131,Gold,Robo-Advisory,31,12,5070.02,2,2,2,At Risk,0,12,0,0.002066054946874593,10.47
USR_10888,Gold,Crypto,112,10,5064.66,3,2,2,At Risk,0,30,1,0.9954846203561771,5041.79
USR_11335,Gold,Equities,35,12,5063.11,2,2,2,At Risk,1,35,0,0.002066054946874593,10.46
USR_12016,VIP Wealth,High-Yield Savings,65,13,5061.969999999999,2,2,2,At Risk,2,8,0,0.002066054946874593,10.46
USR_13662,Gold,Crypto,6,15,5060.7,1,1,2,Lost / Inactive,1,33,0,0.002066054946874593,10.46
USR_10247,Standard,High-Yield Savings,85,13,5055.630000000001,3,2,2,At Risk,1,22,0,0.002066054946874593,10.45
USR_10674,Standard,Crypto,71,13,5053.320000000001,3,2,2,At Risk,1,22,0,0.002066054946874593,10.44
USR_11388,Gold,Robo-Advisory,68,11,5051.77,3,2,2,At Risk,0,16,0,0.002066054946874593,10.44
USR_10337,VIP Wealth,Equities,1,12,5048.94,1,2,3,Lost / Inactive,0,11,0,0.002066054946874593,10.43
USR_13797,Gold,Crypto,19,11,5045.780000000001,1,2,3,Lost / Inactive,0,36,0,0.002066054946874593,10.42
USR_13468,Gold,High-Yield Savings,81,11,5042.740000000001,3,2,3,Lost / Inactive,0,0,1,0.9954846203561771,5019.97
USR_13074,Standard,Equities,1,15,5040.89,1,1,3,Lost / Inactive,2,25,0,0.002066054946874593,10.41
USR_10324,Gold,High-Yield Savings,62,10,5040.39,2,3,3,Lost / Inactive,0,42,0,0.002066054946874593,10.41
USR_13088,Standard,High-Yield Savings,58,12,5040.039999999999,2,2,3,Lost / Inactive,0,23,0,0.002066054946874593,10.41
USR_10696,Gold,High-Yield Savings,162,11,5037.65,3,2,3,Lost / Inactive,0,25,1,0.9954846203561771,5014.9
USR_10575,Standard,Crypto,22,9,5037.34,1,3,3,Lost / Inactive,1,31,0,0.002066054946874593,10.41
USR_12785,Gold,Crypto,76,8,5036.820000000001,3,3,3,Lost / Inactive,0,26,0,0.002066054946874593,10.41
USR_10842,Standard,Crypto,138,5,5036.689999999999,3,3,3,Lost / Inactive,2,28,1,0.9954846203561771,5013.95
USR_10758,Standard,High-Yield Savings,15,9,5035.160000000001,1,3,3,Lost / Inactive,2,6,0,0.002066054946874593,10.4
USR_12348,Standard,Equities,25,12,5034.03,2,2,3,Lost / Inactive,1,35,0,0.002066054946874593,10.4
USR_10942,Standard,Equities,69,13,5032.630000000001,3,2,3,Lost / Inactive,3,43,0,0.002066054946874593,10.4
USR_14126,Standard,Crypto,60,9,5032.169999999999,2,3,3,Lost / Inactive,0,15,0,0.002066054946874593,10.4
USR_10764,Gold,Equities,21,10,5031.0,1,3,3,Lost / Inactive,1,8,0,0.002066054946874593,10.39
USR_10422,Gold,Equities,47,12,5030.750000000002,2,2,3,Lost / Inactive,1,31,0,0.002066054946874593,10.39
USR_12539,Standard,Equities,49,12,5028.47,2,2,3,Lost / Inactive,1,28,0,0.002066054946874593,10.39
USR_11243,Standard,Crypto,65,10,5027.96,2,3,3,Lost / Inactive,0,24,0,0.002066054946874593,10.39
USR_13751,VIP Wealth,Equities,248,7,5027.620000000001,3,3,3,Lost / Inactive,1,25,1,0.9954846203561771,5004.92
USR_13242,Gold,Equities,60,12,5025.41,2,2,3,Lost / Inactive,2,4,1,0.9954846203561771,5002.72
USR_12188,Standard,Equities,13,10,5025.210000000001,1,3,3,Lost / Inactive,0,33,0,0.002066054946874593,10.38
USR_10473,Standard,Robo-Advisory,9,11,5024.38,1,2,3,Lost / Inactive,0,36,0,0.002066054946874593,10.38
USR_12640,Standard,Robo-Advisory,45,9,5024.329999999999,2,3,3,Lost / Inactive,0,34,0,0.002066054946874593,10.38
USR_14751,VIP Wealth,Robo-Advisory,139,13,5024.12,3,1,3,Lost / Inactive,0,9,1,0.9954846203561771,5001.43
USR_13531,VIP Wealth,Robo-Advisory,46,12,5023.78,2,2,3,Lost / Inactive,1,16,0,0.002066054946874593,10.38
USR_14948,Standard,Equities,13,9,5019.14,1,3,3,Lost / Inactive,1,27,0,0.002066054946874593,10.37
USR_10853,Standard,High-Yield Savings,102,11,5019.0599999999995,3,2,3,Lost / Inactive,1,12,1,0.9954846203561771,4996.4
USR_14450,Standard,Crypto,200,12,5016.960000000001,3,2,3,Lost / Inactive,2,13,1,0.9954846203561771,4994.31
USR_12334,Standard,Equities,20,11,5010.88,1,2,3,Lost / Inactive,0,18,0,0.002066054946874593,10.35
USR_12239,Gold,Robo-Advisory,29,13,5009.36,2,2,3,Lost / Inactive,1,32,0,0.002066054946874593,10.35
USR_13388,Standard,Equities,44,8,5008.599999999999,2,3,3,Lost / Inactive,4,36,0,0.002066054946874593,10.35
USR_13489,VIP Wealth,Crypto,102,15,5006.85,3,1,3,Lost / Inactive,0,18,1,0.9954846203561771,4984.24
USR_13103,Standard,Equities,15,11,5001.280000000001,1,2,3,Lost / Inactive,1,30,0,0.002066054946874593,10.33
USR_12210,Standard,Equities,94,7,4998.38,3,3,3,Lost / Inactive,1,11,1,0.9954846203561771,4975.81
USR_14106,Standard,Equities,57,14,4997.0,2,1,3,Lost / Inactive,1,43,0,0.002066054946874593,10.32
USR_12289,Standard,Robo-Advisory,27,9,4995.120000000001,2,3,3,Lost / Inactive,3,23,0,0.002066054946874593,10.32
USR_10426,Standard,Equities,104,12,4993.9800000000005,3,2,3,Lost / Inactive,1,33,1,0.9954846203561771,4971.43
USR_14252,VIP Wealth,Crypto,61,10,4993.66,2,3,3,Lost / Inactive,0,3,1,0.9954846203561771,4971.11
USR_11916,Gold,Equities,94,9,4991.83,3,3,3,Lost / Inactive,1,16,1,0.9954846203561771,4969.29
USR_12052,Standard,Robo-Advisory,75,17,4989.95,3,1,3,Lost / Inactive,0,37,0,0.002066054946874593,10.31
USR_13963,Standard,Robo-Advisory,146,9,4989.43,3,3,3,Lost / Inactive,0,15,1,0.9954846203561771,4966.9
USR_14370,Standard,Crypto,184,15,4987.89,3,1,3,Lost / Inactive,1,1,1,0.9954846203561771,4965.37
USR_10559,VIP Wealth,Equities,1,10,4985.009999999999,1,3,3,Lost / Inactive,0,42,0,0.002066054946874593,10.3
USR_11717,Gold,Crypto,35,13,4983.849999999999,2,2,3,Lost / Inactive,0,14,0,0.002066054946874593,10.3
USR_13537,Standard,Equities,187,11,4982.82,3,2,3,Lost / Inactive,2,9,1,0.9954846203561771,4960.32
USR_14634,Standard,Crypto,5,14,4981.79,1,1,3,Lost / Inactive,2,25,0,0.002066054946874593,10.29
USR_14979,Gold,Equities,156,7,4980.719999999999,3,3,3,Lost / Inactive,1,21,1,0.9954846203561771,4958.23
USR_12812,Gold,Equities,120,8,4980.6900000000005,3,3,3,Lost / Inactive,2,12,1,0.9954846203561771,4958.2
USR_11037,Standard,Equities,44,13,4980.65,2,2,3,Lost / Inactive,1,9,0,0.002066054946874593,10.29
USR_13230,Gold,Robo-Advisory,153,12,4980.080000000001,3,2,3,Lost / Inactive,0,16,1,0.9954846203561771,4957.59
USR_11044,VIP Wealth,Crypto,17,11,4979.82,1,2,3,Lost / Inactive,0,24,0,0.002066054946874593,10.29
USR_10012,Gold,Equities,21,10,4979.59,1,3,3,Lost / Inactive,0,43,0,0.002066054946874593,10.29
USR_13328,Standard,Robo-Advisory,6,11,4978.29,1,2,3,Lost / Inactive,0,3,1,0.9954846203561771,4955.81
USR_11211,Standard,Robo-Advisory,21,9,4972.7,1,3,3,Lost / Inactive,0,6,0,0.002066054946874593,10.27
USR_10856,Standard,High-Yield Savings,236,9,4971.360000000001,3,3,3,Lost / Inactive,2,31,1,0.9954846203561771,4948.91
USR_12140,Standard,High-Yield Savings,181,15,4967.47,3,1,3,Lost / Inactive,1,28,1,0.9954846203561771,4945.04
USR_11587,Standard,Equities,21,13,4964.409999999999,1,2,3,Lost / Inactive,1,8,0,0.002066054946874593,10.26
USR_13327,Standard,Equities,12,7,4963.53,1,3,3,Lost / Inactive,2,29,0,0.002066054946874593,10.25
USR_12926,Gold,Crypto,23,9,4962.7300000000005,1,3,3,Lost / Inactive,2,43,0,0.002066054946874593,10.25
USR_10275,Standard,Robo-Advisory,62,16,4962.119999999999,2,1,3,Lost / Inactive,1,18,0,0.002066054946874593,10.25
USR_11063,Standard,Equities,14,11,4958.419999999999,1,2,3,Lost / Inactive,0,12,0,0.002066054946874593,10.24
USR_11428,Standard,Equities,2,10,4957.18,1,3,3,Lost / Inactive,3,0,1,0.9954846203561771,4934.8
USR_11235,VIP Wealth,Robo-Advisory,47,15,4955.97,2,1,3,Lost / Inactive,1,43,0,0.002066054946874593,10.24
USR_10959,Gold,High-Yield Savings,70,13,4948.63,3,2,3,Lost / Inactive,0,4,1,0.9954846203561771,4926.29
USR_12795,Gold,High-Yield Savings,26,12,4947.72,2,2,3,Lost / Inactive,0,20,0,0.002066054946874593,10.22
USR_10496,VIP Wealth,High-Yield Savings,27,11,4947.3,2,2,3,Lost / Inactive,0,13,0,0.002066054946874593,10.22
USR_13890,VIP Wealth,Equities,92,10,4947.13,3,3,3,Lost / Inactive,0,14,1,0.9954846203561771,4924.79
USR_10899,Standard,High-Yield Savings,2,11,4943.709999999999,1,2,3,Lost / Inactive,0,4,1,0.9954846203561771,4921.39
USR_10340,Standard,Equities,52,13,4943.580000000001,2,2,3,Lost / Inactive,0,36,0,0.002066054946874593,10.21
USR_10103,Standard,Crypto,9,13,4942.800000000001,1,2,3,Lost / Inactive,0,2,1,0.9954846203561771,4920.48
USR_10316,Standard,Equities,3,17,4942.17,1,1,3,Lost / Inactive,3,7,0,0.002066054946874593,10.21
USR_10510,Standard,Equities,23,13,4942.030000000001,1,2,3,Lost / Inactive,1,26,0,0.002066054946874593,10.21
USR_12166,Gold,Crypto,211,11,4939.96,3,2,3,Lost / Inactive,1,6,1,0.9954846203561771,4917.65
USR_11776,Standard,Crypto,101,8,4938.55,3,3,3,Lost / Inactive,3,29,1,0.9954846203561771,4916.25
USR_14576,Standard,Robo-Advisory,67,11,4938.2,3,2,3,Lost / Inactive,1,26,0,0.002066054946874593,10.2
USR_10280,Standard,Crypto,99,9,4937.389999999999,3,3,3,Lost / Inactive,2,19,1,0.9954846203561771,4915.1
USR_14432,Gold,Equities,7,13,4937.3099999999995,1,2,3,Lost / Inactive,0,42,0,0.002066054946874593,10.2
USR_13596,Standard,Equities,65,8,4936.79,2,3,3,Lost / Inactive,3,27,0,0.002066054946874593,10.2
USR_12414,Standard,High-Yield Savings,20,15,4936.759999999999,1,1,3,Lost / Inactive,0,35,0,0.002066054946874593,10.2
USR_12372,VIP Wealth,Equities,91,10,4935.63,3,3,3,Lost / Inactive,0,34,1,0.9954846203561771,4913.34
USR_11806,Standard,Crypto,56,16,4934.04,2,1,3,Lost / Inactive,1,19,0,0.002066054946874593,10.19
USR_14295,VIP Wealth,Equities,13,11,4933.03,1,2,3,Lost / Inactive,1,12,0,0.002066054946874593,10.19
USR_11932,Standard,Crypto,11,13,4932.72,1,2,3,Lost / Inactive,0,37,0,0.002066054946874593,10.19
USR_11913,Standard,Crypto,24,10,4930.969999999999,1,3,3,Lost / Inactive,1,34,0,0.002066054946874593,10.19
USR_12046,VIP Wealth,Equities,132,9,4928.320000000001,3,3,3,Lost / Inactive,0,10,1,0.9954846203561771,4906.07
USR_13914,Standard,High-Yield Savings,227,6,4927.219999999999,3,3,3,Lost / Inactive,0,1,1,0.9954846203561771,4904.97
USR_11843,Gold,Equities,26,10,4926.93,2,3,3,Lost / Inactive,3,6,0,0.002066054946874593,10.18
USR_13001,Standard,Robo-Advisory,250,12,4923.54,3,2,3,Lost / Inactive,0,42,1,0.9954846203561771,4901.31
USR_13765,Gold,Crypto,22,11,4922.93,1,2,3,Lost / Inactive,1,41,0,0.002066054946874593,10.17
USR_10384,Gold,High-Yield Savings,86,11,4919.32,3,2,3,Lost / Inactive,0,28,0,0.002066054946874593,10.16
USR_13521,Gold,Equities,20,7,4918.53,1,3,3,Lost / Inactive,0,18,0,0.002066054946874593,10.16
USR_12004,Standard,Equities,20,13,4915.900000000001,1,2,3,Lost / Inactive,0,18,0,0.002066054946874593,10.16
USR_14750,Standard,Crypto,17,11,4913.71,1,2,3,Lost / Inactive,1,39,0,0.002066054946874593,10.15
USR_10468,Standard,Crypto,37,10,4913.419999999999,2,3,3,Lost / Inactive,1,41,0,0.002066054946874593,10.15
USR_14578,Standard,High-Yield Savings,84,9,4912.41,3,3,3,Lost / Inactive,1,41,0,0.002066054946874593,10.15
USR_10269,Gold,Equities,122,13,4912.03,3,1,3,Lost / Inactive,1,27,1,0.9954846203561771,4889.85
USR_10128,Standard,High-Yield Savings,56,7,4907.41,2,3,3,Lost / Inactive,2,18,0,0.002066054946874593,10.14
USR_11415,Standard,Equities,283,6,4906.36,3,3,3,Lost / Inactive,0,34,1,0.9954846203561771,4884.21
USR_10484,VIP Wealth,Equities,129,6,4904.01,3,3,3,Lost / Inactive,1,27,1,0.9954846203561771,4881.87
USR_13239,Standard,Robo-Advisory,49,13,4902.67,2,2,3,Lost / Inactive,1,7,0,0.002066054946874593,10.13
USR_13799,VIP Wealth,Equities,232,10,4901.5199999999995,3,2,3,Lost / Inactive,0,37,1,0.9954846203561771,4879.39
USR_14497,Standard,High-Yield Savings,130,15,4901.350000000001,3,1,3,Lost / Inactive,1,14,1,0.9954846203561771,4879.22
USR_14564,Standard,High-Yield Savings,34,12,4900.219999999999,2,2,3,Lost / Inactive,4,25,0,0.002066054946874593,10.12
USR_14077,Standard,Crypto,15,12,4899.34,1,2,3,Lost / Inactive,0,38,0,0.002066054946874593,10.12
USR_11514,Standard,High-Yield Savings,20,11,4898.84,1,2,3,Lost / Inactive,0,25,0,0.002066054946874593,10.12
USR_11779,Gold,Crypto,100,9,4897.57,3,3,3,Lost / Inactive,0,42,1,0.9954846203561771,4875.46
USR_12316,Standard,Equities,24,10,4897.399999999999,1,3,3,Lost / Inactive,0,40,0,0.002066054946874593,10.12
USR_12878,Standard,Equities,34,12,4891.83,2,2,3,Lost / Inactive,0,44,0,0.002066054946874593,10.11
USR_10445,Standard,Crypto,26,8,4891.01,2,3,3,Lost / Inactive,0,21,0,0.002066054946874593,10.11
USR_11884,Standard,High-Yield Savings,15,14,4889.84,1,1,3,Lost / Inactive,1,7,0,0.002066054946874593,10.1
USR_10498,Standard,Equities,5,13,4889.14,1,2,3,Lost / Inactive,1,10,0,0.002066054946874593,10.1
USR_14518,Gold,High-Yield Savings,150,10,4886.579999999999,3,3,3,Lost / Inactive,1,8,1,0.9954846203561771,4864.52
USR_13907,Standard,Robo-Advisory,51,10,4886.39,2,3,3,Lost / Inactive,0,2,1,0.9954846203561771,4864.33
USR_14170,Gold,Equities,3,12,4885.43,1,2,3,Lost / Inactive,0,28,0,0.002066054946874593,10.09
USR_12214,Gold,Crypto,107,9,4885.01,3,3,3,Lost / Inactive,0,13,1,0.9954846203561771,4862.95
USR_11434,Gold,High-Yield Savings,47,14,4882.7,2,1,3,Lost / Inactive,0,6,0,0.002066054946874593,10.09
USR_14475,Standard,Equities,39,9,4880.39,2,3,3,Lost / Inactive,1,1,1,0.9954846203561771,4858.35
USR_12731,Gold,Equities,17,11,4878.62,1,2,3,Lost / Inactive,0,32,0,0.002066054946874593,10.08
USR_14336,Gold,Equities,190,6,4877.13,3,3,3,Lost / Inactive,1,20,1,0.9954846203561771,4855.11
USR_10004,Standard,Equities,13,10,4876.640000000001,1,3,3,Lost / Inactive,0,35,0,0.002066054946874593,10.08
USR_13660,Standard,High-Yield Savings,131,9,4874.29,3,3,3,Lost / Inactive,1,41,1,0.9954846203561771,4852.28
USR_11760,Standard,Equities,34,11,4874.01,2,2,3,Lost / Inactive,0,41,0,0.002066054946874593,10.07
USR_13305,Standard,High-Yield Savings,21,16,4871.820000000001,1,1,3,Lost / Inactive,1,4,1,0.9954846203561771,4849.82
USR_11013,Gold,High-Yield Savings,91,12,4866.23,3,2,3,Lost / Inactive,4,28,1,0.9954846203561771,4844.26
USR_13661,Standard,Crypto,20,10,4865.22,1,3,3,Lost / Inactive,2,19,0,0.002066054946874593,10.05
USR_12436,Standard,Robo-Advisory,32,8,4864.85,2,3,3,Lost / Inactive,2,6,0,0.002066054946874593,10.05
USR_14763,VIP Wealth,Robo-Advisory,178,9,4863.88,3,3,3,Lost / Inactive,2,9,1,0.9954846203561771,4841.92
USR_14998,Gold,Robo-Advisory,12,11,4863.2,1,2,3,Lost / Inactive,2,26,0,0.002066054946874593,10.05
USR_13574,Standard,Equities,10,13,4861.6,1,2,3,Lost / Inactive,0,36,0,0.002066054946874593,10.04
USR_13695,Standard,Robo-Advisory,13,11,4857.3099999999995,1,2,3,Lost / Inactive,1,10,0,0.002066054946874593,10.04
USR_14505,VIP Wealth,Equities,7,13,4857.05,1,2,3,Lost / Inactive,3,36,0,0.002066054946874593,10.03
USR_14907,Standard,Crypto,37,7,4854.610000000001,2,3,3,Lost / Inactive,1,4,1,0.9954846203561771,4832.69
USR_13649,Gold,Crypto,33,21,4853.659999999999,2,1,3,Lost / Inactive,0,31,0,0.002066054946874593,10.03
USR_11627,Standard,Equities,59,11,4850.389999999999,2,2,3,Lost / Inactive,0,28,0,0.002066054946874593,10.02
USR_13857,Standard,Equities,1,7,4839.78,1,3,3,Lost / Inactive,2,40,0,0.002066054946874593,10.0
USR_10953,Standard,Crypto,11,11,4837.93,1,2,3,Lost / Inactive,2,25,0,0.002066054946874593,10.0
USR_11035,Standard,Equities,70,8,4837.59,3,3,3,Lost / Inactive,0,20,0,0.002066054946874593,9.99
USR_11732,Standard,Equities,106,10,4836.300000000001,3,3,3,Lost / Inactive,3,9,1,0.9954846203561771,4814.46
USR_14135,Standard,Equities,102,13,4834.880000000001,3,1,3,Lost / Inactive,1,22,1,0.9954846203561771,4813.05
USR_12671,Standard,Crypto,2,16,4833.8099999999995,1,1,3,Lost / Inactive,1,14,0,0.002066054946874593,9.99
USR_13847,Standard,Crypto,22,11,4832.429999999999,1,2,3,Lost / Inactive,0,22,0,0.002066054946874593,9.98
USR_10632,Standard,Crypto,55,7,4829.85,2,3,3,Lost / Inactive,0,10,0,0.002066054946874593,9.98
USR_13930,Standard,Equities,4,14,4829.800000000001,1,1,3,Lost / Inactive,1,29,0,0.002066054946874593,9.98
USR_11489,Standard,Equities,128,15,4828.27,3,1,3,Lost / Inactive,4,4,1,0.9954846203561771,4806.47
USR_11718,Gold,Robo-Advisory,125,8,4827.79,3,3,3,Lost / Inactive,1,14,1,0.9954846203561771,4805.99
USR_12446,Standard,Equities,35,12,4820.460000000001,2,2,3,Lost / Inactive,1,34,0,0.002066054946874593,9.96
USR_11803,Standard,Crypto,11,13,4819.969999999999,1,2,3,Lost / Inactive,1,16,0,0.002066054946874593,9.96
USR_14697,Standard,Equities,21,11,4817.780000000001,1,2,3,Lost / Inactive,1,16,0,0.002066054946874593,9.95
USR_10499,Standard,Robo-Advisory,67,17,4815.55,3,1,3,Lost / Inactive,0,2,1,0.9954846203561771,4793.81
USR_13013,VIP Wealth,Crypto,59,13,4811.869999999999,2,2,3,Lost / Inactive,1,44,0,0.002066054946874593,9.94
USR_11119,Standard,Crypto,144,10,4811.84,3,3,3,Lost / Inactive,1,18,1,0.9954846203561771,4790.11
USR_13017,Standard,Equities,39,10,4810.929999999999,2,3,3,Lost / Inactive,0,38,0,0.002066054946874593,9.94
USR_10261,Standard,Equities,24,14,4807.6900000000005,1,1,3,Lost / Inactive,1,23,0,0.002066054946874593,9.93
USR_13321,Standard,Crypto,4,11,4807.34,1,2,3,Lost / Inactive,2,7,0,0.002066054946874593,9.93
USR_14405,Gold,Crypto,69,13,4805.7300000000005,3,2,3,Lost / Inactive,0,11,0,0.002066054946874593,9.93
USR_14088,VIP Wealth,Equities,94,9,4804.860000000001,3,3,3,Lost / Inactive,0,32,1,0.9954846203561771,4783.16
USR_12946,Gold,Equities,59,10,4804.17,2,3,3,Lost / Inactive,1,44,0,0.002066054946874593,9.93
USR_14746,Gold,Equities,52,8,4803.41,2,3,3,Lost / Inactive,0,2,1,0.9954846203561771,4781.72
USR_12967,Standard,Equities,27,8,4797.75,2,3,3,Lost / Inactive,1,7,0,0.002066054946874593,9.91
USR_11030,Standard,Crypto,9,11,4797.46,1,2,3,Lost / Inactive,0,41,0,0.002066054946874593,9.91
USR_13980,Standard,Equities,21,10,4797.34,1,3,3,Lost / Inactive,0,20,0,0.002066054946874593,9.91
USR_14264,Gold,Crypto,128,8,4795.579999999999,3,3,3,Lost / Inactive,1,23,1,0.9954846203561771,4773.93
USR_14369,Standard,High-Yield Savings,337,9,4795.53,3,3,3,Lost / Inactive,1,22,1,0.9954846203561771,4773.88
USR_13180,Standard,Robo-Advisory,6,10,4795.000000000001,1,3,3,Lost / Inactive,0,29,0,0.002066054946874593,9.91
USR_11163,Gold,Robo-Advisory,4,12,4794.53,1,2,3,Lost / Inactive,0,36,0,0.002066054946874593,9.91
USR_10380,VIP Wealth,Crypto,47,14,4793.85,2,1,3,Lost / Inactive,0,11,0,0.002066054946874593,9.9
USR_12742,VIP Wealth,Equities,74,11,4793.179999999999,3,2,3,Lost / Inactive,1,3,1,0.9954846203561771,4771.54
USR_11604,Standard,Crypto,2,11,4791.250000000001,1,2,3,Lost / Inactive,1,31,0,0.002066054946874593,9.9
USR_13793,Standard,Crypto,38,15,4790.81,2,1,3,Lost / Inactive,0,21,0,0.002066054946874593,9.9
USR_14840,VIP Wealth,Equities,53,10,4790.410000000001,2,3,3,Lost / Inactive,2,32,0,0.002066054946874593,9.9
USR_12183,Standard,Crypto,15,9,4789.860000000001,1,3,3,Lost / Inactive,0,9,0,0.002066054946874593,9.9
USR_10855,Standard,Equities,172,8,4789.62,3,3,3,Lost / Inactive,0,31,1,0.9954846203561771,4767.99
USR_11850,Standard,Equities,43,10,4784.76,2,3,3,Lost / Inactive,0,44,0,0.002066054946874593,9.89
USR_11761,Gold,High-Yield Savings,7,10,4784.610000000001,1,3,3,Lost / Inactive,0,22,0,0.002066054946874593,9.89
USR_14663,VIP Wealth,Crypto,121,10,4781.49,3,3,3,Lost / Inactive,0,30,1,0.9954846203561771,4759.9
USR_12951,Gold,High-Yield Savings,33,17,4780.8,2,1,3,Lost / Inactive,0,31,0,0.002066054946874593,9.88
USR_11122,Standard,High-Yield Savings,25,9,4780.29,1,3,3,Lost / Inactive,1,12,0,0.002066054946874593,9.88
USR_14503,Standard,Crypto,13,12,4778.87,1,2,3,Lost / Inactive,0,13,0,0.002066054946874593,9.87
USR_11661,Gold,Equities,12,13,4776.49,1,2,3,Lost / Inactive,0,15,0,0.002066054946874593,9.87
USR_14354,Standard,Equities,14,12,4776.420000000001,1,2,3,Lost / Inactive,1,5,0,0.002066054946874593,9.87
USR_10623,Standard,Robo-Advisory,142,11,4774.54,3,2,3,Lost / Inactive,1,22,1,0.9954846203561771,4752.98
USR_11605,Standard,Crypto,34,14,4773.900000000001,2,1,3,Lost / Inactive,1,22,0,0.002066054946874593,9.86
USR_11094,Standard,Equities,9,14,4763.42,1,1,3,Lost / Inactive,0,42,0,0.002066054946874593,9.84
USR_10285,Standard,Robo-Advisory,19,14,4763.22,1,1,3,Lost / Inactive,0,17,0,0.002066054946874593,9.84
USR_14031,Gold,Crypto,422,6,4762.08,3,3,3,Lost / Inactive,0,25,1,0.9954846203561771,4740.58
USR_10545,Gold,Equities,133,10,4761.75,3,2,3,Lost / Inactive,0,36,1,0.9954846203561771,4740.25
USR_10180,Standard,High-Yield Savings,116,14,4760.1900000000005,3,1,3,Lost / Inactive,0,6,1,0.9954846203561771,4738.7
USR_13709,Gold,Crypto,31,9,4759.39,2,3,3,Lost / Inactive,2,26,0,0.002066054946874593,9.83
USR_13090,Standard,Robo-Advisory,17,9,4759.150000000001,1,3,3,Lost / Inactive,0,34,0,0.002066054946874593,9.83
USR_10464,Standard,High-Yield Savings,91,15,4757.959999999999,3,1,3,Lost / Inactive,0,29,1,0.9954846203561771,4736.48
USR_13036,Standard,Equities,12,14,4755.58,1,1,3,Lost / Inactive,0,20,0,0.002066054946874593,9.83
USR_11822,VIP Wealth,Equities,66,14,4750.81,2,1,3,Lost / Inactive,1,29,0,0.002066054946874593,9.82
USR_11431,VIP Wealth,Equities,78,14,4750.09,3,1,3,Lost / Inactive,1,19,0,0.002066054946874593,9.81
USR_12957,Gold,Equities,117,10,4748.58,3,2,3,Lost / Inactive,1,21,1,0.9954846203561771,4727.14
USR_14347,VIP Wealth,Equities,139,8,4748.12,3,3,3,Lost / Inactive,0,14,1,0.9954846203561771,4726.68
USR_12598,Standard,Equities,135,9,4743.62,3,3,3,Lost / Inactive,0,14,1,0.9954846203561771,4722.2
USR_13564,Standard,Crypto,44,8,4738.12,2,3,3,Lost / Inactive,0,23,0,0.002066054946874593,9.79
USR_14797,Standard,Crypto,120,8,4737.360000000001,3,3,3,Lost / Inactive,1,43,1,0.9954846203561771,4715.97
USR_14004,Standard,Equities,66,9,4735.900000000001,2,3,3,Lost / Inactive,2,21,0,0.002066054946874593,9.78
USR_11655,Standard,High-Yield Savings,117,9,4730.21,3,3,3,Lost / Inactive,2,7,1,0.9954846203561771,4708.85
USR_14799,Standard,Crypto,52,14,4730.12,2,1,3,Lost / Inactive,0,29,0,0.002066054946874593,9.77
USR_14642,Gold,Crypto,96,12,4729.419999999999,3,2,3,Lost / Inactive,1,33,1,0.9954846203561771,4708.06
USR_10417,Gold,Robo-Advisory,16,12,4728.64,1,2,3,Lost / Inactive,1,15,0,0.002066054946874593,9.77
USR_12621,Standard,Equities,44,11,4728.5599999999995,2,2,3,Lost / Inactive,0,15,0,0.002066054946874593,9.77
USR_11580,Standard,High-Yield Savings,20,10,4727.45,1,3,3,Lost / Inactive,1,16,0,0.002066054946874593,9.77
USR_10597,Standard,Crypto,13,10,4725.12,1,3,3,Lost / Inactive,0,27,0,0.002066054946874593,9.76
USR_10214,Gold,Robo-Advisory,46,11,4721.010000000001,2,2,3,Lost / Inactive,1,0,1,0.9954846203561771,4699.69
USR_11696,Gold,High-Yield Savings,88,11,4719.74,3,2,3,Lost / Inactive,1,26,0,0.002066054946874593,9.75
USR_10681,Gold,High-Yield Savings,37,12,4717.34,2,2,3,Lost / Inactive,2,12,0,0.002066054946874593,9.75
USR_11834,Standard,Equities,16,10,4713.6,1,3,3,Lost / Inactive,0,11,0,0.002066054946874593,9.74
USR_10834,Standard,Robo-Advisory,76,10,4713.34,3,3,3,Lost / Inactive,1,6,0,0.002066054946874593,9.74
USR_12679,Gold,Robo-Advisory,54,10,4713.25,2,3,3,Lost / Inactive,0,34,0,0.002066054946874593,9.74
USR_11970,Standard,Equities,4,7,4712.31,1,3,3,Lost / Inactive,1,40,0,0.002066054946874593,9.74
USR_13643,Gold,Equities,14,8,4712.24,1,3,3,Lost / Inactive,1,30,0,0.002066054946874593,9.74
USR_14317,Standard,Robo-Advisory,58,13,4709.49,2,2,3,Lost / Inactive,0,17,0,0.002066054946874593,9.73
USR_12536,Gold,Equities,13,13,4709.42,1,2,3,Lost / Inactive,3,15,0,0.002066054946874593,9.73
USR_13226,Standard,Crypto,2,14,4708.81,1,1,3,Lost / Inactive,0,37,0,0.002066054946874593,9.73
USR_13342,Standard,Crypto,2,6,4708.18,1,3,3,Lost / Inactive,1,29,0,0.002066054946874593,9.73
USR_14786,Standard,Equities,95,16,4707.84,3,1,3,Lost / Inactive,1,6,1,0.9954846203561771,4686.58
USR_12947,Standard,High-Yield Savings,117,9,4705.88,3,3,3,Lost / Inactive,2,6,1,0.9954846203561771,4684.63
USR_13252,Standard,High-Yield Savings,113,14,4705.61,3,1,3,Lost / Inactive,0,20,1,0.9954846203561771,4684.36
USR_14895,Gold,Crypto,32,11,4704.34,2,2,3,Lost / Inactive,2,3,1,0.9954846203561771,4683.1
USR_11692,Standard,Equities,20,10,4701.4,1,3,3,Lost / Inactive,1,32,0,0.002066054946874593,9.71
USR_12918,Standard,Equities,106,7,4699.549999999999,3,3,3,Lost / Inactive,0,2,1,0.9954846203561771,4678.33
USR_11192,Standard,Equities,12,15,4697.59,1,1,3,Lost / Inactive,2,2,1,0.9954846203561771,4676.38
USR_13971,Gold,High-Yield Savings,3,12,4697.110000000001,1,2,3,Lost / Inactive,1,41,0,0.002066054946874593,9.7
USR_11666,Gold,Equities,104,12,4696.280000000001,3,2,3,Lost / Inactive,0,39,1,0.9954846203561771,4675.07
USR_14476,Gold,Robo-Advisory,3,12,4696.090000000001,1,2,3,Lost / Inactive,1,16,0,0.002066054946874593,9.7
USR_13950,Gold,Robo-Advisory,86,11,4691.86,3,2,3,Lost / Inactive,1,40,0,0.002066054946874593,9.69
USR_14187,Standard,Crypto,28,11,4688.44,2,2,3,Lost / Inactive,0,25,0,0.002066054946874593,9.69
USR_13581,Gold,Robo-Advisory,156,9,4687.73,3,3,3,Lost / Inactive,0,31,1,0.9954846203561771,4666.56
USR_14939,VIP Wealth,Equities,45,10,4684.4800000000005,2,3,3,Lost / Inactive,0,33,0,0.002066054946874593,9.68
USR_10879,Gold,High-Yield Savings,11,9,4681.549999999999,1,3,3,Lost / Inactive,1,15,0,0.002066054946874593,9.67
USR_13998,Standard,High-Yield Savings,39,9,4680.85,2,3,3,Lost / Inactive,3,16,0,0.002066054946874593,9.67
USR_14460,Standard,Crypto,79,11,4680.5,3,2,3,Lost / Inactive,0,31,0,0.002066054946874593,9.67
USR_14983,Standard,Crypto,4,11,4680.46,1,2,3,Lost / Inactive,0,16,0,0.002066054946874593,9.67
USR_10287,Standard,Crypto,13,10,4679.97,1,3,3,Lost / Inactive,2,18,0,0.002066054946874593,9.67
USR_11795,Standard,Crypto,64,9,4679.19,2,3,3,Lost / Inactive,0,36,0,0.002066054946874593,9.67
USR_12802,Standard,Crypto,97,8,4676.09,3,3,3,Lost / Inactive,0,21,1,0.9954846203561771,4654.98
USR_10544,VIP Wealth,High-Yield Savings,121,9,4672.589999999999,3,3,3,Lost / Inactive,1,19,1,0.9954846203561771,4651.49
USR_12818,Standard,Crypto,19,12,4668.589999999999,1,2,3,Lost / Inactive,1,3,1,0.9954846203561771,4647.51
USR_13048,VIP Wealth,Robo-Advisory,13,19,4665.42,1,1,3,Lost / Inactive,0,18,0,0.002066054946874593,9.64
USR_10970,Standard,High-Yield Savings,115,11,4665.04,3,2,3,Lost / Inactive,3,15,1,0.9954846203561771,4643.98
USR_14615,Standard,High-Yield Savings,110,12,4664.219999999999,3,2,3,Lost / Inactive,2,14,1,0.9954846203561771,4643.16
USR_12662,Standard,High-Yield Savings,23,10,4660.31,1,3,3,Lost / Inactive,1,19,0,0.002066054946874593,9.63
USR_11578,Standard,Equities,48,12,4657.900000000001,2,2,3,Lost / Inactive,0,37,0,0.002066054946874593,9.62
USR_12309,Standard,High-Yield Savings,8,10,4656.8099999999995,1,3,3,Lost / Inactive,1,11,0,0.002066054946874593,9.62
USR_11532,Standard,High-Yield Savings,2,11,4652.08,1,2,3,Lost / Inactive,0,15,0,0.002066054946874593,9.61
USR_14775,Gold,Crypto,4,10,4650.7,1,3,3,Lost / Inactive,0,13,0,0.002066054946874593,9.61
USR_13382,Standard,Equities,5,12,4650.69,1,2,3,Lost / Inactive,1,9,0,0.002066054946874593,9.61
USR_11961,VIP Wealth,Equities,29,16,4650.259999999999,2,1,3,Lost / Inactive,3,18,0,0.002066054946874593,9.61
USR_10928,VIP Wealth,Robo-Advisory,338,5,4648.86,3,3,3,Lost / Inactive,0,0,1,0.9954846203561771,4627.87
USR_14182,Standard,Equities,175,9,4644.5599999999995,3,3,3,Lost / Inactive,1,3,1,0.9954846203561771,4623.59
USR_13149,Standard,Equities,188,11,4640.6900000000005,3,2,3,Lost / Inactive,1,39,1,0.9954846203561771,4619.74
USR_11239,Gold,Equities,80,8,4640.1900000000005,3,3,3,Lost / Inactive,0,32,0,0.002066054946874593,9.59
USR_11857,Gold,Crypto,60,10,4637.37,2,3,3,Lost / Inactive,2,39,0,0.002066054946874593,9.58
USR_12576,Gold,Crypto,113,11,4637.160000000001,3,2,3,Lost / Inactive,2,19,1,0.9954846203561771,4616.22
USR_10310,Gold,Crypto,128,9,4635.01,3,3,3,Lost / Inactive,0,29,1,0.9954846203561771,4614.08
USR_10117,Gold,Equities,55,10,4631.670000000001,2,3,3,Lost / Inactive,0,24,0,0.002066054946874593,9.57
USR_14466,Gold,Crypto,37,13,4629.250000000001,2,2,3,Lost / Inactive,1,44,0,0.002066054946874593,9.56
USR_13154,Standard,High-Yield Savings,47,12,4629.219999999999,2,2,3,Lost / Inactive,0,9,0,0.002066054946874593,9.56
USR_14901,Gold,Equities,40,10,4627.93,2,3,3,Lost / Inactive,1,13,0,0.002066054946874593,9.56
USR_11683,Gold,Equities,66,10,4624.179999999999,2,3,3,Lost / Inactive,1,28,0,0.002066054946874593,9.55
USR_11498,Standard,Equities,239,10,4622.799999999999,3,2,3,Lost / Inactive,0,38,1,0.9954846203561771,4601.93
USR_14771,Standard,Crypto,57,15,4621.6900000000005,2,1,3,Lost / Inactive,0,42,0,0.002066054946874593,9.55
USR_13785,Standard,Crypto,62,13,4620.11,2,2,3,Lost / Inactive,0,7,0,0.002066054946874593,9.55
USR_10385,Standard,Crypto,23,13,4619.17,1,2,3,Lost / Inactive,0,40,0,0.002066054946874593,9.54
USR_14759,Standard,High-Yield Savings,42,4,4618.29,2,3,3,Lost / Inactive,2,12,0,0.002066054946874593,9.54
USR_11195,Gold,Equities,61,8,4616.000000000001,2,3,3,Lost / Inactive,1,44,0,0.002066054946874593,9.54
USR_14804,Standard,Equities,105,13,4615.96,3,1,3,Lost / Inactive,2,31,1,0.9954846203561771,4595.12
USR_13617,VIP Wealth,High-Yield Savings,69,10,4615.85,3,3,3,Lost / Inactive,4,41,0,0.002066054946874593,9.54
USR_14303,Standard,Equities,104,9,4615.84,3,3,3,Lost / Inactive,1,24,1,0.9954846203561771,4595.0
USR_11925,Standard,High-Yield Savings,83,11,4610.500000000001,3,2,3,Lost / Inactive,0,20,0,0.002066054946874593,9.53
USR_14142,Gold,Equities,21,11,4608.38,1,2,3,Lost / Inactive,1,26,0,0.002066054946874593,9.52
USR_10925,VIP Wealth,Robo-Advisory,19,10,4606.81,1,3,3,Lost / Inactive,1,12,0,0.002066054946874593,9.52
USR_10664,Gold,Equities,15,11,4606.040000000001,1,2,3,Lost / Inactive,0,15,0,0.002066054946874593,9.52
USR_12384,Standard,Crypto,15,12,4605.95,1,2,3,Lost / Inactive,1,1,1,0.9954846203561771,4585.15
USR_11648,Standard,Equities,25,10,4605.49,2,3,3,Lost / Inactive,2,43,0,0.002066054946874593,9.52
USR_14556,Standard,Crypto,2,7,4604.84,1,3,3,Lost / Inactive,3,32,0,0.002066054946874593,9.51
USR_12525,Gold,Equities,43,10,4602.030000000001,2,3,3,Lost / Inactive,0,44,0,0.002066054946874593,9.51
USR_12676,Standard,High-Yield Savings,98,13,4601.869999999999,3,2,3,Lost / Inactive,1,33,1,0.9954846203561771,4581.09
USR_10487,Standard,Robo-Advisory,91,14,4601.509999999999,3,1,3,Lost / Inactive,1,17,1,0.9954846203561771,4580.73
USR_12690,Gold,Crypto,4,8,4600.01,1,3,3,Lost / Inactive,1,22,0,0.002066054946874593,9.5
USR_13351,Standard,Crypto,3,14,4599.46,1,1,3,Lost / Inactive,1,27,0,0.002066054946874593,9.5
USR_10909,Gold,Crypto,53,7,4596.53,2,3,3,Lost / Inactive,1,5,0,0.002066054946874593,9.5
USR_11966,Standard,Crypto,39,6,4595.429999999999,2,3,3,Lost / Inactive,1,8,0,0.002066054946874593,9.49
USR_13260,Gold,Crypto,98,17,4591.37,3,1,3,Lost / Inactive,2,27,1,0.9954846203561771,4570.64
USR_10971,Gold,Equities,78,9,4590.67,3,3,3,Lost / Inactive,1,8,0,0.002066054946874593,9.48
USR_13311,VIP Wealth,Crypto,14,17,4589.450000000001,1,1,3,Lost / Inactive,1,17,0,0.002066054946874593,9.48
USR_11749,Standard,Equities,81,12,4587.92,3,2,3,Lost / Inactive,1,23,0,0.002066054946874593,9.48
USR_12212,Standard,Equities,264,6,4587.85,3,3,3,Lost / Inactive,1,7,1,0.9954846203561771,4567.13
USR_11845,Standard,High-Yield Savings,99,11,4587.67,3,2,3,Lost / Inactive,0,26,1,0.9954846203561771,4566.95
USR_11497,Standard,Equities,27,12,4583.719999999999,2,2,3,Lost / Inactive,1,23,0,0.002066054946874593,9.47
USR_10644,Standard,Equities,29,5,4581.16,2,3,3,Lost / Inactive,1,43,0,0.002066054946874593,9.46
USR_11441,Standard,Equities,7,12,4580.3,1,2,3,Lost / Inactive,0,42,0,0.002066054946874593,9.46
USR_12973,Gold,High-Yield Savings,39,10,4579.51,2,3,3,Lost / Inactive,2,35,0,0.002066054946874593,9.46
USR_14506,Standard,Crypto,61,11,4579.21,2,2,3,Lost / Inactive,1,5,0,0.002066054946874593,9.46
USR_11273,Gold,Equities,16,12,4579.110000000001,1,2,3,Lost / Inactive,0,13,0,0.002066054946874593,9.46
USR_10804,Standard,Equities,35,10,4579.049999999999,2,3,3,Lost / Inactive,1,15,0,0.002066054946874593,9.46
USR_10074,Standard,High-Yield Savings,85,7,4579.02,3,3,3,Lost / Inactive,1,3,1,0.9954846203561771,4558.34
USR_11671,Gold,Equities,184,12,4578.21,3,2,3,Lost / Inactive,2,14,1,0.9954846203561771,4557.54
USR_10841,Standard,Equities,166,8,4575.06,3,3,3,Lost / Inactive,1,4,1,0.9954846203561771,4554.4
USR_10619,VIP Wealth,Crypto,74,12,4572.810000000001,3,2,3,Lost / Inactive,0,1,1,0.9954846203561771,4552.16
USR_14849,Standard,Equities,54,8,4571.7,2,3,3,Lost / Inactive,1,19,0,0.002066054946874593,9.45
USR_12225,Standard,Equities,35,12,4569.51,2,2,3,Lost / Inactive,0,20,0,0.002066054946874593,9.44
USR_11168,Standard,High-Yield Savings,166,9,4557.599999999999,3,3,3,Lost / Inactive,2,19,1,0.9954846203561771,4537.02
USR_10131,Standard,High-Yield Savings,132,15,4556.629999999999,3,1,3,Lost / Inactive,1,3,1,0.9954846203561771,4536.06
USR_13253,Standard,Crypto,113,6,4556.06,3,3,3,Lost / Inactive,1,41,1,0.9954846203561771,4535.49
USR_12291,Standard,Robo-Advisory,11,11,4545.25,1,2,3,Lost / Inactive,0,11,0,0.002066054946874593,9.39
USR_10554,Standard,Equities,3,16,4544.9800000000005,1,1,3,Lost / Inactive,0,20,0,0.002066054946874593,9.39
USR_10795,Standard,Equities,103,13,4542.42,3,1,3,Lost / Inactive,0,14,1,0.9954846203561771,4521.91
USR_14019,Standard,Equities,88,12,4541.669999999999,3,2,3,Lost / Inactive,0,2,1,0.9954846203561771,4521.16
USR_10586,Gold,Crypto,57,14,4540.370000000001,2,1,3,Lost / Inactive,1,29,0,0.002066054946874593,9.38
USR_14935,Gold,Equities,80,11,4538.98,3,2,3,Lost / Inactive,0,2,1,0.9954846203561771,4518.48
USR_13694,Gold,Equities,108,12,4538.59,3,2,3,Lost / Inactive,1,4,1,0.9954846203561771,4518.1
USR_11812,Standard,Equities,40,7,4538.349999999999,2,3,3,Lost / Inactive,0,17,0,0.002066054946874593,9.38
USR_12466,Gold,Equities,16,14,4537.47,1,1,3,Lost / Inactive,4,9,0,0.002066054946874593,9.37
USR_14594,Standard,High-Yield Savings,62,10,4537.469999999999,2,3,3,Lost / Inactive,1,24,0,0.002066054946874593,9.37
USR_10590,Standard,High-Yield Savings,24,12,4536.15,1,2,3,Lost / Inactive,1,11,0,0.002066054946874593,9.37
USR_13560,Standard,Equities,5,11,4535.84,1,2,3,Lost / Inactive,1,38,0,0.002066054946874593,9.37
USR_13318,Standard,Crypto,3,11,4534.35,1,2,3,Lost / Inactive,0,6,0,0.002066054946874593,9.37
USR_12852,Standard,Equities,94,15,4533.099999999999,3,1,3,Lost / Inactive,0,2,1,0.9954846203561771,4512.63
USR_12164,Standard,High-Yield Savings,36,13,4533.09,2,2,3,Lost / Inactive,1,28,0,0.002066054946874593,9.37
USR_12530,Standard,Crypto,68,4,4531.870000000001,3,3,3,Lost / Inactive,2,41,0,0.002066054946874593,9.36
USR_14403,Standard,High-Yield Savings,72,13,4530.0599999999995,3,2,3,Lost / Inactive,1,21,0,0.002066054946874593,9.36
USR_11906,VIP Wealth,High-Yield Savings,88,10,4529.28,3,3,3,Lost / Inactive,0,5,0,0.002066054946874593,9.36
USR_11325,Standard,Crypto,134,10,4523.14,3,2,3,Lost / Inactive,0,37,1,0.9954846203561771,4502.72
USR_11231,Standard,Crypto,18,12,4516.299999999999,1,2,3,Lost / Inactive,2,28,0,0.002066054946874593,9.33
USR_10941,Standard,Equities,55,12,4516.15,2,2,3,Lost / Inactive,1,1,1,0.9954846203561771,4495.76
USR_14628,Gold,Equities,267,7,4515.77,3,3,3,Lost / Inactive,2,24,1,0.9954846203561771,4495.38
USR_10845,Standard,Crypto,25,11,4513.58,2,2,3,Lost / Inactive,0,35,0,0.002066054946874593,9.33
USR_14035,Gold,High-Yield Savings,134,12,4513.37,3,2,3,Lost / Inactive,2,12,1,0.9954846203561771,4492.99
USR_10189,Gold,Robo-Advisory,126,8,4513.34,3,3,3,Lost / Inactive,2,11,1,0.9954846203561771,4492.96
USR_10136,Standard,High-Yield Savings,90,11,4513.2699999999995,3,2,3,Lost / Inactive,1,15,0,0.002066054946874593,9.32
USR_10802,Standard,Equities,34,14,4512.1,2,1,3,Lost / Inactive,1,23,0,0.002066054946874593,9.32
USR_14547,Standard,Robo-Advisory,42,8,4511.69,2,3,3,Lost / Inactive,0,11,0,0.002066054946874593,9.32
USR_11527,Gold,Crypto,63,10,4509.13,2,3,3,Lost / Inactive,2,14,0,0.002066054946874593,9.32
USR_13040,Gold,Crypto,203,8,4507.160000000001,3,3,3,Lost / Inactive,0,14,1,0.9954846203561771,4486.81
USR_13312,Standard,Equities,277,5,4506.169999999999,3,3,3,Lost / Inactive,1,1,1,0.9954846203561771,4485.82
USR_11969,Gold,High-Yield Savings,65,6,4506.0,2,3,3,Lost / Inactive,3,14,0,0.002066054946874593,9.31
USR_11971,Standard,Equities,16,9,4503.01,1,3,3,Lost / Inactive,0,36,0,0.002066054946874593,9.3
USR_13981,VIP Wealth,Crypto,36,13,4502.62,2,2,3,Lost / Inactive,2,17,0,0.002066054946874593,9.3
USR_12875,VIP Wealth,Robo-Advisory,34,8,4500.9800000000005,2,3,3,Lost / Inactive,0,10,0,0.002066054946874593,9.3
USR_14313,Standard,Equities,1,14,4500.57,1,1,3,Lost / Inactive,0,39,0,0.002066054946874593,9.3
USR_13840,Standard,Crypto,65,12,4496.21,2,2,3,Lost / Inactive,0,23,0,0.002066054946874593,9.29
USR_13736,Standard,Crypto,90,10,4494.150000000001,3,3,3,Lost / Inactive,2,37,0,0.002066054946874593,9.29
USR_10259,Standard,Equities,53,14,4490.780000000001,2,1,3,Lost / Inactive,0,27,0,0.002066054946874593,9.28
USR_12911,Standard,Equities,59,13,4490.549999999999,2,2,3,Lost / Inactive,0,14,0,0.002066054946874593,9.28
USR_12744,VIP Wealth,Robo-Advisory,16,15,4488.68,1,1,3,Lost / Inactive,1,16,0,0.002066054946874593,9.27
USR_12320,Standard,Equities,19,7,4487.42,1,3,3,Lost / Inactive,1,30,0,0.002066054946874593,9.27
USR_14681,VIP Wealth,High-Yield Savings,85,14,4487.389999999999,3,1,3,Lost / Inactive,1,27,0,0.002066054946874593,9.27
USR_10819,Standard,Crypto,149,11,4487.11,3,2,3,Lost / Inactive,0,2,1,0.9954846203561771,4466.85
USR_10756,Standard,High-Yield Savings,72,9,4486.629999999999,3,3,3,Lost / Inactive,1,27,0,0.002066054946874593,9.27
USR_12078,Gold,High-Yield Savings,15,14,4486.490000000001,1,1,3,Lost / Inactive,2,28,0,0.002066054946874593,9.27
USR_10177,Standard,High-Yield Savings,129,12,4485.75,3,2,3,Lost / Inactive,1,16,1,0.9954846203561771,4465.5
USR_13985,Gold,Equities,122,11,4485.55,3,2,3,Lost / Inactive,1,9,1,0.9954846203561771,4465.3
USR_14910,Standard,Robo-Advisory,72,9,4484.63,3,3,3,Lost / Inactive,0,41,0,0.002066054946874593,9.27
USR_12774,Standard,Equities,75,13,4483.719999999999,3,2,3,Lost / Inactive,0,34,0,0.002066054946874593,9.26
USR_12269,Standard,Crypto,62,15,4480.15,2,1,3,Lost / Inactive,0,15,0,0.002066054946874593,9.26
USR_10577,Standard,Crypto,154,13,4480.15,3,1,3,Lost / Inactive,0,25,1,0.9954846203561771,4459.92
USR_13195,Standard,Equities,85,13,4479.65,3,2,3,Lost / Inactive,0,12,0,0.002066054946874593,9.26
USR_14499,VIP Wealth,Crypto,35,9,4478.429999999999,2,3,3,Lost / Inactive,0,32,0,0.002066054946874593,9.25
USR_13543,Standard,Crypto,83,12,4477.580000000001,3,2,3,Lost / Inactive,0,44,0,0.002066054946874593,9.25
USR_12404,VIP Wealth,Crypto,45,14,4477.22,2,1,3,Lost / Inactive,1,44,0,0.002066054946874593,9.25
USR_14856,Gold,Crypto,32,10,4476.84,2,3,3,Lost / Inactive,2,29,0,0.002066054946874593,9.25
USR_11200,Standard,Equities,19,10,4474.54,1,3,3,Lost / Inactive,1,22,0,0.002066054946874593,9.24
USR_14629,Standard,High-Yield Savings,13,15,4473.5,1,1,3,Lost / Inactive,1,21,0,0.002066054946874593,9.24
USR_14926,Standard,Robo-Advisory,11,11,4472.9400000000005,1,2,3,Lost / Inactive,0,41,0,0.002066054946874593,9.24
USR_12351,Standard,Equities,28,12,4469.6900000000005,2,2,3,Lost / Inactive,2,24,0,0.002066054946874593,9.23
USR_12020,Standard,High-Yield Savings,2,10,4469.45,1,3,3,Lost / Inactive,2,17,0,0.002066054946874593,9.23
USR_14774,Standard,High-Yield Savings,45,14,4466.02,2,1,3,Lost / Inactive,1,30,0,0.002066054946874593,9.23
USR_10354,Standard,High-Yield Savings,117,12,4463.88,3,2,3,Lost / Inactive,0,10,1,0.9954846203561771,4443.72
USR_10442,Gold,Crypto,60,10,4463.5,2,3,3,Lost / Inactive,2,23,0,0.002066054946874593,9.22
USR_13267,VIP Wealth,Crypto,156,9,4463.41,3,3,3,Lost / Inactive,0,19,1,0.9954846203561771,4443.26
USR_14635,Gold,Equities,11,10,4461.23,1,3,3,Lost / Inactive,2,39,0,0.002066054946874593,9.22
USR_14070,Standard,Equities,4,7,4461.1900000000005,1,3,3,Lost / Inactive,0,25,0,0.002066054946874593,9.22
USR_12458,VIP Wealth,Equities,32,11,4461.18,2,2,3,Lost / Inactive,0,15,0,0.002066054946874593,9.22
USR_11962,Standard,Equities,16,11,4461.03,1,2,3,Lost / Inactive,0,36,0,0.002066054946874593,9.22
USR_13628,Gold,Equities,35,11,4460.21,2,2,3,Lost / Inactive,1,29,0,0.002066054946874593,9.22
USR_13026,Gold,Crypto,45,7,4459.47,2,3,3,Lost / Inactive,0,10,0,0.002066054946874593,9.21
USR_14089,VIP Wealth,Equities,46,11,4455.89,2,2,3,Lost / Inactive,0,13,0,0.002066054946874593,9.21
USR_10830,Gold,Equities,285,8,4455.44,3,3,3,Lost / Inactive,0,25,1,0.9954846203561771,4435.32
USR_14679,Standard,Robo-Advisory,25,11,4454.17,2,2,3,Lost / Inactive,1,34,0,0.002066054946874593,9.2
USR_12430,Standard,High-Yield Savings,76,11,4453.62,3,2,3,Lost / Inactive,0,34,0,0.002066054946874593,9.2
USR_10077,Gold,Crypto,34,6,4453.26,2,3,3,Lost / Inactive,1,0,1,0.9954846203561771,4433.15
USR_13741,Standard,High-Yield Savings,8,9,4450.55,1,3,3,Lost / Inactive,0,26,0,0.002066054946874593,9.2
USR_14630,Standard,Robo-Advisory,46,13,4450.47,2,2,3,Lost / Inactive,0,22,0,0.002066054946874593,9.19
USR_11921,Standard,Crypto,112,10,4450.259999999999,3,2,3,Lost / Inactive,1,9,1,0.9954846203561771,4430.17
USR_11290,Standard,Crypto,136,8,4449.75,3,3,3,Lost / Inactive,0,43,1,0.9954846203561771,4429.66
USR_13139,Standard,Equities,25,10,4449.460000000001,2,3,3,Lost / Inactive,1,22,0,0.002066054946874593,9.19
USR_14962,Standard,Equities,33,7,4449.2,2,3,3,Lost / Inactive,0,13,0,0.002066054946874593,9.19
USR_11264,Gold,High-Yield Savings,2,9,4448.4800000000005,1,3,3,Lost / Inactive,2,10,0,0.002066054946874593,9.19
USR_11230,Standard,Equities,57,9,4446.25,2,3,3,Lost / Inactive,0,40,0,0.002066054946874593,9.19
USR_13383,Gold,Equities,227,8,4444.4400000000005,3,3,3,Lost / Inactive,1,35,1,0.9954846203561771,4424.37
USR_10241,Standard,High-Yield Savings,6,15,4444.07,1,1,3,Lost / Inactive,1,24,0,0.002066054946874593,9.18
USR_12692,Gold,Equities,52,10,4440.38,2,3,3,Lost / Inactive,0,41,0,0.002066054946874593,9.17
USR_10721,Standard,Equities,7,7,4440.13,1,3,3,Lost / Inactive,0,37,0,0.002066054946874593,9.17
USR_10822,Gold,Equities,51,10,4440.09,2,3,3,Lost / Inactive,2,16,0,0.002066054946874593,9.17
USR_13023,Gold,Crypto,16,12,4439.4,1,2,3,Lost / Inactive,1,2,1,0.9954846203561771,4419.35
USR_14232,Standard,Equities,387,4,4438.389999999999,3,3,3,Lost / Inactive,3,32,1,0.9954846203561771,4418.35
USR_10135,Standard,Equities,16,16,4434.24,1,1,3,Lost / Inactive,0,10,0,0.002066054946874593,9.16
USR_10773,Standard,Crypto,35,8,4433.400000000001,2,3,3,Lost / Inactive,0,31,0,0.002066054946874593,9.16
USR_13381,VIP Wealth,High-Yield Savings,43,12,4431.909999999999,2,2,3,Lost / Inactive,0,10,0,0.002066054946874593,9.16
USR_14920,Standard,Crypto,178,12,4431.01,3,2,3,Lost / Inactive,1,44,1,0.9954846203561771,4411.0
USR_13903,Standard,High-Yield Savings,27,14,4430.96,2,1,3,Lost / Inactive,1,30,0,0.002066054946874593,9.15
USR_13174,Standard,High-Yield Savings,241,11,4428.62,3,2,3,Lost / Inactive,1,30,1,0.9954846203561771,4408.62
USR_12339,Standard,Equities,54,8,4426.29,2,3,3,Lost / Inactive,1,17,0,0.002066054946874593,9.14
USR_10787,Standard,Equities,134,13,4423.73,3,1,3,Lost / Inactive,2,11,1,0.9954846203561771,4403.76
USR_11520,Standard,High-Yield Savings,58,8,4421.53,2,3,3,Lost / Inactive,1,31,0,0.002066054946874593,9.14
USR_10351,Standard,Equities,254,10,4420.74,3,2,3,Lost / Inactive,0,3,1,0.9954846203561771,4400.78
USR_13956,Standard,Equities,289,7,4418.81,3,3,3,Lost / Inactive,3,19,1,0.9954846203561771,4398.86
USR_14367,Standard,Crypto,115,13,4418.01,3,1,3,Lost / Inactive,0,6,1,0.9954846203561771,4398.06
USR_10886,VIP Wealth,Robo-Advisory,84,10,4416.599999999999,3,3,3,Lost / Inactive,1,29,0,0.002066054946874593,9.12
USR_14722,Standard,High-Yield Savings,13,12,4416.599999999999,1,2,3,Lost / Inactive,0,16,0,0.002066054946874593,9.12
USR_14965,Standard,Crypto,26,13,4412.910000000001,2,2,3,Lost / Inactive,2,30,0,0.002066054946874593,9.12
USR_12110,Standard,High-Yield Savings,56,11,4411.09,2,2,3,Lost / Inactive,1,14,0,0.002066054946874593,9.11
USR_12401,Standard,Crypto,175,7,4410.070000000001,3,3,3,Lost / Inactive,1,15,1,0.9954846203561771,4390.16
USR_14241,Standard,Equities,22,8,4407.92,1,3,3,Lost / Inactive,2,28,0,0.002066054946874593,9.11
USR_11474,VIP Wealth,Crypto,86,9,4407.759999999999,3,3,3,Lost / Inactive,0,33,0,0.002066054946874593,9.11
USR_14963,Gold,Equities,66,16,4404.4,2,1,3,Lost / Inactive,0,26,0,0.002066054946874593,9.1
USR_12296,Gold,Equities,48,11,4403.719999999999,2,2,3,Lost / Inactive,0,15,0,0.002066054946874593,9.1
USR_11025,VIP Wealth,Crypto,136,11,4402.45,3,2,3,Lost / Inactive,0,15,1,0.9954846203561771,4382.57
USR_10199,Standard,Equities,15,12,4400.33,1,2,3,Lost / Inactive,0,17,0,0.002066054946874593,9.09
USR_12178,Gold,Equities,86,8,4399.67,3,3,3,Lost / Inactive,0,32,0,0.002066054946874593,9.09
USR_14701,Standard,Crypto,22,13,4393.57,1,2,3,Lost / Inactive,1,8,0,0.002066054946874593,9.08
USR_14110,Standard,Crypto,21,10,4392.719999999999,1,3,3,Lost / Inactive,0,7,0,0.002066054946874593,9.08
USR_14291,Gold,High-Yield Savings,149,9,4392.31,3,3,3,Lost / Inactive,0,20,1,0.9954846203561771,4372.48
USR_11838,Standard,Robo-Advisory,79,9,4391.57,3,3,3,Lost / Inactive,1,11,0,0.002066054946874593,9.07
USR_11012,Standard,Crypto,24,14,4391.05,1,1,3,Lost / Inactive,1,31,0,0.002066054946874593,9.07
USR_11151,Standard,Equities,6,7,4390.5199999999995,1,3,3,Lost / Inactive,1,27,0,0.002066054946874593,9.07
USR_11649,VIP Wealth,Crypto,13,8,4388.76,1,3,3,Lost / Inactive,0,11,0,0.002066054946874593,9.07
USR_13156,Gold,Equities,50,11,4387.110000000001,2,2,3,Lost / Inactive,2,16,0,0.002066054946874593,9.06
USR_13791,Standard,High-Yield Savings,109,10,4386.610000000001,3,3,3,Lost / Inactive,0,20,1,0.9954846203561771,4366.8
USR_14765,VIP Wealth,Crypto,25,10,4386.3099999999995,1,3,3,Lost / Inactive,2,26,0,0.002066054946874593,9.06
USR_12492,Standard,Robo-Advisory,8,11,4381.09,1,2,3,Lost / Inactive,0,0,1,0.9954846203561771,4361.31
USR_10490,Standard,Equities,75,6,4380.93,3,3,3,Lost / Inactive,2,44,0,0.002066054946874593,9.05
USR_11019,Gold,High-Yield Savings,33,11,4379.23,2,2,3,Lost / Inactive,0,27,0,0.002066054946874593,9.05
USR_14129,VIP Wealth,Crypto,98,8,4379.219999999999,3,3,3,Lost / Inactive,2,25,1,0.9954846203561771,4359.45
USR_11422,Standard,Equities,235,9,4378.95,3,3,3,Lost / Inactive,1,38,1,0.9954846203561771,4359.18
USR_12045,Standard,Equities,25,8,4376.57,2,3,3,Lost / Inactive,1,36,0,0.002066054946874593,9.04
USR_12565,Standard,Equities,144,11,4374.86,3,2,3,Lost / Inactive,0,14,1,0.9954846203561771,4355.11
USR_12497,Gold,Equities,83,14,4374.29,3,1,3,Lost / Inactive,0,4,1,0.9954846203561771,4354.54
USR_10437,Standard,High-Yield Savings,39,11,4374.170000000001,2,2,3,Lost / Inactive,1,37,0,0.002066054946874593,9.04
USR_11676,Standard,Crypto,94,11,4373.7,3,2,3,Lost / Inactive,0,42,1,0.9954846203561771,4353.95
USR_14272,Standard,Robo-Advisory,98,11,4369.4800000000005,3,2,3,Lost / Inactive,0,12,1,0.9954846203561771,4349.75
USR_13083,Gold,High-Yield Savings,97,7,4369.38,3,3,3,Lost / Inactive,0,40,1,0.9954846203561771,4349.65
USR_10755,Standard,Crypto,29,16,4369.199999999999,2,1,3,Lost / Inactive,1,29,0,0.002066054946874593,9.03
USR_10463,Gold,Crypto,54,13,4367.0599999999995,2,2,3,Lost / Inactive,0,39,0,0.002066054946874593,9.02
USR_12858,Standard,Robo-Advisory,70,9,4363.61,3,3,3,Lost / Inactive,0,27,0,0.002066054946874593,9.02
USR_12311,Standard,High-Yield Savings,42,13,4362.71,2,2,3,Lost / Inactive,1,15,0,0.002066054946874593,9.01
USR_12720,Gold,Equities,13,8,4361.99,1,3,3,Lost / Inactive,2,7,0,0.002066054946874593,9.01
USR_13463,Standard,Crypto,103,12,4361.16,3,2,3,Lost / Inactive,0,29,1,0.9954846203561771,4341.47
USR_10744,Standard,High-Yield Savings,114,10,4358.35,3,2,3,Lost / Inactive,2,17,1,0.9954846203561771,4338.67
USR_11467,Gold,Robo-Advisory,15,11,4354.75,1,2,3,Lost / Inactive,1,2,1,0.9954846203561771,4335.09
USR_13824,Gold,High-Yield Savings,47,13,4353.82,2,2,3,Lost / Inactive,2,43,0,0.002066054946874593,9.0
USR_10306,Standard,High-Yield Savings,55,10,4352.889999999999,2,3,3,Lost / Inactive,2,38,0,0.002066054946874593,8.99
USR_11380,Standard,Equities,11,12,4352.07,1,2,3,Lost / Inactive,3,43,0,0.002066054946874593,8.99
USR_10612,Standard,Equities,78,11,4351.81,3,2,3,Lost / Inactive,2,5,0,0.002066054946874593,8.99
USR_12232,Gold,Equities,100,11,4350.49,3,2,3,Lost / Inactive,0,43,1,0.9954846203561771,4330.85
USR_11588,VIP Wealth,Crypto,5,11,4348.17,1,2,3,Lost / Inactive,1,27,0,0.002066054946874593,8.98
USR_10450,Standard,Equities,59,8,4345.4400000000005,2,3,3,Lost / Inactive,1,16,0,0.002066054946874593,8.98
USR_11233,Standard,Robo-Advisory,21,11,4339.05,1,2,3,Lost / Inactive,1,35,0,0.002066054946874593,8.96
USR_12504,Gold,Crypto,33,10,4338.7,2,3,3,Lost / Inactive,1,2,1,0.9954846203561771,4319.11
USR_11050,Standard,High-Yield Savings,3,13,4338.4,1,2,3,Lost / Inactive,1,40,0,0.002066054946874593,8.96
USR_10037,Gold,Crypto,21,8,4338.07,1,3,3,Lost / Inactive,1,16,0,0.002066054946874593,8.96
USR_12284,Standard,High-Yield Savings,107,11,4337.610000000001,3,2,3,Lost / Inactive,2,41,1,0.9954846203561771,4318.02
USR_11464,Standard,Equities,10,13,4337.43,1,2,3,Lost / Inactive,1,15,0,0.002066054946874593,8.96
USR_13060,Standard,Crypto,98,6,4336.7699999999995,3,3,3,Lost / Inactive,0,28,1,0.9954846203561771,4317.19
USR_12881,VIP Wealth,Equities,47,12,4336.65,2,2,3,Lost / Inactive,1,28,0,0.002066054946874593,8.96
USR_11938,Standard,High-Yield Savings,86,7,4335.2,3,3,3,Lost / Inactive,1,1,1,0.9954846203561771,4315.62
USR_11238,Standard,Crypto,1,12,4334.1,1,2,3,Lost / Inactive,2,22,0,0.002066054946874593,8.95
USR_12691,Standard,Robo-Advisory,98,10,4332.219999999999,3,3,3,Lost / Inactive,3,32,1,0.9954846203561771,4312.66
USR_13430,Standard,Crypto,47,13,4331.81,2,2,3,Lost / Inactive,2,11,0,0.002066054946874593,8.95
USR_14061,Standard,High-Yield Savings,14,14,4330.599999999999,1,1,3,Lost / Inactive,1,24,0,0.002066054946874593,8.95
USR_12594,Standard,Equities,19,13,4330.56,1,2,3,Lost / Inactive,1,27,0,0.002066054946874593,8.95
USR_13269,Gold,Crypto,133,8,4330.490000000001,3,3,3,Lost / Inactive,0,27,1,0.9954846203561771,4310.94
USR_13533,Gold,High-Yield Savings,15,9,4328.1,1,3,3,Lost / Inactive,0,26,0,0.002066054946874593,8.94
USR_13787,Standard,Robo-Advisory,46,9,4327.26,2,3,3,Lost / Inactive,0,20,0,0.002066054946874593,8.94
USR_11358,Standard,High-Yield Savings,93,12,4323.34,3,2,3,Lost / Inactive,2,38,1,0.9954846203561771,4303.82
USR_13347,Standard,Equities,161,10,4322.17,3,2,3,Lost / Inactive,0,23,1,0.9954846203561771,4302.65
USR_12455,Standard,High-Yield Savings,16,10,4321.77,1,3,3,Lost / Inactive,0,11,0,0.002066054946874593,8.93
USR_10478,Gold,Crypto,72,12,4321.700000000001,3,2,3,Lost / Inactive,0,1,1,0.9954846203561771,4302.19
USR_14586,Standard,Equities,5,8,4319.69,1,3,3,Lost / Inactive,1,1,1,0.9954846203561771,4300.18
USR_14947,Standard,High-Yield Savings,9,8,4318.08,1,3,3,Lost / Inactive,1,10,0,0.002066054946874593,8.92
USR_10190,Gold,High-Yield Savings,33,11,4314.62,2,2,3,Lost / Inactive,2,21,0,0.002066054946874593,8.91
USR_13281,Standard,Crypto,45,9,4312.77,2,3,3,Lost / Inactive,1,35,0,0.002066054946874593,8.91
USR_12717,Standard,High-Yield Savings,5,10,4310.799999999999,1,3,3,Lost / Inactive,0,16,0,0.002066054946874593,8.91
USR_13407,Standard,Robo-Advisory,74,9,4310.17,3,3,3,Lost / Inactive,1,42,0,0.002066054946874593,8.91
USR_14530,Gold,Equities,9,12,4308.96,1,2,3,Lost / Inactive,2,33,0,0.002066054946874593,8.9
USR_14392,VIP Wealth,Crypto,92,6,4306.7,3,3,3,Lost / Inactive,1,31,1,0.9954846203561771,4287.25
USR_11136,Standard,Robo-Advisory,34,9,4305.98,2,3,3,Lost / Inactive,1,21,0,0.002066054946874593,8.9
USR_10923,Standard,High-Yield Savings,156,10,4303.03,3,2,3,Lost / Inactive,1,44,1,0.9954846203561771,4283.6
USR_10049,Gold,Equities,119,9,4302.429999999999,3,3,3,Lost / Inactive,0,12,1,0.9954846203561771,4283.0
USR_12570,Standard,High-Yield Savings,89,8,4302.419999999999,3,3,3,Lost / Inactive,1,40,0,0.002066054946874593,8.89
USR_12374,Standard,High-Yield Savings,79,11,4302.05,3,2,3,Lost / Inactive,0,6,0,0.002066054946874593,8.89
USR_12506,VIP Wealth,Robo-Advisory,85,14,4299.679999999999,3,1,3,Lost / Inactive,2,6,0,0.002066054946874593,8.88
USR_10801,Standard,High-Yield Savings,73,9,4298.03,3,3,3,Lost / Inactive,0,40,0,0.002066054946874593,8.88
USR_12611,Gold,Robo-Advisory,73,9,4296.55,3,3,3,Lost / Inactive,0,36,0,0.002066054946874593,8.88
USR_14779,Gold,Crypto,60,7,4295.849999999999,2,3,3,Lost / Inactive,0,22,0,0.002066054946874593,8.88
USR_13989,Gold,Equities,29,15,4295.48,2,1,3,Lost / Inactive,0,9,0,0.002066054946874593,8.87
USR_10048,Standard,Crypto,69,11,4295.1,3,2,3,Lost / Inactive,1,7,0,0.002066054946874593,8.87
USR_14565,Standard,Equities,57,8,4294.88,2,3,3,Lost / Inactive,1,24,0,0.002066054946874593,8.87
USR_10381,Standard,Robo-Advisory,101,11,4292.74,3,2,3,Lost / Inactive,1,17,1,0.9954846203561771,4273.36
USR_14384,Standard,Crypto,211,8,4289.01,3,3,3,Lost / Inactive,0,33,1,0.9954846203561771,4269.64
USR_14758,Gold,Equities,143,6,4284.55,3,3,3,Lost / Inactive,0,41,1,0.9954846203561771,4265.2
USR_10252,Standard,Robo-Advisory,105,11,4284.28,3,2,3,Lost / Inactive,0,19,1,0.9954846203561771,4264.93
USR_13324,Gold,Crypto,7,10,4283.91,1,3,3,Lost / Inactive,0,0,1,0.9954846203561771,4264.57
USR_13218,Standard,Equities,4,11,4278.64,1,2,3,Lost / Inactive,0,6,0,0.002066054946874593,8.84
USR_13221,Standard,Equities,76,9,4278.47,3,3,3,Lost / Inactive,0,13,0,0.002066054946874593,8.84
USR_13861,Standard,Crypto,21,7,4277.35,1,3,3,Lost / Inactive,0,30,0,0.002066054946874593,8.84
USR_13335,Gold,Crypto,302,5,4275.57,3,3,3,Lost / Inactive,0,11,1,0.9954846203561771,4256.26
USR_14573,VIP Wealth,Equities,43,13,4275.4800000000005,2,2,3,Lost / Inactive,1,12,0,0.002066054946874593,8.83
USR_10424,Standard,Crypto,30,12,4274.82,2,2,3,Lost / Inactive,1,18,0,0.002066054946874593,8.83
USR_13925,Gold,Equities,54,13,4273.85,2,2,3,Lost / Inactive,0,26,0,0.002066054946874593,8.83
USR_14988,Gold,Equities,71,9,4272.65,3,3,3,Lost / Inactive,2,38,0,0.002066054946874593,8.83
USR_14871,Standard,Equities,92,12,4272.57,3,2,3,Lost / Inactive,2,4,1,0.9954846203561771,4253.28
USR_13505,Standard,Crypto,30,8,4267.89,2,3,3,Lost / Inactive,0,21,0,0.002066054946874593,8.82
USR_11679,Standard,Equities,142,10,4267.4400000000005,3,3,3,Lost / Inactive,0,42,1,0.9954846203561771,4248.17
USR_13855,Standard,Equities,126,10,4263.67,3,2,3,Lost / Inactive,1,29,1,0.9954846203561771,4244.42
USR_12733,Gold,Equities,21,12,4262.83,1,2,3,Lost / Inactive,1,37,0,0.002066054946874593,8.81
USR_14692,VIP Wealth,Equities,20,14,4262.52,1,1,3,Lost / Inactive,0,21,0,0.002066054946874593,8.81
USR_12484,VIP Wealth,Equities,28,11,4262.2,2,2,3,Lost / Inactive,1,41,0,0.002066054946874593,8.81
USR_12555,Gold,Crypto,101,7,4262.16,3,3,3,Lost / Inactive,0,34,1,0.9954846203561771,4242.91
USR_14069,Gold,Crypto,53,10,4260.64,2,3,3,Lost / Inactive,2,22,0,0.002066054946874593,8.8
USR_10628,Gold,Robo-Advisory,38,10,4257.749999999999,2,3,3,Lost / Inactive,0,29,0,0.002066054946874593,8.8
USR_12520,Gold,Crypto,55,10,4257.610000000001,2,3,3,Lost / Inactive,0,39,0,0.002066054946874593,8.8
USR_14464,Gold,Crypto,54,13,4251.08,2,2,3,Lost / Inactive,0,42,0,0.002066054946874593,8.78
USR_12975,Gold,High-Yield Savings,14,7,4250.75,1,3,3,Lost / Inactive,1,23,0,0.002066054946874593,8.78
USR_13199,Standard,Equities,60,13,4250.08,2,2,3,Lost / Inactive,1,39,0,0.002066054946874593,8.78
USR_11149,Gold,Equities,29,12,4248.72,2,2,3,Lost / Inactive,1,19,0,0.002066054946874593,8.78
USR_11936,Standard,Crypto,130,7,4248.68,3,3,3,Lost / Inactive,0,21,1,0.9954846203561771,4229.5
USR_10903,Standard,High-Yield Savings,14,14,4246.5199999999995,1,1,3,Lost / Inactive,3,33,0,0.002066054946874593,8.77
USR_12149,Standard,Robo-Advisory,57,11,4246.44,2,2,3,Lost / Inactive,1,37,0,0.002066054946874593,8.77
USR_14017,Gold,Crypto,73,10,4243.98,3,3,3,Lost / Inactive,1,21,0,0.002066054946874593,8.77
USR_14221,Gold,Crypto,138,9,4239.91,3,3,3,Lost / Inactive,2,12,1,0.9954846203561771,4220.77
USR_14492,VIP Wealth,Robo-Advisory,53,10,4238.93,2,3,3,Lost / Inactive,0,19,0,0.002066054946874593,8.76
USR_14881,Standard,Equities,21,7,4238.61,1,3,3,Lost / Inactive,1,3,1,0.9954846203561771,4219.47
USR_14891,Standard,Equities,73,10,4238.21,3,3,3,Lost / Inactive,1,34,0,0.002066054946874593,8.76
USR_11965,Gold,Equities,65,9,4236.030000000001,2,3,3,Lost / Inactive,1,25,0,0.002066054946874593,8.75
USR_10725,Standard,Crypto,23,12,4235.59,1,2,3,Lost / Inactive,0,1,1,0.9954846203561771,4216.46
USR_10551,Standard,Equities,94,9,4234.69,3,3,3,Lost / Inactive,2,19,1,0.9954846203561771,4215.57
USR_10331,Gold,Equities,10,13,4232.66,1,2,3,Lost / Inactive,1,13,0,0.002066054946874593,8.74
USR_14401,Gold,Crypto,72,7,4232.62,3,3,3,Lost / Inactive,0,12,0,0.002066054946874593,8.74
USR_11183,Standard,Robo-Advisory,171,9,4231.9400000000005,3,3,3,Lost / Inactive,1,22,1,0.9954846203561771,4212.83
USR_13304,Standard,High-Yield Savings,88,8,4230.75,3,3,3,Lost / Inactive,3,18,0,0.002066054946874593,8.74
USR_12942,Standard,Equities,23,10,4225.1900000000005,1,3,3,Lost / Inactive,1,3,1,0.9954846203561771,4206.11
USR_13337,Standard,High-Yield Savings,87,10,4224.03,3,3,3,Lost / Inactive,1,32,0,0.002066054946874593,8.73
USR_12724,Standard,Equities,58,6,4221.299999999999,2,3,3,Lost / Inactive,1,7,0,0.002066054946874593,8.72
USR_14592,Standard,High-Yield Savings,91,10,4217.9400000000005,3,3,3,Lost / Inactive,1,40,1,0.9954846203561771,4198.89
USR_13626,Standard,High-Yield Savings,46,12,4217.17,2,2,3,Lost / Inactive,0,26,0,0.002066054946874593,8.71
USR_13795,Standard,Crypto,48,9,4216.51,2,3,3,Lost / Inactive,1,3,1,0.9954846203561771,4197.47
USR_13831,Standard,Robo-Advisory,27,14,4210.78,2,1,3,Lost / Inactive,0,24,0,0.002066054946874593,8.7
USR_11113,Gold,Equities,119,9,4206.25,3,3,3,Lost / Inactive,1,5,1,0.9954846203561771,4187.26
USR_12729,Standard,High-Yield Savings,88,13,4206.02,3,2,3,Lost / Inactive,1,32,0,0.002066054946874593,8.69
USR_10667,Standard,Equities,57,10,4205.969999999999,2,3,3,Lost / Inactive,0,3,1,0.9954846203561771,4186.98
USR_11313,Standard,High-Yield Savings,55,12,4205.68,2,2,3,Lost / Inactive,1,37,0,0.002066054946874593,8.69
USR_11028,Standard,Equities,22,13,4204.179999999999,1,2,3,Lost / Inactive,2,9,0,0.002066054946874593,8.69
USR_13940,Standard,Robo-Advisory,48,8,4203.539999999999,2,3,3,Lost / Inactive,2,10,0,0.002066054946874593,8.68
USR_14521,Standard,Equities,67,12,4201.7300000000005,3,2,3,Lost / Inactive,1,14,0,0.002066054946874593,8.68
USR_12048,Gold,High-Yield Savings,85,8,4197.95,3,3,3,Lost / Inactive,0,4,1,0.9954846203561771,4178.99
USR_14266,Standard,Robo-Advisory,5,15,4197.71,1,1,3,Lost / Inactive,0,39,0,0.002066054946874593,8.67
USR_11931,Standard,Crypto,14,13,4195.94,1,2,3,Lost / Inactive,0,35,0,0.002066054946874593,8.67
USR_14283,Gold,Robo-Advisory,46,8,4195.58,2,3,3,Lost / Inactive,1,37,0,0.002066054946874593,8.67
USR_13962,VIP Wealth,Crypto,69,8,4195.540000000001,3,3,3,Lost / Inactive,3,3,1,0.9954846203561771,4176.6
USR_14529,Gold,Equities,32,12,4195.35,2,2,3,Lost / Inactive,1,36,0,0.002066054946874593,8.67
USR_13417,Standard,Equities,51,14,4193.92,2,1,3,Lost / Inactive,0,41,0,0.002066054946874593,8.66
USR_14168,Gold,Robo-Advisory,69,9,4193.79,3,3,3,Lost / Inactive,0,24,0,0.002066054946874593,8.66
USR_11802,Gold,Equities,351,8,4192.82,3,3,3,Lost / Inactive,0,27,1,0.9954846203561771,4173.89
USR_11310,Standard,Crypto,63,10,4187.34,2,3,3,Lost / Inactive,0,22,0,0.002066054946874593,8.65
USR_10870,Gold,Robo-Advisory,5,10,4184.84,1,3,3,Lost / Inactive,1,13,0,0.002066054946874593,8.65
USR_11077,Standard,Equities,12,7,4184.39,1,3,3,Lost / Inactive,0,27,0,0.002066054946874593,8.65
USR_14057,Standard,Equities,233,6,4179.93,3,3,3,Lost / Inactive,2,29,1,0.9954846203561771,4161.06
USR_12182,Standard,Equities,51,7,4179.610000000001,2,3,3,Lost / Inactive,1,17,0,0.002066054946874593,8.64
USR_10546,Standard,Equities,18,12,4178.91,1,2,3,Lost / Inactive,2,38,0,0.002066054946874593,8.63
USR_12604,Standard,Equities,90,9,4178.62,3,3,3,Lost / Inactive,0,42,0,0.002066054946874593,8.63
USR_11741,Standard,High-Yield Savings,110,10,4178.49,3,3,3,Lost / Inactive,1,10,1,0.9954846203561771,4159.62
USR_13548,VIP Wealth,High-Yield Savings,23,10,4178.02,1,3,3,Lost / Inactive,0,7,0,0.002066054946874593,8.63
USR_12562,VIP Wealth,Crypto,182,14,4177.25,3,1,3,Lost / Inactive,1,4,1,0.9954846203561771,4158.39
USR_11285,Gold,Robo-Advisory,166,7,4174.19,3,3,3,Lost / Inactive,0,26,1,0.9954846203561771,4155.34
USR_10534,Standard,Robo-Advisory,165,10,4174.030000000001,3,3,3,Lost / Inactive,0,37,1,0.9954846203561771,4155.18
USR_10195,Gold,Crypto,17,8,4173.43,1,3,3,Lost / Inactive,1,20,0,0.002066054946874593,8.62
USR_14091,Standard,Equities,17,10,4172.47,1,3,3,Lost / Inactive,1,17,0,0.002066054946874593,8.62
USR_12842,Gold,High-Yield Savings,110,10,4169.53,3,3,3,Lost / Inactive,0,29,1,0.9954846203561771,4150.7
USR_11872,Standard,Robo-Advisory,23,7,4161.16,1,3,3,Lost / Inactive,3,43,0,0.002066054946874593,8.6
USR_12300,VIP Wealth,Crypto,51,8,4159.15,2,3,3,Lost / Inactive,1,39,0,0.002066054946874593,8.59
USR_13185,Gold,High-Yield Savings,61,12,4156.199999999999,2,2,3,Lost / Inactive,2,10,0,0.002066054946874593,8.59
USR_14314,Standard,Equities,13,11,4154.75,1,2,3,Lost / Inactive,0,32,0,0.002066054946874593,8.58
USR_14201,Standard,Equities,308,9,4151.67,3,3,3,Lost / Inactive,0,37,1,0.9954846203561771,4132.92
USR_14155,Standard,Crypto,10,5,4146.9400000000005,1,3,3,Lost / Inactive,2,22,0,0.002066054946874593,8.57
USR_13743,Standard,Crypto,67,13,4144.6,3,2,3,Lost / Inactive,2,44,0,0.002066054946874593,8.56
USR_13072,Standard,Crypto,116,10,4141.8099999999995,3,2,3,Lost / Inactive,1,11,1,0.9954846203561771,4123.11
USR_13479,Standard,Crypto,22,11,4141.42,1,2,3,Lost / Inactive,1,29,0,0.002066054946874593,8.56
USR_13208,Standard,High-Yield Savings,9,7,4136.9800000000005,1,3,3,Lost / Inactive,1,17,0,0.002066054946874593,8.55
USR_11615,Gold,Equities,82,14,4136.82,3,1,3,Lost / Inactive,0,1,1,0.9954846203561771,4118.14
USR_14456,Standard,High-Yield Savings,243,11,4135.9,3,2,3,Lost / Inactive,0,15,1,0.9954846203561771,4117.22
USR_12141,Standard,High-Yield Savings,31,11,4132.4400000000005,2,2,3,Lost / Inactive,1,19,0,0.002066054946874593,8.54
USR_11947,Standard,Crypto,6,10,4131.77,1,3,3,Lost / Inactive,2,32,0,0.002066054946874593,8.54
USR_13145,Gold,Robo-Advisory,24,14,4131.71,1,1,3,Lost / Inactive,0,15,0,0.002066054946874593,8.54
USR_11086,Standard,Equities,54,8,4131.23,2,3,3,Lost / Inactive,1,32,0,0.002066054946874593,8.54
USR_13691,Standard,Equities,213,9,4126.47,3,3,3,Lost / Inactive,2,38,1,0.9954846203561771,4107.84
USR_11675,Gold,Crypto,39,11,4125.249999999999,2,2,3,Lost / Inactive,1,38,0,0.002066054946874593,8.52
USR_13646,Gold,High-Yield Savings,81,7,4124.27,3,3,3,Lost / Inactive,1,28,0,0.002066054946874593,8.52
USR_12444,VIP Wealth,Crypto,45,12,4122.59,2,2,3,Lost / Inactive,1,37,0,0.002066054946874593,8.52
USR_12435,Gold,Equities,29,12,4121.39,2,2,3,Lost / Inactive,0,0,1,0.9954846203561771,4102.78
USR_10669,Gold,Robo-Advisory,26,11,4116.709999999999,2,2,3,Lost / Inactive,0,21,0,0.002066054946874593,8.51
USR_14146,Standard,Robo-Advisory,284,10,4114.8099999999995,3,2,3,Lost / Inactive,0,40,1,0.9954846203561771,4096.23
USR_13592,Standard,Equities,74,16,4111.25,3,1,3,Lost / Inactive,2,23,0,0.002066054946874593,8.49
USR_11874,Standard,Equities,75,12,4108.000000000001,3,2,3,Lost / Inactive,0,15,0,0.002066054946874593,8.49
USR_10639,Standard,High-Yield Savings,28,13,4106.76,2,2,3,Lost / Inactive,1,40,0,0.002066054946874593,8.48
USR_10219,VIP Wealth,Equities,23,9,4105.82,1,3,3,Lost / Inactive,1,41,0,0.002066054946874593,8.48
USR_10511,Standard,Robo-Advisory,22,7,4103.9800000000005,1,3,3,Lost / Inactive,0,36,0,0.002066054946874593,8.48
USR_11201,Standard,Equities,11,8,4101.28,1,3,3,Lost / Inactive,2,24,0,0.002066054946874593,8.47
USR_13712,Standard,High-Yield Savings,138,10,4097.35,3,2,3,Lost / Inactive,0,38,1,0.9954846203561771,4078.85
USR_11637,Standard,Crypto,14,10,4097.29,1,3,3,Lost / Inactive,0,25,0,0.002066054946874593,8.47
USR_14472,Gold,High-Yield Savings,144,8,4096.469999999999,3,3,3,Lost / Inactive,1,6,1,0.9954846203561771,4077.97
USR_12669,Standard,High-Yield Savings,15,14,4093.8,1,1,3,Lost / Inactive,3,7,0,0.002066054946874593,8.46
USR_11475,Standard,High-Yield Savings,65,11,4092.7000000000007,2,2,3,Lost / Inactive,0,37,0,0.002066054946874593,8.46
USR_13063,Gold,Crypto,64,8,4091.68,2,3,3,Lost / Inactive,0,44,0,0.002066054946874593,8.45
USR_12715,Gold,Robo-Advisory,73,10,4088.44,3,3,3,Lost / Inactive,1,23,0,0.002066054946874593,8.45
USR_12355,Gold,Robo-Advisory,211,10,4088.37,3,3,3,Lost / Inactive,0,5,1,0.9954846203561771,4069.91
USR_10840,Standard,Equities,67,10,4087.67,3,3,3,Lost / Inactive,3,35,0,0.002066054946874593,8.45
USR_10872,Standard,Equities,150,9,4086.51,3,3,3,Lost / Inactive,1,20,1,0.9954846203561771,4068.06
USR_11768,Gold,Crypto,41,10,4083.54,2,3,3,Lost / Inactive,2,33,0,0.002066054946874593,8.44
USR_11897,VIP Wealth,Crypto,77,7,4081.08,3,3,3,Lost / Inactive,0,3,1,0.9954846203561771,4062.65
USR_12276,Standard,Equities,122,14,4077.8900000000003,3,1,3,Lost / Inactive,0,28,1,0.9954846203561771,4059.48
USR_14941,Gold,Robo-Advisory,86,8,4076.5800000000004,3,3,3,Lost / Inactive,1,16,0,0.002066054946874593,8.42
USR_14704,VIP Wealth,High-Yield Savings,16,10,4076.48,1,3,3,Lost / Inactive,0,25,0,0.002066054946874593,8.42
USR_12143,Gold,Crypto,33,9,4075.78,2,3,3,Lost / Inactive,1,26,0,0.002066054946874593,8.42
USR_13749,Standard,Crypto,54,13,4072.1299999999997,2,2,3,Lost / Inactive,1,43,0,0.002066054946874593,8.41
USR_11457,Standard,High-Yield Savings,8,18,4070.6499999999996,1,1,3,Lost / Inactive,0,26,0,0.002066054946874593,8.41
USR_14189,Gold,Crypto,191,10,4069.7900000000004,3,3,3,Lost / Inactive,1,26,1,0.9954846203561771,4051.41
USR_12208,Standard,Equities,88,7,4067.7700000000004,3,3,3,Lost / Inactive,0,10,0,0.002066054946874593,8.4
USR_13800,Standard,Crypto,2,11,4067.2099999999996,1,2,3,Lost / Inactive,1,26,0,0.002066054946874593,8.4
USR_14385,Gold,Equities,53,12,4063.7200000000003,2,2,3,Lost / Inactive,0,30,0,0.002066054946874593,8.4
USR_14327,Standard,Robo-Advisory,146,10,4058.0399999999995,3,2,3,Lost / Inactive,1,0,1,0.9954846203561771,4039.72
USR_12038,Gold,High-Yield Savings,90,12,4055.26,3,2,3,Lost / Inactive,1,5,0,0.002066054946874593,8.38
USR_13721,Gold,Crypto,47,12,4053.31,2,2,3,Lost / Inactive,0,17,0,0.002066054946874593,8.37
USR_12747,Standard,Crypto,138,11,4052.7999999999997,3,2,3,Lost / Inactive,1,37,1,0.9954846203561771,4034.5
USR_11049,Standard,High-Yield Savings,32,11,4052.0999999999995,2,2,3,Lost / Inactive,1,22,0,0.002066054946874593,8.37
USR_13844,Standard,Robo-Advisory,94,12,4051.84,3,2,3,Lost / Inactive,0,12,1,0.9954846203561771,4033.54
USR_12247,Gold,Robo-Advisory,109,6,4049.9500000000003,3,3,3,Lost / Inactive,1,18,1,0.9954846203561771,4031.66
USR_13098,Standard,High-Yield Savings,37,10,4049.68,2,3,3,Lost / Inactive,2,24,0,0.002066054946874593,8.37
USR_12815,Gold,Equities,39,8,4047.7699999999995,2,3,3,Lost / Inactive,1,7,0,0.002066054946874593,8.36
USR_14143,Standard,Equities,85,6,4046.97,3,3,3,Lost / Inactive,0,28,0,0.002066054946874593,8.36
USR_10553,Gold,Equities,46,8,4043.7099999999996,2,3,3,Lost / Inactive,1,24,0,0.002066054946874593,8.35
USR_14248,Standard,Equities,16,8,4039.19,1,3,3,Lost / Inactive,0,6,0,0.002066054946874593,8.35
USR_14112,Standard,High-Yield Savings,300,9,4038.66,3,3,3,Lost / Inactive,1,31,1,0.9954846203561771,4020.42
USR_13027,Gold,Crypto,11,14,4038.4300000000003,1,1,3,Lost / Inactive,2,16,0,0.002066054946874593,8.34
USR_13215,Gold,Equities,69,9,4037.3899999999994,3,3,3,Lost / Inactive,2,15,0,0.002066054946874593,8.34
USR_14535,Gold,High-Yield Savings,51,7,4035.55,2,3,3,Lost / Inactive,1,15,0,0.002066054946874593,8.34
USR_13399,Standard,Equities,6,9,4035.29,1,3,3,Lost / Inactive,1,10,0,0.002066054946874593,8.34
USR_14188,Gold,High-Yield Savings,68,12,4035.03,3,2,3,Lost / Inactive,1,26,0,0.002066054946874593,8.34
USR_14976,Standard,Equities,102,15,4034.59,3,1,3,Lost / Inactive,3,44,1,0.9954846203561771,4016.37
USR_13767,Standard,High-Yield Savings,59,12,4030.3199999999997,2,2,3,Lost / Inactive,1,33,0,0.002066054946874593,8.33
USR_13152,Gold,Equities,51,10,4030.0700000000006,2,3,3,Lost / Inactive,1,20,0,0.002066054946874593,8.33
USR_12625,Gold,Robo-Advisory,125,9,4030.0199999999995,3,3,3,Lost / Inactive,1,10,1,0.9954846203561771,4011.82
USR_11378,Gold,High-Yield Savings,75,7,4029.8199999999997,3,3,3,Lost / Inactive,0,28,0,0.002066054946874593,8.33
USR_11384,Standard,Robo-Advisory,269,8,4029.4299999999994,3,3,3,Lost / Inactive,0,39,1,0.9954846203561771,4011.24
USR_10152,Standard,Robo-Advisory,14,9,4024.2499999999995,1,3,3,Lost / Inactive,2,19,0,0.002066054946874593,8.31
USR_11274,Standard,Crypto,167,10,4023.03,3,2,3,Lost / Inactive,2,31,1,0.9954846203561771,4004.86
USR_10188,Standard,Crypto,93,10,4021.76,3,3,3,Lost / Inactive,0,25,1,0.9954846203561771,4003.6
USR_11811,Standard,Crypto,47,10,4021.69,2,3,3,Lost / Inactive,0,1,1,0.9954846203561771,4003.53
USR_14477,Standard,Crypto,18,17,4020.3999999999996,1,1,3,Lost / Inactive,0,3,1,0.9954846203561771,4002.25
USR_10898,Standard,Crypto,34,11,4019.5499999999997,2,2,3,Lost / Inactive,1,44,0,0.002066054946874593,8.3
USR_11278,VIP Wealth,Robo-Advisory,31,12,4017.37,2,2,3,Lost / Inactive,1,4,1,0.9954846203561771,3999.23
USR_11530,VIP Wealth,Equities,70,9,4015.0000000000005,3,3,3,Lost / Inactive,3,11,0,0.002066054946874593,8.3
USR_14646,Gold,Equities,50,8,4014.6800000000003,2,3,3,Lost / Inactive,2,28,0,0.002066054946874593,8.29
USR_14012,Standard,Robo-Advisory,33,12,4012.1899999999996,2,2,3,Lost / Inactive,1,7,0,0.002066054946874593,8.29
USR_10105,Standard,Equities,41,8,4006.1800000000003,2,3,3,Lost / Inactive,2,36,0,0.002066054946874593,8.28
USR_12231,VIP Wealth,High-Yield Savings,48,12,4006.11,2,2,3,Lost / Inactive,2,25,0,0.002066054946874593,8.28
USR_14986,Gold,High-Yield Savings,14,8,4005.6499999999996,1,3,3,Lost / Inactive,1,30,0,0.002066054946874593,8.28
USR_14243,VIP Wealth,Equities,84,10,4003.9100000000003,3,3,3,Lost / Inactive,0,33,0,0.002066054946874593,8.27
USR_11770,Standard,Crypto,82,9,4001.1800000000003,3,3,3,Lost / Inactive,1,2,1,0.9954846203561771,3983.11
USR_10068,Standard,Robo-Advisory,11,12,4000.1900000000005,1,2,3,Lost / Inactive,1,43,0,0.002066054946874593,8.26
USR_14622,Standard,Crypto,121,10,3997.2600000000007,3,2,3,Lost / Inactive,0,35,1,0.9954846203561771,3979.21
USR_13353,Standard,Robo-Advisory,213,6,3995.31,3,3,3,Lost / Inactive,3,7,1,0.9954846203561771,3977.27
USR_11918,Standard,Equities,110,12,3994.9199999999996,3,2,3,Lost / Inactive,1,33,1,0.9954846203561771,3976.88
USR_11225,Gold,High-Yield Savings,40,13,3992.4400000000005,2,2,3,Lost / Inactive,0,11,0,0.002066054946874593,8.25
USR_12409,Gold,Equities,191,10,3987.9999999999995,3,3,3,Lost / Inactive,2,33,1,0.9954846203561771,3969.99
USR_12765,Gold,Equities,178,8,3987.82,3,3,3,Lost / Inactive,3,18,1,0.9954846203561771,3969.81
USR_11477,Standard,Crypto,147,8,3987.42,3,3,3,Lost / Inactive,1,2,1,0.9954846203561771,3969.42
USR_14111,Standard,Crypto,27,11,3986.579999999999,2,2,3,Lost / Inactive,0,14,0,0.002066054946874593,8.24
USR_12788,Gold,Equities,91,8,3986.04,3,3,3,Lost / Inactive,0,8,1,0.9954846203561771,3968.04
USR_12834,Standard,Robo-Advisory,166,7,3983.8,3,3,3,Lost / Inactive,1,24,1,0.9954846203561771,3965.81
USR_13810,Standard,Robo-Advisory,110,13,3982.1400000000003,3,1,3,Lost / Inactive,0,4,1,0.9954846203561771,3964.16
USR_14180,Standard,Robo-Advisory,38,9,3981.82,2,3,3,Lost / Inactive,1,21,0,0.002066054946874593,8.23
USR_10039,Gold,Equities,49,11,3979.9300000000003,2,2,3,Lost / Inactive,2,14,0,0.002066054946874593,8.22
USR_13332,Standard,High-Yield Savings,24,14,3978.42,1,1,3,Lost / Inactive,3,2,1,0.9954846203561771,3960.46
USR_11398,Standard,Equities,141,8,3974.8,3,3,3,Lost / Inactive,0,41,1,0.9954846203561771,3956.85
USR_12268,Gold,Crypto,21,10,3973.8500000000004,1,3,3,Lost / Inactive,1,38,0,0.002066054946874593,8.21
USR_13580,Gold,High-Yield Savings,19,6,3971.51,1,3,3,Lost / Inactive,3,7,0,0.002066054946874593,8.21
USR_14843,Gold,Crypto,54,10,3968.9700000000003,2,3,3,Lost / Inactive,1,26,0,0.002066054946874593,8.2
USR_12596,VIP Wealth,Equities,53,13,3968.6,2,2,3,Lost / Inactive,0,4,1,0.9954846203561771,3950.68
USR_11219,Gold,Crypto,11,5,3961.7000000000003,1,3,3,Lost / Inactive,1,6,0,0.002066054946874593,8.19
USR_13624,Standard,High-Yield Savings,77,10,3960.0899999999997,3,3,3,Lost / Inactive,4,2,1,0.9954846203561771,3942.21
USR_12797,Standard,Robo-Advisory,25,8,3954.74,2,3,3,Lost / Inactive,1,32,0,0.002066054946874593,8.17
USR_10979,Standard,Crypto,25,14,3954.5499999999997,2,1,3,Lost / Inactive,0,44,0,0.002066054946874593,8.17
USR_11334,Gold,Robo-Advisory,29,6,3953.5100000000007,2,3,3,Lost / Inactive,1,19,0,0.002066054946874593,8.17
USR_14064,Gold,High-Yield Savings,9,4,3952.4599999999996,1,3,3,Lost / Inactive,2,37,0,0.002066054946874593,8.17
USR_14541,Standard,Crypto,33,12,3951.6800000000007,2,2,3,Lost / Inactive,2,23,0,0.002066054946874593,8.16
USR_10910,Gold,Crypto,145,12,3951.24,3,2,3,Lost / Inactive,1,12,1,0.9954846203561771,3933.4
USR_14933,Standard,High-Yield Savings,36,9,3949.45,2,3,3,Lost / Inactive,1,14,0,0.002066054946874593,8.16
USR_10322,Standard,Equities,18,10,3949.15,1,3,3,Lost / Inactive,2,44,0,0.002066054946874593,8.16
USR_12248,Standard,Robo-Advisory,47,14,3948.3199999999997,2,1,3,Lost / Inactive,1,30,0,0.002066054946874593,8.16
USR_13069,Gold,High-Yield Savings,3,14,3946.5799999999995,1,1,3,Lost / Inactive,0,3,1,0.9954846203561771,3928.76
USR_13056,VIP Wealth,Equities,62,13,3943.3399999999992,2,2,3,Lost / Inactive,1,20,0,0.002066054946874593,8.15
USR_11337,Gold,Crypto,23,11,3940.6800000000003,1,2,3,Lost / Inactive,1,39,0,0.002066054946874593,8.14
USR_11563,Gold,Equities,17,11,3940.3399999999997,1,2,3,Lost / Inactive,0,2,1,0.9954846203561771,3922.55
USR_13944,Gold,High-Yield Savings,5,10,3939.4999999999995,1,3,3,Lost / Inactive,1,29,0,0.002066054946874593,8.14
USR_12400,Gold,Robo-Advisory,83,11,3939.16,3,2,3,Lost / Inactive,1,32,0,0.002066054946874593,8.14
USR_13325,Standard,Equities,12,12,3938.52,1,2,3,Lost / Inactive,1,11,0,0.002066054946874593,8.14
USR_10581,Standard,Crypto,80,5,3937.76,3,3,3,Lost / Inactive,0,5,0,0.002066054946874593,8.14
USR_11074,Standard,Crypto,14,17,3936.7599999999998,1,1,3,Lost / Inactive,0,6,0,0.002066054946874593,8.13
USR_13087,VIP Wealth,Equities,33,9,3936.37,2,3,3,Lost / Inactive,2,34,0,0.002066054946874593,8.13
USR_13177,Standard,High-Yield Savings,195,9,3934.95,3,3,3,Lost / Inactive,1,34,1,0.9954846203561771,3917.18
USR_11196,Standard,Crypto,90,7,3933.75,3,3,3,Lost / Inactive,0,19,0,0.002066054946874593,8.13
USR_14698,Standard,Equities,32,8,3932.9300000000003,2,3,3,Lost / Inactive,0,37,0,0.002066054946874593,8.13
USR_13748,Gold,High-Yield Savings,176,9,3931.4100000000003,3,3,3,Lost / Inactive,1,27,1,0.9954846203561771,3913.66
USR_14835,Standard,Crypto,25,13,3931.14,1,2,3,Lost / Inactive,1,7,0,0.002066054946874593,8.12
USR_10712,Standard,Crypto,6,11,3928.7400000000007,1,2,3,Lost / Inactive,1,28,0,0.002066054946874593,8.12
USR_13422,Gold,Equities,105,11,3928.5199999999995,3,2,3,Lost / Inactive,0,34,1,0.9954846203561771,3910.78
USR_13563,Standard,High-Yield Savings,84,10,3927.75,3,3,3,Lost / Inactive,0,24,0,0.002066054946874593,8.11
USR_14900,Standard,High-Yield Savings,19,10,3923.68,1,3,3,Lost / Inactive,0,27,0,0.002066054946874593,8.11
USR_11492,VIP Wealth,Equities,228,11,3919.87,3,2,3,Lost / Inactive,0,35,1,0.9954846203561771,3902.17
USR_11215,Gold,High-Yield Savings,112,10,3918.92,3,2,3,Lost / Inactive,0,33,1,0.9954846203561771,3901.22
USR_10990,Gold,Equities,20,7,3916.03,1,3,3,Lost / Inactive,0,35,0,0.002066054946874593,8.09
USR_14833,Standard,High-Yield Savings,12,13,3915.1399999999994,1,2,3,Lost / Inactive,2,6,0,0.002066054946874593,8.09
USR_14641,Standard,High-Yield Savings,3,10,3913.83,1,3,3,Lost / Inactive,1,38,0,0.002066054946874593,8.09
USR_11481,Standard,Equities,172,9,3913.06,3,3,3,Lost / Inactive,2,16,1,0.9954846203561771,3895.39
USR_14538,Gold,Equities,98,11,3912.7999999999997,3,2,3,Lost / Inactive,2,25,1,0.9954846203561771,3895.13
USR_12294,VIP Wealth,Equities,68,13,3906.1400000000003,3,2,3,Lost / Inactive,1,44,0,0.002066054946874593,8.07
USR_12522,Standard,Equities,17,9,3901.34,1,3,3,Lost / Inactive,1,25,0,0.002066054946874593,8.06
USR_11606,Standard,Robo-Advisory,9,9,3900.64,1,3,3,Lost / Inactive,0,10,0,0.002066054946874593,8.06
USR_13366,Standard,Crypto,179,11,3899.9900000000002,3,2,3,Lost / Inactive,3,31,1,0.9954846203561771,3882.38
USR_10172,Gold,Crypto,25,7,3899.7599999999998,2,3,3,Lost / Inactive,0,16,0,0.002066054946874593,8.06
USR_11153,Gold,High-Yield Savings,78,11,3897.1099999999997,3,2,3,Lost / Inactive,0,41,0,0.002066054946874593,8.05
USR_12191,Standard,Robo-Advisory,44,9,3894.44,2,3,3,Lost / Inactive,0,32,0,0.002066054946874593,8.05
USR_13832,Standard,High-Yield Savings,199,9,3894.1399999999994,3,3,3,Lost / Inactive,2,38,1,0.9954846203561771,3876.56
USR_13400,Gold,Robo-Advisory,55,12,3887.0000000000014,2,2,3,Lost / Inactive,0,7,0,0.002066054946874593,8.03
USR_12169,Standard,Equities,10,17,3886.41,1,1,3,Lost / Inactive,1,11,0,0.002066054946874593,8.03
USR_11318,Gold,Robo-Advisory,73,10,3876.8200000000006,3,3,3,Lost / Inactive,1,1,1,0.9954846203561771,3859.31
USR_10161,Standard,Crypto,16,11,3872.79,1,2,3,Lost / Inactive,2,40,0,0.002066054946874593,8.0
USR_14491,Standard,Robo-Advisory,30,6,3865.2699999999995,2,3,3,Lost / Inactive,1,12,0,0.002066054946874593,7.99
USR_13447,VIP Wealth,High-Yield Savings,111,10,3864.79,3,3,3,Lost / Inactive,0,6,1,0.9954846203561771,3847.34
USR_13246,Gold,Equities,6,10,3861.000000000001,1,3,3,Lost / Inactive,1,41,0,0.002066054946874593,7.98
USR_13010,Standard,Robo-Advisory,10,13,3859.48,1,2,3,Lost / Inactive,2,24,0,0.002066054946874593,7.97
USR_14025,Standard,Robo-Advisory,2,9,3858.14,1,3,3,Lost / Inactive,0,40,0,0.002066054946874593,7.97
USR_12523,Standard,Equities,90,12,3857.3399999999997,3,2,3,Lost / Inactive,1,4,1,0.9954846203561771,3839.92
USR_14251,Standard,High-Yield Savings,43,13,3852.7199999999993,2,2,3,Lost / Inactive,1,29,0,0.002066054946874593,7.96
USR_13920,Gold,Crypto,110,10,3851.8100000000004,3,2,3,Lost / Inactive,0,27,1,0.9954846203561771,3834.42
USR_11792,Standard,Equities,35,7,3851.8099999999995,2,3,3,Lost / Inactive,1,18,0,0.002066054946874593,7.96
USR_12447,Standard,Equities,166,8,3850.9300000000003,3,3,3,Lost / Inactive,0,19,1,0.9954846203561771,3833.54
USR_13319,Standard,Robo-Advisory,140,9,3850.0800000000004,3,3,3,Lost / Inactive,0,34,1,0.9954846203561771,3832.7
USR_13330,Standard,Robo-Advisory,96,7,3849.0699999999997,3,3,3,Lost / Inactive,0,22,1,0.9954846203561771,3831.69
USR_14451,Standard,High-Yield Savings,91,14,3848.8799999999997,3,1,3,Lost / Inactive,0,38,1,0.9954846203561771,3831.5
USR_12287,Standard,Equities,21,10,3847.580000000001,1,3,3,Lost / Inactive,0,34,0,0.002066054946874593,7.95
USR_11837,Standard,High-Yield Savings,106,12,3846.03,3,2,3,Lost / Inactive,0,9,1,0.9954846203561771,3828.66
USR_14864,Gold,Equities,51,9,3843.76,2,3,3,Lost / Inactive,3,28,0,0.002066054946874593,7.94
USR_10311,Standard,Equities,10,10,3843.1699999999996,1,3,3,Lost / Inactive,0,4,1,0.9954846203561771,3825.82
USR_12848,Gold,Crypto,85,10,3841.9900000000002,3,3,3,Lost / Inactive,3,26,0,0.002066054946874593,7.94
USR_12732,VIP Wealth,High-Yield Savings,65,9,3839.8100000000004,2,3,3,Lost / Inactive,1,28,0,0.002066054946874593,7.93
USR_13823,Standard,Crypto,30,7,3838.27,2,3,3,Lost / Inactive,0,8,0,0.002066054946874593,7.93
USR_11866,Standard,Equities,78,7,3837.8900000000003,3,3,3,Lost / Inactive,0,17,0,0.002066054946874593,7.93
USR_11847,Standard,Crypto,128,9,3837.44,3,3,3,Lost / Inactive,1,1,1,0.9954846203561771,3820.11
USR_12467,Standard,Crypto,170,8,3837.169999999999,3,3,3,Lost / Inactive,0,9,1,0.9954846203561771,3819.84
USR_13558,Gold,Crypto,50,10,3835.54,2,3,3,Lost / Inactive,3,26,0,0.002066054946874593,7.92
USR_10965,Gold,Equities,53,7,3832.2699999999995,2,3,3,Lost / Inactive,1,11,0,0.002066054946874593,7.92
USR_12037,Gold,Robo-Advisory,51,12,3831.9900000000002,2,2,3,Lost / Inactive,1,6,0,0.002066054946874593,7.92
USR_10966,Standard,Equities,33,9,3829.8500000000004,2,3,3,Lost / Inactive,2,10,0,0.002066054946874593,7.91
USR_14150,Standard,Equities,341,10,3829.7599999999998,3,2,3,Lost / Inactive,1,4,1,0.9954846203561771,3812.47
USR_10143,Standard,Crypto,128,12,3820.59,3,2,3,Lost / Inactive,2,8,1,0.9954846203561771,3803.34
USR_13923,Standard,Equities,134,11,3817.37,3,2,3,Lost / Inactive,0,31,1,0.9954846203561771,3800.13
USR_10064,Standard,Equities,89,8,3810.22,3,3,3,Lost / Inactive,2,40,0,0.002066054946874593,7.87
USR_10493,Standard,Equities,62,8,3806.3300000000004,2,3,3,Lost / Inactive,1,41,0,0.002066054946874593,7.86
USR_12629,Gold,Equities,91,12,3806.09,3,2,3,Lost / Inactive,0,0,1,0.9954846203561771,3788.9
USR_10839,Standard,Robo-Advisory,58,12,3803.7000000000003,2,2,3,Lost / Inactive,1,15,0,0.002066054946874593,7.86
USR_11853,Standard,Robo-Advisory,310,3,3801.8799999999997,3,3,3,Lost / Inactive,1,9,1,0.9954846203561771,3784.71
USR_14378,Standard,Equities,87,12,3801.7999999999997,3,2,3,Lost / Inactive,0,43,0,0.002066054946874593,7.85
USR_11933,Gold,Crypto,124,7,3801.01,3,3,3,Lost / Inactive,1,27,1,0.9954846203561771,3783.85
USR_11311,Standard,Equities,105,11,3798.55,3,2,3,Lost / Inactive,0,7,1,0.9954846203561771,3781.4
USR_13666,Standard,Crypto,133,10,3798.2699999999995,3,2,3,Lost / Inactive,3,4,1,0.9954846203561771,3781.12
USR_13435,Standard,High-Yield Savings,75,7,3797.26,3,3,3,Lost / Inactive,0,10,0,0.002066054946874593,7.85
USR_11507,Gold,Crypto,104,9,3796.75,3,3,3,Lost / Inactive,1,38,1,0.9954846203561771,3779.61
USR_13395,Standard,High-Yield Savings,6,10,3795.8500000000004,1,3,3,Lost / Inactive,0,32,0,0.002066054946874593,7.84
USR_13588,VIP Wealth,High-Yield Savings,7,13,3793.56,1,2,3,Lost / Inactive,0,1,1,0.9954846203561771,3776.43
USR_14175,VIP Wealth,Robo-Advisory,5,8,3787.6599999999994,1,3,3,Lost / Inactive,1,37,0,0.002066054946874593,7.83
USR_11126,Standard,Equities,39,11,3784.83,2,2,3,Lost / Inactive,0,27,0,0.002066054946874593,7.82
USR_14603,Gold,Robo-Advisory,19,14,3781.8399999999997,1,1,3,Lost / Inactive,0,32,0,0.002066054946874593,7.81
USR_14078,Standard,Robo-Advisory,15,13,3779.59,1,2,3,Lost / Inactive,0,14,0,0.002066054946874593,7.81
USR_10198,Standard,Crypto,16,14,3776.5400000000004,1,1,3,Lost / Inactive,1,40,0,0.002066054946874593,7.8
USR_13936,Standard,Equities,63,14,3776.1,2,1,3,Lost / Inactive,1,32,0,0.002066054946874593,7.8
USR_12353,Gold,High-Yield Savings,9,13,3771.33,1,2,3,Lost / Inactive,0,12,0,0.002066054946874593,7.79
USR_14404,Standard,Equities,33,9,3765.1,2,3,3,Lost / Inactive,2,22,0,0.002066054946874593,7.78
USR_10602,Gold,High-Yield Savings,4,9,3762.93,1,3,3,Lost / Inactive,1,21,0,0.002066054946874593,7.77
USR_12174,Gold,Equities,8,6,3762.1,1,3,3,Lost / Inactive,0,5,0,0.002066054946874593,7.77
USR_12501,Gold,Equities,160,7,3760.7700000000004,3,3,3,Lost / Inactive,2,31,1,0.9954846203561771,3743.79
USR_14894,VIP Wealth,Robo-Advisory,53,8,3759.1,2,3,3,Lost / Inactive,2,43,0,0.002066054946874593,7.77
USR_12249,Standard,High-Yield Savings,2,11,3757.6499999999996,1,2,3,Lost / Inactive,3,24,0,0.002066054946874593,7.76
USR_12707,Standard,Equities,217,7,3757.35,3,3,3,Lost / Inactive,0,31,1,0.9954846203561771,3740.38
USR_10201,Gold,High-Yield Savings,94,7,3755.36,3,3,3,Lost / Inactive,1,5,1,0.9954846203561771,3738.4
USR_11053,Standard,Equities,129,9,3752.06,3,3,3,Lost / Inactive,0,32,1,0.9954846203561771,3735.12
USR_12889,Standard,Crypto,56,9,3752.05,2,3,3,Lost / Inactive,1,32,0,0.002066054946874593,7.75
USR_13025,Standard,Robo-Advisory,6,8,3751.2400000000002,1,3,3,Lost / Inactive,1,30,0,0.002066054946874593,7.75
USR_11376,Standard,Equities,12,8,3748.5300000000007,1,3,3,Lost / Inactive,1,17,0,0.002066054946874593,7.74
USR_11258,Gold,Crypto,149,9,3741.52,3,3,3,Lost / Inactive,0,29,1,0.9954846203561771,3724.63
USR_13707,Standard,High-Yield Savings,50,11,3737.07,2,2,3,Lost / Inactive,0,27,0,0.002066054946874593,7.72
USR_11782,Standard,High-Yield Savings,45,11,3736.5400000000004,2,2,3,Lost / Inactive,0,7,0,0.002066054946874593,7.72
USR_13464,Standard,High-Yield Savings,21,16,3734.23,1,1,3,Lost / Inactive,0,23,0,0.002066054946874593,7.72
USR_10708,Standard,High-Yield Savings,118,5,3733.3700000000003,3,3,3,Lost / Inactive,0,13,1,0.9954846203561771,3716.51
USR_11516,Standard,Equities,28,10,3729.13,2,3,3,Lost / Inactive,1,26,0,0.002066054946874593,7.7
USR_10347,Standard,High-Yield Savings,1,6,3727.2799999999997,1,3,3,Lost / Inactive,0,35,0,0.002066054946874593,7.7
USR_11903,Gold,Robo-Advisory,28,9,3725.5700000000006,2,3,3,Lost / Inactive,1,3,1,0.9954846203561771,3708.75
USR_10400,Standard,Robo-Advisory,121,8,3718.33,3,3,3,Lost / Inactive,0,20,1,0.9954846203561771,3701.54
USR_13112,Standard,Equities,15,10,3710.3199999999997,1,3,3,Lost / Inactive,0,2,1,0.9954846203561771,3693.57
USR_12651,Standard,Equities,131,6,3707.92,3,3,3,Lost / Inactive,0,40,1,0.9954846203561771,3691.18
USR_13205,Standard,High-Yield Savings,276,7,3707.61,3,3,3,Lost / Inactive,1,1,1,0.9954846203561771,3690.87
USR_13210,Gold,High-Yield Savings,76,9,3707.19,3,3,3,Lost / Inactive,0,30,0,0.002066054946874593,7.66
USR_13425,Standard,Crypto,20,8,3704.24,1,3,3,Lost / Inactive,0,41,0,0.002066054946874593,7.65
USR_11869,Standard,High-Yield Savings,70,9,3703.97,3,3,3,Lost / Inactive,1,8,0,0.002066054946874593,7.65
USR_10126,VIP Wealth,Robo-Advisory,115,10,3703.2400000000007,3,2,3,Lost / Inactive,0,21,1,0.9954846203561771,3686.52
USR_14300,Gold,Crypto,33,11,3700.269999999999,2,2,3,Lost / Inactive,0,1,1,0.9954846203561771,3683.56
USR_10572,Standard,Crypto,22,5,3700.1600000000003,1,3,3,Lost / Inactive,0,32,0,0.002066054946874593,7.64
USR_10063,Gold,High-Yield Savings,17,9,3699.4300000000003,1,3,3,Lost / Inactive,2,14,0,0.002066054946874593,7.64
USR_10462,Standard,Equities,43,9,3698.0299999999997,2,3,3,Lost / Inactive,1,5,0,0.002066054946874593,7.64
USR_12664,Gold,High-Yield Savings,124,7,3696.4,3,3,3,Lost / Inactive,2,22,1,0.9954846203561771,3679.71
USR_13064,Standard,Equities,5,9,3694.7500000000005,1,3,3,Lost / Inactive,0,37,0,0.002066054946874593,7.63
USR_10418,Gold,Equities,45,11,3694.7299999999996,2,2,3,Lost / Inactive,1,38,0,0.002066054946874593,7.63
USR_13599,Standard,Robo-Advisory,94,9,3694.71,3,3,3,Lost / Inactive,0,42,1,0.9954846203561771,3678.03
USR_13448,Gold,Equities,98,11,3694.21,3,2,3,Lost / Inactive,2,2,1,0.9954846203561771,3677.53
USR_13554,Standard,Equities,52,10,3693.63,2,3,3,Lost / Inactive,0,13,0,0.002066054946874593,7.63
USR_14083,Standard,Robo-Advisory,101,7,3693.34,3,3,3,Lost / Inactive,1,20,1,0.9954846203561771,3676.66
USR_10865,Gold,Crypto,77,10,3692.77,3,3,3,Lost / Inactive,2,44,0,0.002066054946874593,7.63
USR_12700,Standard,Robo-Advisory,5,17,3691.1800000000003,1,1,3,Lost / Inactive,1,42,0,0.002066054946874593,7.63
USR_13275,Standard,Equities,77,9,3690.07,3,3,3,Lost / Inactive,1,12,0,0.002066054946874593,7.62
USR_11471,Standard,Crypto,5,15,3687.3199999999993,1,1,3,Lost / Inactive,2,35,0,0.002066054946874593,7.62
USR_11657,VIP Wealth,High-Yield Savings,84,7,3687.31,3,3,3,Lost / Inactive,0,29,0,0.002066054946874593,7.62
USR_12860,Standard,High-Yield Savings,2,16,3685.8099999999995,1,1,3,Lost / Inactive,2,37,0,0.002066054946874593,7.62
USR_12608,Gold,Robo-Advisory,30,7,3685.45,2,3,3,Lost / Inactive,0,19,0,0.002066054946874593,7.61
USR_11346,Standard,Robo-Advisory,29,11,3683.86,2,2,3,Lost / Inactive,0,33,0,0.002066054946874593,7.61
USR_12096,Standard,High-Yield Savings,279,14,3683.7299999999996,3,1,3,Lost / Inactive,2,33,1,0.9954846203561771,3667.1
USR_13518,VIP Wealth,High-Yield Savings,12,12,3682.9700000000003,1,2,3,Lost / Inactive,1,10,0,0.002066054946874593,7.61
USR_13826,Gold,Robo-Advisory,82,10,3681.86,3,3,3,Lost / Inactive,0,12,0,0.002066054946874593,7.61
USR_12885,VIP Wealth,Crypto,127,10,3681.7099999999996,3,2,3,Lost / Inactive,0,35,1,0.9954846203561771,3665.09
USR_10769,Standard,High-Yield Savings,8,13,3681.6400000000003,1,2,3,Lost / Inactive,2,18,0,0.002066054946874593,7.61
USR_13484,Gold,Crypto,65,8,3680.7400000000002,2,3,3,Lost / Inactive,1,3,1,0.9954846203561771,3664.12
USR_11411,Standard,Crypto,114,9,3677.8799999999997,3,3,3,Lost / Inactive,0,5,1,0.9954846203561771,3661.27
USR_14020,Gold,Equities,40,11,3673.4499999999994,2,2,3,Lost / Inactive,0,24,0,0.002066054946874593,7.59
USR_11786,Standard,Crypto,195,11,3672.55,3,2,3,Lost / Inactive,0,9,1,0.9954846203561771,3655.97
USR_13539,Standard,Equities,5,9,3670.73,1,3,3,Lost / Inactive,0,36,0,0.002066054946874593,7.58
USR_12777,Standard,Crypto,15,7,3669.8,1,3,3,Lost / Inactive,1,38,0,0.002066054946874593,7.58
USR_10056,Standard,Crypto,56,6,3666.72,2,3,3,Lost / Inactive,2,8,0,0.002066054946874593,7.58
USR_11270,VIP Wealth,Robo-Advisory,79,10,3666.2300000000005,3,3,3,Lost / Inactive,0,32,0,0.002066054946874593,7.57
USR_11015,Standard,Robo-Advisory,49,13,3662.81,2,2,3,Lost / Inactive,2,36,0,0.002066054946874593,7.57
USR_13297,VIP Wealth,Crypto,35,12,3659.9800000000005,2,2,3,Lost / Inactive,1,14,0,0.002066054946874593,7.56
USR_11968,Gold,Crypto,58,12,3658.56,2,2,3,Lost / Inactive,3,39,0,0.002066054946874593,7.56
USR_14162,Gold,Crypto,30,7,3656.3200000000006,2,3,3,Lost / Inactive,1,15,0,0.002066054946874593,7.55
USR_14847,Standard,Crypto,129,7,3654.9300000000003,3,3,3,Lost / Inactive,0,41,1,0.9954846203561771,3638.43
USR_13579,Standard,Crypto,41,8,3653.8000000000006,2,3,3,Lost / Inactive,0,41,0,0.002066054946874593,7.55
USR_14010,Gold,Crypto,18,12,3652.0399999999995,1,2,3,Lost / Inactive,0,13,0,0.002066054946874593,7.55
USR_14985,Gold,Crypto,67,11,3649.11,3,2,3,Lost / Inactive,0,32,0,0.002066054946874593,7.54
USR_12381,Standard,High-Yield Savings,54,10,3646.36,2,3,3,Lost / Inactive,1,33,0,0.002066054946874593,7.53
USR_10547,Standard,Robo-Advisory,64,9,3643.2300000000005,2,3,3,Lost / Inactive,1,35,0,0.002066054946874593,7.53
USR_14441,VIP Wealth,Equities,41,10,3642.6400000000003,2,3,3,Lost / Inactive,0,23,0,0.002066054946874593,7.53
USR_12216,Standard,Crypto,86,7,3642.3999999999996,3,3,3,Lost / Inactive,1,35,0,0.002066054946874593,7.53
USR_12468,Gold,High-Yield Savings,86,12,3642.2400000000002,3,2,3,Lost / Inactive,0,9,0,0.002066054946874593,7.53
USR_13182,Standard,Equities,147,5,3641.9000000000005,3,3,3,Lost / Inactive,1,39,1,0.9954846203561771,3625.46
USR_12630,Standard,Crypto,8,9,3639.89,1,3,3,Lost / Inactive,0,30,0,0.002066054946874593,7.52
USR_12063,Gold,Equities,156,8,3637.15,3,3,3,Lost / Inactive,2,3,1,0.9954846203561771,3620.73
USR_11672,Standard,High-Yield Savings,106,8,3635.46,3,3,3,Lost / Inactive,0,3,1,0.9954846203561771,3619.04
USR_11491,Standard,Robo-Advisory,3,9,3632.8199999999997,1,3,3,Lost / Inactive,0,26,0,0.002066054946874593,7.51
USR_13839,Standard,Equities,27,10,3632.36,2,3,3,Lost / Inactive,2,8,0,0.002066054946874593,7.5
USR_13045,Standard,Equities,33,16,3631.09,2,1,3,Lost / Inactive,1,41,0,0.002066054946874593,7.5
USR_14197,Gold,Robo-Advisory,8,14,3624.2999999999997,1,1,3,Lost / Inactive,0,6,0,0.002066054946874593,7.49
USR_13895,Standard,Equities,40,15,3620.78,2,1,3,Lost / Inactive,0,24,0,0.002066054946874593,7.48
USR_11948,Standard,Crypto,7,10,3620.5099999999993,1,3,3,Lost / Inactive,1,26,0,0.002066054946874593,7.48
USR_12976,VIP Wealth,High-Yield Savings,36,10,3618.3400000000006,2,3,3,Lost / Inactive,0,1,1,0.9954846203561771,3602.0
USR_12726,Standard,High-Yield Savings,2,11,3615.71,1,2,3,Lost / Inactive,1,12,0,0.002066054946874593,7.47
USR_10133,Gold,Robo-Advisory,3,9,3615.67,1,3,3,Lost / Inactive,0,21,0,0.002066054946874593,7.47
USR_12278,Gold,Robo-Advisory,190,6,3615.56,3,3,3,Lost / Inactive,0,26,1,0.9954846203561771,3599.23
USR_14903,Gold,Equities,145,10,3614.95,3,3,3,Lost / Inactive,1,42,1,0.9954846203561771,3598.63
USR_10500,Standard,Equities,21,10,3613.92,1,3,3,Lost / Inactive,1,39,0,0.002066054946874593,7.47
USR_13952,Gold,Equities,109,7,3612.34,3,3,3,Lost / Inactive,0,39,1,0.9954846203561771,3596.03
USR_13725,Gold,Equities,22,9,3607.8999999999996,1,3,3,Lost / Inactive,2,4,1,0.9954846203561771,3591.61
USR_11349,Gold,Equities,228,10,3607.59,3,3,3,Lost / Inactive,1,14,1,0.9954846203561771,3591.3
USR_11900,Standard,Robo-Advisory,123,7,3606.1799999999994,3,3,3,Lost / Inactive,2,9,1,0.9954846203561771,3589.9
USR_10372,Standard,Equities,52,8,3602.11,2,3,3,Lost / Inactive,0,22,0,0.002066054946874593,7.44
USR_14227,Gold,Equities,4,13,3601.26,1,2,3,Lost / Inactive,2,14,0,0.002066054946874593,7.44
USR_10262,Standard,Crypto,244,8,3600.42,3,3,3,Lost / Inactive,0,15,1,0.9954846203561771,3584.16
USR_13957,Gold,Robo-Advisory,33,10,3598.96,2,3,3,Lost / Inactive,0,8,0,0.002066054946874593,7.44
USR_13708,Standard,Equities,22,8,3598.5600000000004,1,3,3,Lost / Inactive,0,39,0,0.002066054946874593,7.43
USR_12106,Standard,Crypto,3,7,3597.76,1,3,3,Lost / Inactive,1,36,0,0.002066054946874593,7.43
USR_12938,Standard,Crypto,43,7,3597.58,2,3,3,Lost / Inactive,0,8,0,0.002066054946874593,7.43
USR_10009,Gold,High-Yield Savings,61,9,3595.33,2,3,3,Lost / Inactive,0,21,0,0.002066054946874593,7.43
USR_14664,Standard,Equities,125,13,3592.57,3,1,3,Lost / Inactive,0,28,1,0.9954846203561771,3576.35
USR_13905,Standard,Robo-Advisory,86,11,3591.27,3,2,3,Lost / Inactive,2,10,0,0.002066054946874593,7.42
USR_12527,Standard,Crypto,22,10,3590.63,1,3,3,Lost / Inactive,1,39,0,0.002066054946874593,7.42
USR_12391,Standard,High-Yield Savings,43,6,3584.68,2,3,3,Lost / Inactive,0,20,0,0.002066054946874593,7.41
USR_13953,Standard,Equities,245,10,3584.5800000000004,3,2,3,Lost / Inactive,0,34,1,0.9954846203561771,3568.39
USR_12868,Standard,Equities,26,11,3583.83,2,2,3,Lost / Inactive,0,31,0,0.002066054946874593,7.4
USR_11524,Standard,Crypto,28,11,3579.3499999999995,2,2,3,Lost / Inactive,0,5,0,0.002066054946874593,7.4
USR_11842,Standard,Equities,423,5,3578.7700000000004,3,3,3,Lost / Inactive,1,34,1,0.9954846203561771,3562.61
USR_14542,Standard,High-Yield Savings,2,9,3578.0799999999995,1,3,3,Lost / Inactive,0,39,0,0.002066054946874593,7.39
USR_13932,Standard,Equities,48,9,3575.5200000000004,2,3,3,Lost / Inactive,0,33,0,0.002066054946874593,7.39
USR_10700,Gold,High-Yield Savings,37,12,3574.15,2,2,3,Lost / Inactive,0,1,1,0.9954846203561771,3558.01
USR_11602,Standard,Equities,39,7,3573.2000000000003,2,3,3,Lost / Inactive,1,14,0,0.002066054946874593,7.38
USR_12139,Standard,Equities,32,13,3572.29,2,2,3,Lost / Inactive,0,41,0,0.002066054946874593,7.38
USR_10061,Gold,Crypto,36,15,3571.6400000000003,2,1,3,Lost / Inactive,0,24,0,0.002066054946874593,7.38
USR_14973,Standard,Equities,4,11,3567.0200000000004,1,2,3,Lost / Inactive,1,31,0,0.002066054946874593,7.37
USR_14788,Gold,Robo-Advisory,45,9,3565.71,2,3,3,Lost / Inactive,0,7,0,0.002066054946874593,7.37
USR_12534,VIP Wealth,Crypto,52,13,3565.15,2,2,3,Lost / Inactive,0,12,0,0.002066054946874593,7.37
USR_13313,Standard,High-Yield Savings,74,6,3563.59,3,3,3,Lost / Inactive,3,9,0,0.002066054946874593,7.36
USR_12331,Standard,Robo-Advisory,58,12,3563.39,2,2,3,Lost / Inactive,1,23,0,0.002066054946874593,7.36
USR_13637,VIP Wealth,Robo-Advisory,128,8,3561.58,3,3,3,Lost / Inactive,1,8,1,0.9954846203561771,3545.5
USR_12649,Standard,High-Yield Savings,190,8,3560.1400000000003,3,3,3,Lost / Inactive,0,15,1,0.9954846203561771,3544.06
USR_12105,Standard,Equities,57,15,3558.5400000000004,2,1,3,Lost / Inactive,0,23,0,0.002066054946874593,7.35
USR_14238,Gold,High-Yield Savings,59,11,3558.12,2,2,3,Lost / Inactive,0,24,0,0.002066054946874593,7.35
USR_14509,Standard,High-Yield Savings,160,13,3557.8799999999997,3,1,3,Lost / Inactive,0,15,1,0.9954846203561771,3541.81
USR_12040,Standard,Robo-Advisory,6,11,3557.74,1,2,3,Lost / Inactive,1,20,0,0.002066054946874593,7.35
USR_10863,Standard,Robo-Advisory,21,10,3554.6699999999996,1,3,3,Lost / Inactive,1,37,0,0.002066054946874593,7.34
USR_10472,VIP Wealth,Equities,155,14,3553.870000000001,3,1,3,Lost / Inactive,1,13,1,0.9954846203561771,3537.82
USR_11660,Standard,Crypto,166,11,3551.48,3,2,3,Lost / Inactive,0,19,1,0.9954846203561771,3535.44
USR_12175,Gold,Robo-Advisory,88,8,3550.4399999999996,3,3,3,Lost / Inactive,1,20,0,0.002066054946874593,7.34
USR_12069,Standard,High-Yield Savings,45,14,3549.7,2,1,3,Lost / Inactive,0,1,1,0.9954846203561771,3533.67
USR_11001,Standard,Robo-Advisory,147,10,3549.32,3,3,3,Lost / Inactive,0,41,1,0.9954846203561771,3533.29
USR_11723,Standard,Equities,124,6,3548.06,3,3,3,Lost / Inactive,2,36,1,0.9954846203561771,3532.04
USR_12380,Standard,High-Yield Savings,18,12,3545.5699999999997,1,2,3,Lost / Inactive,0,33,0,0.002066054946874593,7.33
USR_14065,Gold,Crypto,25,12,3544.5800000000004,1,2,3,Lost / Inactive,1,27,0,0.002066054946874593,7.32
USR_13488,Standard,Crypto,108,14,3541.1400000000003,3,1,3,Lost / Inactive,2,28,1,0.9954846203561771,3525.15
USR_12408,Standard,Equities,14,12,3538.67,1,2,3,Lost / Inactive,0,28,0,0.002066054946874593,7.31
USR_12440,Gold,Equities,57,10,3537.82,2,3,3,Lost / Inactive,0,25,0,0.002066054946874593,7.31
USR_12932,Standard,Crypto,25,9,3537.6400000000003,2,3,3,Lost / Inactive,0,40,0,0.002066054946874593,7.31
USR_11593,Gold,Equities,8,11,3535.55,1,2,3,Lost / Inactive,1,4,1,0.9954846203561771,3519.59
USR_14737,Standard,Robo-Advisory,52,11,3534.4100000000008,2,2,3,Lost / Inactive,3,24,0,0.002066054946874593,7.3
USR_13545,Standard,Crypto,105,12,3534.1,3,2,3,Lost / Inactive,0,26,1,0.9954846203561771,3518.14
USR_13273,Standard,Equities,438,7,3533.49,3,3,3,Lost / Inactive,1,1,1,0.9954846203561771,3517.53
USR_14235,VIP Wealth,Crypto,71,11,3530.7500000000005,3,2,3,Lost / Inactive,1,10,0,0.002066054946874593,7.29
USR_13495,Gold,Crypto,35,9,3530.2700000000004,2,3,3,Lost / Inactive,1,26,0,0.002066054946874593,7.29
USR_13562,Gold,Crypto,117,13,3529.1299999999997,3,1,3,Lost / Inactive,3,2,1,0.9954846203561771,3513.19
USR_11218,Standard,Crypto,8,9,3527.9900000000002,1,3,3,Lost / Inactive,0,27,0,0.002066054946874593,7.29
USR_12319,Gold,High-Yield Savings,8,8,3527.9399999999996,1,3,3,Lost / Inactive,0,11,0,0.002066054946874593,7.29
USR_13095,Standard,Crypto,116,5,3525.1099999999997,3,3,3,Lost / Inactive,0,38,1,0.9954846203561771,3509.19
USR_11257,Standard,Equities,92,9,3523.58,3,3,3,Lost / Inactive,1,7,1,0.9954846203561771,3507.67
USR_14861,Gold,High-Yield Savings,38,7,3522.69,2,3,3,Lost / Inactive,1,27,0,0.002066054946874593,7.28
USR_13501,Standard,Equities,30,10,3519.7700000000004,2,3,3,Lost / Inactive,1,17,0,0.002066054946874593,7.27
USR_11137,Standard,Robo-Advisory,125,6,3519.07,3,3,3,Lost / Inactive,2,30,1,0.9954846203561771,3503.18
USR_11370,Standard,Equities,58,7,3517.2000000000003,2,3,3,Lost / Inactive,2,34,0,0.002066054946874593,7.27
USR_12087,Standard,Equities,1,13,3516.6200000000003,1,2,3,Lost / Inactive,2,44,0,0.002066054946874593,7.27
USR_13557,Gold,High-Yield Savings,100,10,3516.44,3,3,3,Lost / Inactive,0,31,1,0.9954846203561771,3500.56
USR_11154,Standard,Robo-Advisory,47,8,3512.87,2,3,3,Lost / Inactive,1,32,0,0.002066054946874593,7.26
USR_12643,Standard,Equities,142,6,3512.15,3,3,3,Lost / Inactive,0,30,1,0.9954846203561771,3496.29
USR_11207,Standard,Robo-Advisory,28,10,3509.5,2,3,3,Lost / Inactive,3,30,0,0.002066054946874593,7.25
USR_14016,Gold,High-Yield Savings,15,12,3509.43,1,2,3,Lost / Inactive,3,31,0,0.002066054946874593,7.25
USR_10139,Gold,Equities,5,9,3504.08,1,3,3,Lost / Inactive,0,38,0,0.002066054946874593,7.24
USR_11027,Standard,High-Yield Savings,3,9,3502.97,1,3,3,Lost / Inactive,1,12,0,0.002066054946874593,7.24
USR_12395,Standard,High-Yield Savings,87,7,3502.4800000000005,3,3,3,Lost / Inactive,1,27,0,0.002066054946874593,7.24
USR_10876,Standard,Robo-Advisory,2,8,3502.35,1,3,3,Lost / Inactive,0,16,0,0.002066054946874593,7.24
USR_14240,Standard,Equities,1,10,3502.1600000000003,1,3,3,Lost / Inactive,2,21,0,0.002066054946874593,7.24
USR_14199,Standard,Equities,60,7,3501.84,2,3,3,Lost / Inactive,0,15,0,0.002066054946874593,7.23
USR_12874,Gold,Equities,41,7,3500.73,2,3,3,Lost / Inactive,0,40,0,0.002066054946874593,7.23
USR_10514,Standard,Equities,140,13,3496.3599999999997,3,1,3,Lost / Inactive,1,44,1,0.9954846203561771,3480.57
USR_14304,Standard,High-Yield Savings,159,8,3491.39,3,3,3,Lost / Inactive,0,4,1,0.9954846203561771,3475.63
USR_12706,VIP Wealth,Crypto,134,8,3490.16,3,3,3,Lost / Inactive,0,36,1,0.9954846203561771,3474.4
USR_10359,Gold,Robo-Advisory,6,13,3488.95,1,2,3,Lost / Inactive,3,42,0,0.002066054946874593,7.21
USR_14792,Gold,High-Yield Savings,56,9,3483.09,2,3,3,Lost / Inactive,2,38,0,0.002066054946874593,7.2
USR_12018,Standard,Crypto,261,6,3482.0000000000005,3,3,3,Lost / Inactive,0,9,1,0.9954846203561771,3466.28
USR_12245,Gold,Crypto,3,9,3481.86,1,3,3,Lost / Inactive,1,3,1,0.9954846203561771,3466.14
USR_12667,Standard,Equities,26,12,3480.86,2,2,3,Lost / Inactive,2,24,0,0.002066054946874593,7.19
USR_14195,Standard,Equities,35,7,3480.47,2,3,3,Lost / Inactive,1,2,1,0.9954846203561771,3464.75
USR_11165,Standard,Crypto,76,4,3479.98,3,3,3,Lost / Inactive,1,33,0,0.002066054946874593,7.19
USR_10927,VIP Wealth,Equities,16,14,3469.73,1,1,3,Lost / Inactive,0,40,0,0.002066054946874593,7.17
USR_11317,Gold,Robo-Advisory,91,10,3469.45,3,3,3,Lost / Inactive,3,2,1,0.9954846203561771,3453.78
USR_10889,Standard,High-Yield Savings,3,10,3468.3,1,3,3,Lost / Inactive,0,42,0,0.002066054946874593,7.17
USR_12012,Standard,Robo-Advisory,3,9,3468.07,1,3,3,Lost / Inactive,1,15,0,0.002066054946874593,7.17
USR_14394,Standard,Robo-Advisory,59,11,3466.2900000000004,2,2,3,Lost / Inactive,3,2,1,0.9954846203561771,3450.64
USR_13835,Standard,Robo-Advisory,113,9,3463.5499999999997,3,3,3,Lost / Inactive,1,4,1,0.9954846203561771,3447.91
USR_13308,Standard,Robo-Advisory,224,7,3462.73,3,3,3,Lost / Inactive,1,37,1,0.9954846203561771,3447.09
USR_11651,Standard,Equities,237,6,3462.73,3,3,3,Lost / Inactive,1,6,1,0.9954846203561771,3447.09
USR_14176,Gold,Crypto,188,10,3461.1000000000004,3,3,3,Lost / Inactive,1,28,1,0.9954846203561771,3445.47
USR_14063,VIP Wealth,Equities,12,11,3460.2699999999995,1,2,3,Lost / Inactive,1,23,0,0.002066054946874593,7.15
USR_12507,Standard,Crypto,47,8,3457.93,2,3,3,Lost / Inactive,3,12,0,0.002066054946874593,7.14
USR_13497,Standard,High-Yield Savings,87,10,3457.52,3,3,3,Lost / Inactive,2,42,0,0.002066054946874593,7.14
USR_11715,Standard,Equities,4,11,3454.16,1,2,3,Lost / Inactive,1,9,0,0.002066054946874593,7.14
USR_14987,Standard,Crypto,100,10,3450.29,3,3,3,Lost / Inactive,0,5,1,0.9954846203561771,3434.71
USR_14208,Standard,High-Yield Savings,2,12,3449.8,1,2,3,Lost / Inactive,2,28,0,0.002066054946874593,7.13
USR_14395,Standard,High-Yield Savings,168,8,3448.29,3,3,3,Lost / Inactive,0,0,1,0.9954846203561771,3432.72
USR_14440,Standard,Equities,19,11,3448.1600000000003,1,2,3,Lost / Inactive,2,9,0,0.002066054946874593,7.12
USR_13779,Standard,Robo-Advisory,74,9,3446.9500000000003,3,3,3,Lost / Inactive,1,3,1,0.9954846203561771,3431.39
USR_14305,Gold,Equities,174,14,3445.53,3,1,3,Lost / Inactive,1,44,1,0.9954846203561771,3429.97
USR_10007,Standard,High-Yield Savings,34,10,3441.9900000000002,2,3,3,Lost / Inactive,4,26,0,0.002066054946874593,7.11
USR_14230,Standard,Equities,94,10,3435.7999999999993,3,3,3,Lost / Inactive,2,13,1,0.9954846203561771,3420.29
USR_13390,Standard,High-Yield Savings,29,6,3433.3399999999997,2,3,3,Lost / Inactive,0,34,0,0.002066054946874593,7.09
USR_12014,Standard,High-Yield Savings,4,10,3432.3300000000004,1,3,3,Lost / Inactive,1,19,0,0.002066054946874593,7.09
USR_11344,Gold,Equities,22,11,3431.69,1,2,3,Lost / Inactive,0,36,0,0.002066054946874593,7.09
USR_14531,Gold,Robo-Advisory,169,10,3430.94,3,2,3,Lost / Inactive,1,38,1,0.9954846203561771,3415.45
USR_12978,VIP Wealth,Equities,104,8,3430.2,3,3,3,Lost / Inactive,0,41,1,0.9954846203561771,3414.71
USR_10164,Standard,Equities,27,11,3421.8800000000006,2,2,3,Lost / Inactive,0,24,0,0.002066054946874593,7.07
USR_13525,Standard,Crypto,29,9,3421.2200000000007,2,3,3,Lost / Inactive,2,40,0,0.002066054946874593,7.07
USR_12396,Standard,Crypto,73,10,3421.21,3,3,3,Lost / Inactive,0,11,0,0.002066054946874593,7.07
USR_10901,Standard,Equities,49,9,3418.46,2,3,3,Lost / Inactive,0,22,0,0.002066054946874593,7.06
USR_13453,Standard,Robo-Advisory,136,8,3418.01,3,3,3,Lost / Inactive,0,12,1,0.9954846203561771,3402.58
USR_11157,Gold,Robo-Advisory,109,10,3415.49,3,2,3,Lost / Inactive,0,40,1,0.9954846203561771,3400.07
USR_11891,Standard,Crypto,126,8,3415.3100000000004,3,3,3,Lost / Inactive,0,33,1,0.9954846203561771,3399.89
USR_13673,Gold,Equities,16,13,3413.79,1,2,3,Lost / Inactive,1,42,0,0.002066054946874593,7.05
USR_12009,Gold,Equities,79,9,3413.7200000000003,3,3,3,Lost / Inactive,0,30,0,0.002066054946874593,7.05
USR_12204,Standard,Equities,26,12,3409.94,2,2,3,Lost / Inactive,1,25,0,0.002066054946874593,7.05
USR_10694,Gold,Crypto,12,9,3407.5399999999995,1,3,3,Lost / Inactive,2,16,0,0.002066054946874593,7.04
USR_11253,VIP Wealth,Crypto,42,9,3402.72,2,3,3,Lost / Inactive,1,16,0,0.002066054946874593,7.03
USR_13322,Gold,High-Yield Savings,162,11,3402.1599999999994,3,2,3,Lost / Inactive,0,20,1,0.9954846203561771,3386.8
USR_13613,VIP Wealth,Equities,39,12,3396.9099999999994,2,2,3,Lost / Inactive,0,24,0,0.002066054946874593,7.02
USR_13263,Standard,Crypto,117,7,3396.3199999999997,3,3,3,Lost / Inactive,0,21,1,0.9954846203561771,3380.98
USR_14207,Standard,Equities,254,12,3395.7800000000007,3,2,3,Lost / Inactive,0,34,1,0.9954846203561771,3380.45
USR_11893,Standard,Crypto,174,4,3394.76,3,3,3,Lost / Inactive,0,11,1,0.9954846203561771,3379.43
USR_13514,Standard,Crypto,15,7,3389.5999999999995,1,3,3,Lost / Inactive,2,5,0,0.002066054946874593,7.0
USR_14393,Gold,Crypto,2,16,3387.539999999999,1,1,3,Lost / Inactive,2,22,0,0.002066054946874593,7.0
USR_11060,Standard,High-Yield Savings,83,7,3385.3799999999997,3,3,3,Lost / Inactive,0,23,0,0.002066054946874593,6.99
USR_14588,Standard,Crypto,193,7,3385.0499999999997,3,3,3,Lost / Inactive,1,19,1,0.9954846203561771,3369.77
USR_12363,Standard,Equities,132,11,3384.6899999999996,3,2,3,Lost / Inactive,0,38,1,0.9954846203561771,3369.41
USR_14898,Standard,High-Yield Savings,3,11,3383.2100000000005,1,2,3,Lost / Inactive,2,22,0,0.002066054946874593,6.99
USR_12322,Gold,Equities,79,9,3382.2300000000005,3,3,3,Lost / Inactive,0,36,0,0.002066054946874593,6.99
USR_10395,Standard,Robo-Advisory,101,10,3381.1099999999997,3,3,3,Lost / Inactive,0,11,1,0.9954846203561771,3365.84
USR_10234,VIP Wealth,Robo-Advisory,10,10,3380.85,1,3,3,Lost / Inactive,2,18,0,0.002066054946874593,6.99
USR_12582,Gold,Equities,29,11,3379.89,2,2,3,Lost / Inactive,2,15,0,0.002066054946874593,6.98
USR_11517,Standard,Equities,38,8,3376.38,2,3,3,Lost / Inactive,1,40,0,0.002066054946874593,6.98
USR_12329,Gold,Equities,102,8,3374.2099999999996,3,3,3,Lost / Inactive,1,29,1,0.9954846203561771,3358.97
USR_14685,Standard,Robo-Advisory,31,7,3373.75,2,3,3,Lost / Inactive,0,12,0,0.002066054946874593,6.97
USR_12005,Standard,High-Yield Savings,72,8,3373.63,3,3,3,Lost / Inactive,0,9,0,0.002066054946874593,6.97
USR_12882,Gold,Equities,29,12,3369.1800000000003,2,2,3,Lost / Inactive,1,14,0,0.002066054946874593,6.96
USR_13350,Gold,Equities,3,11,3362.2999999999997,1,2,3,Lost / Inactive,2,24,0,0.002066054946874593,6.95
USR_11745,Standard,Robo-Advisory,11,6,3360.88,1,3,3,Lost / Inactive,0,35,0,0.002066054946874593,6.94
USR_13559,Standard,Equities,208,6,3360.25,3,3,3,Lost / Inactive,1,3,1,0.9954846203561771,3345.08
USR_13886,VIP Wealth,Robo-Advisory,95,8,3360.1399999999994,3,3,3,Lost / Inactive,0,10,1,0.9954846203561771,3344.97
USR_12002,Standard,Crypto,102,7,3355.96,3,3,3,Lost / Inactive,1,39,1,0.9954846203561771,3340.81
USR_12688,Standard,Equities,40,7,3355.06,2,3,3,Lost / Inactive,0,15,0,0.002066054946874593,6.93
USR_12412,Standard,Robo-Advisory,29,9,3353.9199999999996,2,3,3,Lost / Inactive,0,37,0,0.002066054946874593,6.93
USR_14540,Standard,Robo-Advisory,20,10,3353.7400000000002,1,3,3,Lost / Inactive,1,44,0,0.002066054946874593,6.93
USR_14513,Gold,High-Yield Savings,171,11,3352.53,3,2,3,Lost / Inactive,3,13,1,0.9954846203561771,3337.39
USR_10232,Standard,High-Yield Savings,7,9,3352.4700000000003,1,3,3,Lost / Inactive,1,20,0,0.002066054946874593,6.93
USR_12835,Standard,Equities,32,9,3349.9599999999996,2,3,3,Lost / Inactive,0,32,0,0.002066054946874593,6.92
USR_14028,Standard,Equities,47,10,3343.25,2,3,3,Lost / Inactive,1,17,0,0.002066054946874593,6.91
USR_13598,Standard,Crypto,108,11,3339.8900000000003,3,2,3,Lost / Inactive,1,3,1,0.9954846203561771,3324.81
USR_11956,Standard,High-Yield Savings,89,6,3338.0699999999997,3,3,3,Lost / Inactive,1,14,0,0.002066054946874593,6.9
USR_11528,Standard,Equities,77,9,3337.6000000000004,3,3,3,Lost / Inactive,0,29,0,0.002066054946874593,6.9
USR_11002,Standard,Equities,61,8,3336.97,2,3,3,Lost / Inactive,2,32,0,0.002066054946874593,6.89
USR_14992,Gold,High-Yield Savings,22,9,3335.5800000000004,1,3,3,Lost / Inactive,0,35,0,0.002066054946874593,6.89
USR_12982,Standard,Equities,86,5,3335.02,3,3,3,Lost / Inactive,0,5,0,0.002066054946874593,6.89
USR_13759,Standard,Crypto,47,8,3327.12,2,3,3,Lost / Inactive,0,21,0,0.002066054946874593,6.87
USR_14902,Gold,High-Yield Savings,44,9,3324.7299999999996,2,3,3,Lost / Inactive,0,0,1,0.9954846203561771,3309.72
USR_14787,Standard,High-Yield Savings,10,9,3322.0899999999997,1,3,3,Lost / Inactive,0,39,0,0.002066054946874593,6.86
USR_13194,Gold,Robo-Advisory,46,11,3320.0499999999997,2,2,3,Lost / Inactive,0,21,0,0.002066054946874593,6.86
USR_11554,Gold,High-Yield Savings,40,9,3319.7999999999997,2,3,3,Lost / Inactive,1,31,0,0.002066054946874593,6.86
USR_11894,Gold,Robo-Advisory,148,13,3318.5099999999998,3,1,3,Lost / Inactive,1,5,1,0.9954846203561771,3303.53
USR_14604,Standard,Crypto,163,9,3317.7300000000005,3,3,3,Lost / Inactive,2,18,1,0.9954846203561771,3302.75
USR_13804,Gold,Robo-Advisory,103,7,3316.28,3,3,3,Lost / Inactive,0,18,1,0.9954846203561771,3301.31
USR_14262,Standard,Robo-Advisory,18,13,3315.8,1,2,3,Lost / Inactive,1,13,0,0.002066054946874593,6.85
USR_14522,Standard,Equities,100,5,3312.84,3,3,3,Lost / Inactive,0,23,1,0.9954846203561771,3297.88
USR_10176,Standard,High-Yield Savings,19,9,3312.45,1,3,3,Lost / Inactive,2,9,0,0.002066054946874593,6.84
USR_10373,Gold,High-Yield Savings,2,10,3311.62,1,3,3,Lost / Inactive,1,38,0,0.002066054946874593,6.84
USR_14596,Standard,High-Yield Savings,57,12,3309.0699999999997,2,2,3,Lost / Inactive,0,5,0,0.002066054946874593,6.84
USR_13508,Standard,Equities,16,9,3307.42,1,3,3,Lost / Inactive,1,2,1,0.9954846203561771,3292.49
USR_11156,Gold,Crypto,262,9,3301.06,3,3,3,Lost / Inactive,1,0,1,0.9954846203561771,3286.15
USR_10920,Standard,Equities,42,11,3298.51,2,2,3,Lost / Inactive,1,42,0,0.002066054946874593,6.81
USR_12761,Gold,Crypto,150,8,3296.6099999999997,3,3,3,Lost / Inactive,1,3,1,0.9954846203561771,3281.72
USR_13376,Standard,Robo-Advisory,58,8,3293.6800000000003,2,3,3,Lost / Inactive,1,2,1,0.9954846203561771,3278.81
USR_11216,Standard,High-Yield Savings,37,10,3293.0200000000004,2,3,3,Lost / Inactive,0,25,0,0.002066054946874593,6.8
USR_13829,Gold,Equities,4,11,3293.0,1,2,3,Lost / Inactive,0,20,0,0.002066054946874593,6.8
USR_14747,Standard,Robo-Advisory,10,16,3288.66,1,1,3,Lost / Inactive,0,20,0,0.002066054946874593,6.79
USR_12496,Standard,High-Yield Savings,12,7,3288.57,1,3,3,Lost / Inactive,1,41,0,0.002066054946874593,6.79
USR_12776,VIP Wealth,Robo-Advisory,106,6,3288.09,3,3,3,Lost / Inactive,0,16,1,0.9954846203561771,3273.24
USR_12102,Standard,Crypto,61,9,3287.8,2,3,3,Lost / Inactive,2,14,0,0.002066054946874593,6.79
USR_12088,VIP Wealth,High-Yield Savings,15,8,3287.7999999999997,1,3,3,Lost / Inactive,0,20,0,0.002066054946874593,6.79
USR_12510,Standard,Crypto,59,10,3286.4799999999996,2,3,3,Lost / Inactive,2,16,0,0.002066054946874593,6.79
USR_14669,Gold,Robo-Advisory,23,9,3285.2299999999996,1,3,3,Lost / Inactive,2,30,0,0.002066054946874593,6.79
USR_12098,Standard,Equities,100,9,3281.59,3,3,3,Lost / Inactive,2,36,1,0.9954846203561771,3266.77
USR_13000,VIP Wealth,High-Yield Savings,199,6,3280.0200000000004,3,3,3,Lost / Inactive,1,18,1,0.9954846203561771,3265.21
USR_12986,Gold,High-Yield Savings,39,11,3277.4700000000003,2,2,3,Lost / Inactive,1,13,0,0.002066054946874593,6.77
USR_12070,Standard,High-Yield Savings,18,12,3274.42,1,2,3,Lost / Inactive,2,14,0,0.002066054946874593,6.77
USR_14379,Standard,Equities,19,13,3271.5000000000005,1,2,3,Lost / Inactive,1,38,0,0.002066054946874593,6.76
USR_13200,Standard,Equities,47,7,3269.0299999999997,2,3,3,Lost / Inactive,1,30,0,0.002066054946874593,6.75
USR_12003,Standard,High-Yield Savings,4,6,3268.46,1,3,3,Lost / Inactive,0,14,0,0.002066054946874593,6.75
USR_13202,Standard,High-Yield Savings,9,7,3268.36,1,3,3,Lost / Inactive,0,1,1,0.9954846203561771,3253.6
USR_11559,Gold,Robo-Advisory,31,10,3265.5699999999997,2,3,3,Lost / Inactive,0,33,0,0.002066054946874593,6.75
USR_10274,Standard,Robo-Advisory,257,7,3264.5200000000004,3,3,3,Lost / Inactive,1,30,1,0.9954846203561771,3249.78
USR_11040,Gold,Robo-Advisory,89,7,3263.7899999999995,3,3,3,Lost / Inactive,2,17,0,0.002066054946874593,6.74
USR_12620,Standard,Robo-Advisory,52,6,3260.3999999999996,2,3,3,Lost / Inactive,1,37,0,0.002066054946874593,6.74
USR_10809,Standard,Equities,21,11,3260.0299999999997,1,2,3,Lost / Inactive,3,31,0,0.002066054946874593,6.74
USR_12203,Standard,Crypto,237,8,3259.3900000000003,3,3,3,Lost / Inactive,0,18,1,0.9954846203561771,3244.67
USR_13452,Gold,Crypto,13,13,3258.5699999999993,1,2,3,Lost / Inactive,0,30,0,0.002066054946874593,6.73
USR_13991,Gold,Robo-Advisory,60,12,3257.2799999999997,2,2,3,Lost / Inactive,1,12,0,0.002066054946874593,6.73
USR_11045,Standard,High-Yield Savings,28,10,3249.3,2,3,3,Lost / Inactive,2,15,0,0.002066054946874593,6.71
USR_14813,Standard,Equities,141,5,3248.9300000000003,3,3,3,Lost / Inactive,0,21,1,0.9954846203561771,3234.26
USR_11365,Gold,Equities,36,12,3247.6200000000003,2,2,3,Lost / Inactive,0,29,0,0.002066054946874593,6.71
USR_14970,Standard,Crypto,68,12,3247.16,3,2,3,Lost / Inactive,0,3,1,0.9954846203561771,3232.5
USR_12712,Standard,Robo-Advisory,244,8,3246.17,3,3,3,Lost / Inactive,0,2,1,0.9954846203561771,3231.51
USR_12540,Standard,High-Yield Savings,260,8,3246.0299999999997,3,3,3,Lost / Inactive,4,8,1,0.9954846203561771,3231.37
USR_13872,Standard,Equities,47,9,3245.97,2,3,3,Lost / Inactive,0,39,0,0.002066054946874593,6.71
USR_12324,Gold,High-Yield Savings,11,11,3245.13,1,2,3,Lost / Inactive,2,18,0,0.002066054946874593,6.7
USR_13020,Gold,Robo-Advisory,149,9,3239.9200000000005,3,3,3,Lost / Inactive,0,39,1,0.9954846203561771,3225.29
USR_10727,Gold,Equities,222,7,3239.08,3,3,3,Lost / Inactive,0,22,1,0.9954846203561771,3224.45
USR_12961,Standard,Equities,60,9,3235.08,2,3,3,Lost / Inactive,0,3,1,0.9954846203561771,3220.47
USR_14810,Standard,Crypto,13,13,3233.91,1,2,3,Lost / Inactive,1,40,0,0.002066054946874593,6.68
USR_10159,Standard,Equities,144,9,3233.87,3,3,3,Lost / Inactive,1,6,1,0.9954846203561771,3219.27
USR_11408,Standard,Crypto,20,10,3233.79,1,3,3,Lost / Inactive,1,18,0,0.002066054946874593,6.68
USR_11549,VIP Wealth,Crypto,10,9,3232.0299999999997,1,3,3,Lost / Inactive,0,10,0,0.002066054946874593,6.68
USR_14365,Standard,Equities,79,9,3231.19,3,3,3,Lost / Inactive,0,11,0,0.002066054946874593,6.68
USR_13057,Gold,High-Yield Savings,129,8,3229.5299999999997,3,3,3,Lost / Inactive,0,7,1,0.9954846203561771,3214.95
USR_13722,Standard,Equities,28,10,3228.6599999999994,2,3,3,Lost / Inactive,3,13,0,0.002066054946874593,6.67
USR_11055,Gold,Robo-Advisory,20,9,3226.8300000000004,1,3,3,Lost / Inactive,0,41,0,0.002066054946874593,6.67
USR_11612,Standard,Crypto,149,9,3219.9700000000003,3,3,3,Lost / Inactive,1,42,1,0.9954846203561771,3205.43
USR_12438,Standard,High-Yield Savings,118,7,3218.8599999999997,3,3,3,Lost / Inactive,1,18,1,0.9954846203561771,3204.33
USR_12972,Standard,Equities,122,7,3218.5200000000004,3,3,3,Lost / Inactive,2,21,1,0.9954846203561771,3203.99
USR_12637,Standard,Crypto,6,8,3216.17,1,3,3,Lost / Inactive,1,17,0,0.002066054946874593,6.64
USR_12135,Gold,Crypto,40,8,3211.2099999999996,2,3,3,Lost / Inactive,0,30,0,0.002066054946874593,6.63
USR_12928,Standard,Crypto,23,13,3209.5200000000004,1,2,3,Lost / Inactive,2,36,0,0.002066054946874593,6.63
USR_13368,VIP Wealth,High-Yield Savings,42,8,3202.8,2,3,3,Lost / Inactive,0,3,1,0.9954846203561771,3188.34
USR_12426,Standard,Equities,99,8,3201.67,3,3,3,Lost / Inactive,0,24,1,0.9954846203561771,3187.21
USR_13415,Standard,Equities,14,7,3196.96,1,3,3,Lost / Inactive,0,15,0,0.002066054946874593,6.61
USR_12877,Gold,Equities,107,9,3195.41,3,3,3,Lost / Inactive,3,31,1,0.9954846203561771,3180.98
USR_14798,Gold,Crypto,23,11,3194.1,1,2,3,Lost / Inactive,1,39,0,0.002066054946874593,6.6
USR_11697,Standard,Crypto,123,9,3192.03,3,3,3,Lost / Inactive,1,24,1,0.9954846203561771,3177.62
USR_14952,Standard,Crypto,91,4,3190.04,3,3,3,Lost / Inactive,0,17,1,0.9954846203561771,3175.64
USR_14916,Gold,Crypto,32,8,3189.4500000000003,2,3,3,Lost / Inactive,1,37,0,0.002066054946874593,6.59
USR_14770,Gold,High-Yield Savings,29,9,3187.2899999999995,2,3,3,Lost / Inactive,1,30,0,0.002066054946874593,6.59
USR_10206,Standard,Crypto,16,9,3187.22,1,3,3,Lost / Inactive,0,25,0,0.002066054946874593,6.58
USR_10044,VIP Wealth,Equities,15,8,3180.6600000000003,1,3,3,Lost / Inactive,0,35,0,0.002066054946874593,6.57
USR_14708,Gold,Equities,96,8,3177.11,3,3,3,Lost / Inactive,1,15,1,0.9954846203561771,3162.76
USR_10688,Standard,High-Yield Savings,218,8,3175.7999999999997,3,3,3,Lost / Inactive,0,43,1,0.9954846203561771,3161.46
USR_11036,Standard,Equities,81,5,3170.4800000000005,3,3,3,Lost / Inactive,2,13,0,0.002066054946874593,6.55
USR_13573,VIP Wealth,Crypto,60,9,3163.98,2,3,3,Lost / Inactive,0,3,1,0.9954846203561771,3149.69
USR_11935,VIP Wealth,Equities,4,6,3162.8199999999997,1,3,3,Lost / Inactive,1,11,0,0.002066054946874593,6.53
USR_10427,Standard,Robo-Advisory,16,7,3159.25,1,3,3,Lost / Inactive,0,13,0,0.002066054946874593,6.53
USR_13094,Gold,High-Yield Savings,53,14,3158.61,2,1,3,Lost / Inactive,2,5,0,0.002066054946874593,6.53
USR_13881,Gold,Crypto,52,9,3157.84,2,3,3,Lost / Inactive,1,15,0,0.002066054946874593,6.52
USR_12757,Standard,Crypto,138,8,3156.7099999999996,3,3,3,Lost / Inactive,2,24,1,0.9954846203561771,3142.46
USR_14696,Gold,High-Yield Savings,37,9,3152.1900000000005,2,3,3,Lost / Inactive,0,13,0,0.002066054946874593,6.51
USR_12029,Standard,Equities,68,9,3150.96,3,3,3,Lost / Inactive,1,26,0,0.002066054946874593,6.51
USR_10649,Standard,Equities,73,10,3149.8,3,3,3,Lost / Inactive,0,12,0,0.002066054946874593,6.51
USR_14157,Standard,Equities,72,5,3149.47,3,3,3,Lost / Inactive,1,27,0,0.002066054946874593,6.51
USR_14878,Standard,Crypto,28,7,3149.0699999999997,2,3,3,Lost / Inactive,0,38,0,0.002066054946874593,6.51
USR_13992,Standard,Equities,82,11,3145.0700000000006,3,2,3,Lost / Inactive,2,20,0,0.002066054946874593,6.5
USR_14198,Standard,Robo-Advisory,188,9,3144.4499999999994,3,3,3,Lost / Inactive,4,17,1,0.9954846203561771,3130.25
USR_10618,Standard,Crypto,38,10,3143.1800000000003,2,3,3,Lost / Inactive,0,27,0,0.002066054946874593,6.49
USR_10964,Standard,Equities,15,11,3142.5699999999997,1,2,3,Lost / Inactive,2,5,0,0.002066054946874593,6.49
USR_11899,VIP Wealth,Equities,256,7,3141.6299999999997,3,3,3,Lost / Inactive,0,4,1,0.9954846203561771,3127.44
USR_12061,Standard,Crypto,74,12,3140.91,3,2,3,Lost / Inactive,1,29,0,0.002066054946874593,6.49
USR_10961,Gold,Crypto,44,15,3140.88,2,1,3,Lost / Inactive,0,13,0,0.002066054946874593,6.49
USR_13233,Gold,Equities,111,9,3140.7,3,3,3,Lost / Inactive,5,38,1,0.9954846203561771,3126.52
USR_11805,Gold,Crypto,148,8,3138.64,3,3,3,Lost / Inactive,1,43,1,0.9954846203561771,3124.47
USR_13830,Standard,Crypto,45,9,3137.4599999999996,2,3,3,Lost / Inactive,2,18,0,0.002066054946874593,6.48
USR_11246,Gold,Equities,17,5,3126.6099999999997,1,3,3,Lost / Inactive,0,8,0,0.002066054946874593,6.46
USR_12101,Gold,High-Yield Savings,10,9,3126.1,1,3,3,Lost / Inactive,0,33,0,0.002066054946874593,6.46
USR_10537,Gold,Crypto,16,14,3121.3199999999997,1,1,3,Lost / Inactive,0,25,0,0.002066054946874593,6.45
USR_10271,Gold,Crypto,23,10,3120.5099999999998,1,3,3,Lost / Inactive,1,44,0,0.002066054946874593,6.45
USR_13862,Standard,High-Yield Savings,17,10,3119.5899999999997,1,3,3,Lost / Inactive,1,16,0,0.002066054946874593,6.45
USR_12142,Standard,Crypto,50,10,3119.2599999999998,2,3,3,Lost / Inactive,0,27,0,0.002066054946874593,6.44
USR_13070,Gold,Equities,103,10,3118.7200000000003,3,2,3,Lost / Inactive,0,2,1,0.9954846203561771,3104.64
USR_11828,Standard,Equities,62,10,3108.34,2,3,3,Lost / Inactive,2,34,0,0.002066054946874593,6.42
USR_13754,Standard,Crypto,43,10,3106.4099999999994,2,3,3,Lost / Inactive,0,27,0,0.002066054946874593,6.42
USR_11566,Gold,Crypto,49,9,3105.0699999999997,2,3,3,Lost / Inactive,1,22,0,0.002066054946874593,6.42
USR_10934,Standard,Robo-Advisory,67,7,3103.74,2,3,3,Lost / Inactive,1,8,0,0.002066054946874593,6.41
USR_14412,Standard,Equities,29,9,3101.55,2,3,3,Lost / Inactive,0,1,1,0.9954846203561771,3087.55
USR_14662,Gold,Equities,46,13,3100.5899999999997,2,2,3,Lost / Inactive,0,44,0,0.002066054946874593,6.41
USR_11003,Standard,Crypto,31,4,3097.02,2,3,3,Lost / Inactive,0,12,0,0.002066054946874593,6.4
USR_14084,Standard,Equities,57,8,3096.2200000000003,2,3,3,Lost / Inactive,2,8,0,0.002066054946874593,6.4
USR_11548,Gold,Robo-Advisory,103,10,3095.3599999999997,3,2,3,Lost / Inactive,0,21,1,0.9954846203561771,3081.38
USR_10799,Gold,Equities,62,6,3094.71,2,3,3,Lost / Inactive,0,25,0,0.002066054946874593,6.39
USR_11994,Gold,Robo-Advisory,97,13,3093.9,3,2,3,Lost / Inactive,1,44,1,0.9954846203561771,3079.93
USR_11395,Standard,Crypto,50,10,3092.04,2,3,3,Lost / Inactive,0,33,0,0.002066054946874593,6.39
USR_13113,VIP Wealth,Crypto,60,9,3091.8300000000004,2,3,3,Lost / Inactive,1,18,0,0.002066054946874593,6.39
USR_14815,Standard,Crypto,12,11,3090.9,1,2,3,Lost / Inactive,1,13,0,0.002066054946874593,6.39
USR_11105,Standard,Equities,86,9,3090.5099999999998,3,3,3,Lost / Inactive,1,36,0,0.002066054946874593,6.39
USR_11292,Standard,High-Yield Savings,2,10,3082.25,1,3,3,Lost / Inactive,1,3,1,0.9954846203561771,3068.33
USR_13717,Standard,Crypto,137,7,3082.21,3,3,3,Lost / Inactive,0,31,1,0.9954846203561771,3068.29
USR_11361,VIP Wealth,Equities,52,11,3080.7499999999995,2,2,3,Lost / Inactive,1,41,0,0.002066054946874593,6.36
USR_11668,Standard,Equities,8,10,3070.2200000000003,1,3,3,Lost / Inactive,1,2,1,0.9954846203561771,3056.36
USR_11205,Standard,High-Yield Savings,133,7,3067.54,3,3,3,Lost / Inactive,0,2,1,0.9954846203561771,3053.69
USR_12277,Standard,Crypto,43,9,3065.26,2,3,3,Lost / Inactive,0,44,0,0.002066054946874593,6.33
USR_14306,Gold,Robo-Advisory,46,5,3062.63,2,3,3,Lost / Inactive,1,1,1,0.9954846203561771,3048.8
USR_11642,VIP Wealth,Equities,83,11,3059.22,3,2,3,Lost / Inactive,1,15,0,0.002066054946874593,6.32
USR_10409,Gold,Equities,67,9,3058.75,3,3,3,Lost / Inactive,0,10,0,0.002066054946874593,6.32
USR_14718,Gold,Crypto,9,8,3057.1499999999996,1,3,3,Lost / Inactive,2,33,0,0.002066054946874593,6.32
USR_10377,Standard,Equities,119,10,3048.1499999999996,3,2,3,Lost / Inactive,0,14,1,0.9954846203561771,3034.39
USR_13607,Standard,Crypto,149,11,3047.6000000000004,3,2,3,Lost / Inactive,0,23,1,0.9954846203561771,3033.84
USR_13354,Standard,Equities,205,8,3047.36,3,3,3,Lost / Inactive,0,35,1,0.9954846203561771,3033.6
USR_10515,Standard,Crypto,8,12,3045.28,1,2,3,Lost / Inactive,2,28,0,0.002066054946874593,6.29
USR_14706,Standard,Crypto,38,8,3034.89,2,3,3,Lost / Inactive,0,18,0,0.002066054946874593,6.27
USR_14789,Gold,Robo-Advisory,38,9,3034.8399999999997,2,3,3,Lost / Inactive,0,34,0,0.002066054946874593,6.27
USR_10962,VIP Wealth,Equities,150,8,3034.6499999999996,3,3,3,Lost / Inactive,1,37,1,0.9954846203561771,3020.95
USR_12335,Standard,Equities,54,7,3033.9900000000002,2,3,3,Lost / Inactive,1,2,1,0.9954846203561771,3020.29
USR_11924,Standard,Crypto,3,9,3027.0199999999995,1,3,3,Lost / Inactive,1,12,0,0.002066054946874593,6.25
USR_13290,Gold,Equities,37,9,3026.69,2,3,3,Lost / Inactive,0,13,0,0.002066054946874593,6.25
USR_12044,VIP Wealth,Crypto,113,7,3026.26,3,3,3,Lost / Inactive,1,30,1,0.9954846203561771,3012.6
USR_12347,VIP Wealth,Robo-Advisory,102,9,3024.0299999999997,3,3,3,Lost / Inactive,1,34,1,0.9954846203561771,3010.38
USR_14280,Standard,Crypto,149,8,3023.79,3,3,3,Lost / Inactive,0,7,1,0.9954846203561771,3010.14
USR_10348,Gold,High-Yield Savings,119,12,3023.79,3,2,3,Lost / Inactive,1,16,1,0.9954846203561771,3010.14
USR_10858,Standard,Crypto,49,10,3020.8300000000004,2,3,3,Lost / Inactive,3,28,0,0.002066054946874593,6.24
USR_11929,Standard,Equities,117,9,3015.43,3,3,3,Lost / Inactive,2,11,1,0.9954846203561771,3001.81
USR_12074,Standard,Robo-Advisory,27,15,3013.2799999999997,2,1,3,Lost / Inactive,0,34,0,0.002066054946874593,6.23
USR_14865,Standard,Equities,32,11,3012.6800000000003,2,2,3,Lost / Inactive,1,14,0,0.002066054946874593,6.22
USR_14049,Standard,Crypto,30,10,3010.0899999999997,2,3,3,Lost / Inactive,2,22,0,0.002066054946874593,6.22
USR_11355,Gold,Equities,32,10,3007.4900000000002,2,3,3,Lost / Inactive,2,33,0,0.002066054946874593,6.21
USR_13211,Standard,Equities,13,11,3006.9900000000002,1,2,3,Lost / Inactive,0,25,0,0.002066054946874593,6.21
USR_13577,Gold,Equities,37,13,2998.67,2,2,3,Lost / Inactive,2,5,0,0.002066054946874593,6.2
USR_14817,Standard,Equities,3,7,2995.49,1,3,3,Lost / Inactive,1,9,0,0.002066054946874593,6.19
USR_12223,Standard,Robo-Advisory,130,9,2993.2200000000003,3,3,3,Lost / Inactive,0,19,1,0.9954846203561771,2979.7
USR_12517,Gold,Crypto,55,9,2991.5200000000004,2,3,3,Lost / Inactive,0,2,1,0.9954846203561771,2978.01
USR_11557,VIP Wealth,High-Yield Savings,21,12,2990.74,1,2,3,Lost / Inactive,0,37,0,0.002066054946874593,6.18
USR_12418,Standard,High-Yield Savings,92,10,2989.8500000000004,3,3,3,Lost / Inactive,1,40,1,0.9954846203561771,2976.35
USR_10697,Standard,Equities,170,12,2987.0099999999998,3,2,3,Lost / Inactive,0,43,1,0.9954846203561771,2973.52
USR_10492,Gold,Equities,146,12,2986.84,3,2,3,Lost / Inactive,3,18,1,0.9954846203561771,2973.35
USR_11833,Standard,Crypto,29,12,2980.4299999999994,2,2,3,Lost / Inactive,0,30,0,0.002066054946874593,6.16
USR_10937,Gold,High-Yield Savings,1,12,2980.209999999999,1,2,3,Lost / Inactive,0,34,0,0.002066054946874593,6.16
USR_14002,Standard,Crypto,8,9,2976.1,1,3,3,Lost / Inactive,0,16,0,0.002066054946874593,6.15
USR_13774,Standard,High-Yield Savings,68,9,2975.1699999999996,3,3,3,Lost / Inactive,0,25,0,0.002066054946874593,6.15
USR_12953,Gold,Crypto,36,11,2974.0,2,2,3,Lost / Inactive,1,27,0,0.002066054946874593,6.14
USR_11363,Standard,Equities,154,6,2967.45,3,3,3,Lost / Inactive,0,10,1,0.9954846203561771,2954.05
USR_12710,Standard,Robo-Advisory,81,6,2961.25,3,3,3,Lost / Inactive,1,34,0,0.002066054946874593,6.12
USR_10163,Standard,Crypto,113,10,2958.5000000000005,3,2,3,Lost / Inactive,2,4,1,0.9954846203561771,2945.14
USR_10717,Gold,Equities,16,11,2958.3199999999997,1,2,3,Lost / Inactive,3,22,0,0.002066054946874593,6.11
USR_11241,Standard,Equities,27,11,2957.31,2,2,3,Lost / Inactive,0,15,0,0.002066054946874593,6.11
USR_11483,Standard,High-Yield Savings,9,9,2949.2500000000005,1,3,3,Lost / Inactive,2,37,0,0.002066054946874593,6.09
USR_11198,Gold,Crypto,20,10,2947.6000000000004,1,3,3,Lost / Inactive,0,25,0,0.002066054946874593,6.09
USR_12547,Standard,High-Yield Savings,446,4,2943.0000000000005,3,3,3,Lost / Inactive,1,22,1,0.9954846203561771,2929.71
USR_13129,Standard,Crypto,39,8,2942.87,2,3,3,Lost / Inactive,1,31,0,0.002066054946874593,6.08
USR_14863,Standard,Crypto,108,7,2941.2200000000003,3,3,3,Lost / Inactive,1,23,1,0.9954846203561771,2927.94
USR_12584,Standard,Robo-Advisory,19,9,2940.03,1,3,3,Lost / Inactive,0,21,0,0.002066054946874593,6.07
USR_12673,Standard,Crypto,102,7,2938.26,3,3,3,Lost / Inactive,3,34,1,0.9954846203561771,2924.99
USR_10821,Standard,High-Yield Savings,5,9,2937.47,1,3,3,Lost / Inactive,0,43,0,0.002066054946874593,6.07
USR_13809,Standard,High-Yield Savings,165,7,2934.89,3,3,3,Lost / Inactive,2,27,1,0.9954846203561771,2921.64
USR_12996,Standard,Robo-Advisory,687,2,2931.84,3,3,3,Lost / Inactive,1,44,1,0.9954846203561771,2918.6
USR_10423,Standard,High-Yield Savings,9,8,2931.18,1,3,3,Lost / Inactive,0,16,0,0.002066054946874593,6.06
USR_14419,Standard,Crypto,12,10,2924.31,1,3,3,Lost / Inactive,1,30,0,0.002066054946874593,6.04
USR_13665,Gold,Equities,120,9,2924.2599999999998,3,3,3,Lost / Inactive,0,41,1,0.9954846203561771,2911.06
USR_10451,Gold,High-Yield Savings,92,8,2922.14,3,3,3,Lost / Inactive,2,19,1,0.9954846203561771,2908.95
USR_13427,Standard,High-Yield Savings,319,5,2921.62,3,3,3,Lost / Inactive,2,1,1,0.9954846203561771,2908.43
USR_10399,Standard,Crypto,13,9,2921.5,1,3,3,Lost / Inactive,1,16,0,0.002066054946874593,6.04
USR_12498,Gold,Crypto,125,7,2918.45,3,3,3,Lost / Inactive,1,32,1,0.9954846203561771,2905.27
USR_14917,Standard,High-Yield Savings,1,11,2918.3,1,2,3,Lost / Inactive,2,22,0,0.002066054946874593,6.03
USR_12836,VIP Wealth,Equities,209,9,2916.1199999999994,3,3,3,Lost / Inactive,1,30,1,0.9954846203561771,2902.95
USR_11303,Standard,Equities,239,7,2915.4500000000003,3,3,3,Lost / Inactive,0,12,1,0.9954846203561771,2902.29
USR_12876,Standard,Equities,96,9,2909.6,3,3,3,Lost / Inactive,1,36,1,0.9954846203561771,2896.46
USR_12790,Standard,Robo-Advisory,9,12,2905.67,1,2,3,Lost / Inactive,0,13,0,0.002066054946874593,6.0
USR_13008,VIP Wealth,High-Yield Savings,10,9,2904.5,1,3,3,Lost / Inactive,1,19,0,0.002066054946874593,6.0
USR_12603,Standard,Crypto,74,10,2901.9599999999996,3,3,3,Lost / Inactive,1,31,0,0.002066054946874593,6.0
USR_12805,Standard,High-Yield Savings,8,7,2900.55,1,3,3,Lost / Inactive,0,35,0,0.002066054946874593,5.99
USR_11082,Standard,High-Yield Savings,95,11,2896.13,3,2,3,Lost / Inactive,1,18,1,0.9954846203561771,2883.05
USR_13610,Gold,Equities,60,8,2895.02,2,3,3,Lost / Inactive,1,41,0,0.002066054946874593,5.98
USR_12904,Gold,Equities,166,5,2891.55,3,3,3,Lost / Inactive,1,2,1,0.9954846203561771,2878.49
USR_13911,Gold,Equities,43,6,2891.29,2,3,3,Lost / Inactive,0,7,0,0.002066054946874593,5.97
USR_10614,Standard,Equities,5,12,2889.98,1,2,3,Lost / Inactive,0,16,0,0.002066054946874593,5.97
USR_10465,Standard,Equities,198,9,2889.3099999999995,3,3,3,Lost / Inactive,0,37,1,0.9954846203561771,2876.26
USR_12264,Standard,High-Yield Savings,45,10,2888.1299999999997,2,3,3,Lost / Inactive,0,40,0,0.002066054946874593,5.97
USR_13081,Gold,Crypto,37,6,2884.38,2,3,3,Lost / Inactive,0,18,0,0.002066054946874593,5.96
USR_10836,Standard,High-Yield Savings,38,8,2879.06,2,3,3,Lost / Inactive,1,21,0,0.002066054946874593,5.95
USR_12913,Gold,Equities,122,6,2877.539999999999,3,3,3,Lost / Inactive,0,21,1,0.9954846203561771,2864.55
USR_10781,Gold,Equities,14,11,2865.3199999999997,1,2,3,Lost / Inactive,1,16,0,0.002066054946874593,5.92
USR_13761,Standard,Equities,10,10,2860.76,1,3,3,Lost / Inactive,1,43,0,0.002066054946874593,5.91
USR_14710,Gold,High-Yield Savings,30,11,2857.14,2,2,3,Lost / Inactive,0,31,0,0.002066054946874593,5.9
USR_13841,Standard,Robo-Advisory,49,9,2855.26,2,3,3,Lost / Inactive,1,9,0,0.002066054946874593,5.9
USR_14239,Standard,Crypto,119,8,2854.79,3,3,3,Lost / Inactive,1,16,1,0.9954846203561771,2841.9
USR_11369,Gold,Equities,50,9,2854.3599999999997,2,3,3,Lost / Inactive,0,12,0,0.002066054946874593,5.9
USR_10967,Standard,Equities,148,7,2853.09,3,3,3,Lost / Inactive,1,38,1,0.9954846203561771,2840.21
USR_13644,Gold,Crypto,20,11,2851.47,1,2,3,Lost / Inactive,0,8,0,0.002066054946874593,5.89
USR_11747,Standard,Equities,63,11,2849.2499999999995,2,2,3,Lost / Inactive,0,22,0,0.002066054946874593,5.89
USR_14969,Gold,Crypto,24,8,2844.02,1,3,3,Lost / Inactive,1,41,0,0.002066054946874593,5.88
USR_11430,Standard,Crypto,67,6,2841.1800000000003,3,3,3,Lost / Inactive,3,22,0,0.002066054946874593,5.87
USR_13172,Standard,Robo-Advisory,94,9,2839.46,3,3,3,Lost / Inactive,1,35,1,0.9954846203561771,2826.64
USR_13652,Standard,High-Yield Savings,88,10,2839.32,3,3,3,Lost / Inactive,2,43,0,0.002066054946874593,5.87
USR_12303,Standard,Equities,6,11,2839.2599999999993,1,2,3,Lost / Inactive,0,32,0,0.002066054946874593,5.87
USR_12411,Gold,Equities,90,9,2837.52,3,3,3,Lost / Inactive,0,5,0,0.002066054946874593,5.86
USR_13888,Standard,High-Yield Savings,117,7,2834.4299999999994,3,3,3,Lost / Inactive,2,25,1,0.9954846203561771,2821.63
USR_12297,Standard,High-Yield Savings,89,11,2830.91,3,2,3,Lost / Inactive,1,37,0,0.002066054946874593,5.85
USR_12841,Standard,Crypto,2,9,2830.2299999999996,1,3,3,Lost / Inactive,0,43,0,0.002066054946874593,5.85
USR_10030,VIP Wealth,Equities,89,7,2827.5699999999997,3,3,3,Lost / Inactive,1,9,0,0.002066054946874593,5.84
USR_14359,Standard,High-Yield Savings,115,10,2827.34,3,2,3,Lost / Inactive,1,14,1,0.9954846203561771,2814.57
USR_10548,Gold,High-Yield Savings,12,8,2825.52,1,3,3,Lost / Inactive,0,10,0,0.002066054946874593,5.84
USR_14443,Standard,High-Yield Savings,133,9,2821.9200000000005,3,3,3,Lost / Inactive,0,38,1,0.9954846203561771,2809.18
USR_10240,Standard,Crypto,211,10,2818.7099999999996,3,3,3,Lost / Inactive,0,0,1,0.9954846203561771,2805.98
USR_11490,Standard,Robo-Advisory,11,12,2817.3,1,2,3,Lost / Inactive,0,13,0,0.002066054946874593,5.82
USR_12893,Standard,Equities,133,7,2812.6899999999996,3,3,3,Lost / Inactive,1,41,1,0.9954846203561771,2799.99
USR_13591,Gold,High-Yield Savings,3,9,2812.2199999999993,1,3,3,Lost / Inactive,1,27,0,0.002066054946874593,5.81
USR_13899,Gold,Equities,11,8,2810.8599999999997,1,3,3,Lost / Inactive,2,10,0,0.002066054946874593,5.81
USR_10441,Standard,Equities,78,11,2801.82,3,2,3,Lost / Inactive,2,18,0,0.002066054946874593,5.79
USR_10485,Gold,Equities,69,8,2798.39,3,3,3,Lost / Inactive,0,37,0,0.002066054946874593,5.78
USR_11681,Standard,Robo-Advisory,7,6,2798.33,1,3,3,Lost / Inactive,0,39,0,0.002066054946874593,5.78
USR_11706,Gold,High-Yield Savings,247,9,2798.05,3,3,3,Lost / Inactive,1,20,1,0.9954846203561771,2785.42
USR_14793,Standard,Crypto,14,9,2796.74,1,3,3,Lost / Inactive,1,19,0,0.002066054946874593,5.78
USR_10622,Gold,Equities,39,8,2795.5299999999997,2,3,3,Lost / Inactive,1,20,0,0.002066054946874593,5.78
USR_10703,Standard,Equities,56,7,2792.52,2,3,3,Lost / Inactive,0,8,0,0.002066054946874593,5.77
USR_12636,Standard,Robo-Advisory,53,8,2792.49,2,3,3,Lost / Inactive,0,15,0,0.002066054946874593,5.77
USR_14510,Standard,Crypto,395,2,2790.4300000000003,3,3,3,Lost / Inactive,0,9,1,0.9954846203561771,2777.83
USR_12556,Standard,Robo-Advisory,86,11,2790.0500000000006,3,2,3,Lost / Inactive,0,27,0,0.002066054946874593,5.76
USR_12167,Gold,Equities,52,7,2788.49,2,3,3,Lost / Inactive,3,17,0,0.002066054946874593,5.76
USR_12100,Gold,High-Yield Savings,14,14,2786.0099999999998,1,1,3,Lost / Inactive,1,25,0,0.002066054946874593,5.76
USR_10146,Standard,Equities,23,11,2784.4,1,2,3,Lost / Inactive,0,14,0,0.002066054946874593,5.75
USR_10231,Standard,Equities,264,7,2782.7799999999997,3,3,3,Lost / Inactive,1,5,1,0.9954846203561771,2770.21
USR_14655,Standard,Equities,198,7,2782.03,3,3,3,Lost / Inactive,1,36,1,0.9954846203561771,2769.47
USR_12519,Standard,Equities,65,9,2781.47,2,3,3,Lost / Inactive,1,8,0,0.002066054946874593,5.75
USR_14281,VIP Wealth,Equities,335,9,2779.66,3,3,3,Lost / Inactive,2,14,1,0.9954846203561771,2767.11
USR_14723,Standard,Equities,15,11,2765.4499999999994,1,2,3,Lost / Inactive,1,30,0,0.002066054946874593,5.71
USR_13970,Standard,Crypto,13,13,2764.35,1,2,3,Lost / Inactive,0,6,0,0.002066054946874593,5.71
USR_12998,Gold,High-Yield Savings,46,7,2762.2099999999996,2,3,3,Lost / Inactive,1,21,0,0.002066054946874593,5.71
USR_13724,Standard,Robo-Advisory,1,11,2762.02,1,2,3,Lost / Inactive,1,23,0,0.002066054946874593,5.71
USR_10078,Standard,Robo-Advisory,1,10,2755.23,1,3,3,Lost / Inactive,0,29,0,0.002066054946874593,5.69
USR_13860,Standard,Equities,11,10,2747.4399999999996,1,3,3,Lost / Inactive,0,17,0,0.002066054946874593,5.68
USR_11914,Gold,Crypto,181,8,2747.2699999999995,3,3,3,Lost / Inactive,1,10,1,0.9954846203561771,2734.87
USR_14575,Standard,Equities,87,9,2746.7500000000005,3,3,3,Lost / Inactive,3,39,0,0.002066054946874593,5.67
USR_12545,Standard,High-Yield Savings,110,11,2740.6200000000003,3,2,3,Lost / Inactive,0,38,1,0.9954846203561771,2728.25
USR_12480,Gold,Equities,19,7,2731.92,1,3,3,Lost / Inactive,0,1,1,0.9954846203561771,2719.58
USR_12478,Standard,Crypto,16,10,2727.76,1,3,3,Lost / Inactive,1,39,0,0.002066054946874593,5.64
USR_11135,Standard,High-Yield Savings,114,13,2725.8199999999997,3,1,3,Lost / Inactive,3,37,1,0.9954846203561771,2713.51
USR_13789,VIP Wealth,Crypto,70,5,2721.67,3,3,3,Lost / Inactive,0,37,0,0.002066054946874593,5.62
USR_14830,Standard,High-Yield Savings,129,9,2720.5400000000004,3,3,3,Lost / Inactive,0,15,1,0.9954846203561771,2708.26
USR_12439,Gold,High-Yield Savings,64,6,2718.88,2,3,3,Lost / Inactive,3,32,0,0.002066054946874593,5.62
USR_14245,Standard,High-Yield Savings,124,10,2716.5899999999997,3,3,3,Lost / Inactive,1,8,1,0.9954846203561771,2704.32
USR_10378,Gold,Crypto,359,9,2716.35,3,3,3,Lost / Inactive,2,20,1,0.9954846203561771,2704.08
USR_13187,Gold,Crypto,258,7,2716.0,3,3,3,Lost / Inactive,2,25,1,0.9954846203561771,2703.74
USR_11846,Standard,Crypto,33,11,2715.8799999999997,2,2,3,Lost / Inactive,1,34,0,0.002066054946874593,5.61
USR_10599,Gold,Equities,2,7,2715.46,1,3,3,Lost / Inactive,1,40,0,0.002066054946874593,5.61
USR_11150,Gold,Crypto,5,7,2714.41,1,3,3,Lost / Inactive,0,16,0,0.002066054946874593,5.61
USR_11188,Standard,Equities,41,12,2714.01,2,2,3,Lost / Inactive,0,39,0,0.002066054946874593,5.61
USR_11228,Standard,Crypto,40,8,2713.3599999999997,2,3,3,Lost / Inactive,1,4,1,0.9954846203561771,2701.11
USR_11797,Standard,High-Yield Savings,143,9,2696.49,3,3,3,Lost / Inactive,0,32,1,0.9954846203561771,2684.31
USR_13519,Standard,Equities,82,10,2696.1000000000004,3,3,3,Lost / Inactive,0,10,0,0.002066054946874593,5.57
USR_10429,Standard,Equities,28,11,2695.83,2,2,3,Lost / Inactive,0,38,0,0.002066054946874593,5.57
USR_10767,Standard,High-Yield Savings,120,5,2694.62,3,3,3,Lost / Inactive,2,9,1,0.9954846203561771,2682.45
USR_12782,Standard,High-Yield Savings,209,7,2693.79,3,3,3,Lost / Inactive,2,43,1,0.9954846203561771,2681.63
USR_14348,Gold,Crypto,6,10,2688.41,1,3,3,Lost / Inactive,2,22,0,0.002066054946874593,5.55
USR_12373,Standard,Crypto,93,10,2687.54,3,3,3,Lost / Inactive,2,27,1,0.9954846203561771,2675.4
USR_12583,Standard,Equities,55,9,2687.28,2,3,3,Lost / Inactive,1,4,1,0.9954846203561771,2675.15
USR_14390,Standard,High-Yield Savings,95,8,2680.4100000000003,3,3,3,Lost / Inactive,2,42,1,0.9954846203561771,2668.31
USR_10690,Gold,Crypto,30,8,2675.6800000000003,2,3,3,Lost / Inactive,2,31,0,0.002066054946874593,5.53
USR_13675,Standard,High-Yield Savings,36,11,2675.39,2,2,3,Lost / Inactive,0,43,0,0.002066054946874593,5.53
USR_12196,Gold,Crypto,24,12,2673.7099999999996,1,2,3,Lost / Inactive,1,41,0,0.002066054946874593,5.52
USR_11134,Standard,Equities,70,6,2671.1699999999996,3,3,3,Lost / Inactive,1,17,0,0.002066054946874593,5.52
USR_13768,Standard,Equities,7,9,2666.92,1,3,3,Lost / Inactive,1,40,0,0.002066054946874593,5.51
USR_13073,Gold,High-Yield Savings,63,7,2666.65,2,3,3,Lost / Inactive,0,31,0,0.002066054946874593,5.51
USR_13363,Standard,Equities,301,11,2664.6,3,2,3,Lost / Inactive,1,2,1,0.9954846203561771,2652.57
USR_14958,Standard,Crypto,47,12,2662.24,2,2,3,Lost / Inactive,0,26,0,0.002066054946874593,5.5
USR_10949,VIP Wealth,Crypto,31,7,2661.9299999999994,2,3,3,Lost / Inactive,1,18,0,0.002066054946874593,5.5
USR_10695,Standard,Equities,104,8,2661.06,3,3,3,Lost / Inactive,2,1,1,0.9954846203561771,2649.04
USR_11867,Standard,Equities,49,10,2660.2200000000003,2,3,3,Lost / Inactive,0,25,0,0.002066054946874593,5.5
USR_10552,Standard,Equities,62,9,2656.6899999999996,2,3,3,Lost / Inactive,0,31,0,0.002066054946874593,5.49
USR_12393,Standard,Equities,80,6,2654.61,3,3,3,Lost / Inactive,1,28,0,0.002066054946874593,5.48
USR_14363,Standard,Equities,60,5,2650.55,2,3,3,Lost / Inactive,0,16,0,0.002066054946874593,5.48
USR_12235,Gold,Equities,131,9,2650.35,3,3,3,Lost / Inactive,3,32,1,0.9954846203561771,2638.38
USR_10806,Standard,High-Yield Savings,7,9,2649.43,1,3,3,Lost / Inactive,1,15,0,0.002066054946874593,5.47
USR_13706,Standard,Crypto,149,13,2646.84,3,1,3,Lost / Inactive,1,24,1,0.9954846203561771,2634.89
USR_12482,Gold,Equities,63,9,2646.6700000000005,2,3,3,Lost / Inactive,1,13,0,0.002066054946874593,5.47
USR_14954,Gold,Crypto,158,12,2641.96,3,2,3,Lost / Inactive,1,26,1,0.9954846203561771,2630.03
USR_10092,Standard,Crypto,40,8,2641.03,2,3,3,Lost / Inactive,0,44,0,0.002066054946874593,5.46
USR_12787,Standard,Crypto,83,5,2634.3599999999997,3,3,3,Lost / Inactive,1,11,0,0.002066054946874593,5.44
USR_12420,Standard,High-Yield Savings,11,11,2626.06,1,2,3,Lost / Inactive,3,42,0,0.002066054946874593,5.43
USR_13645,Standard,Crypto,5,9,2621.18,1,3,3,Lost / Inactive,1,6,0,0.002066054946874593,5.42
USR_10820,Standard,Equities,202,8,2603.91,3,3,3,Lost / Inactive,0,15,1,0.9954846203561771,2592.15
USR_12941,Standard,Crypto,2,8,2603.8900000000003,1,3,3,Lost / Inactive,0,8,0,0.002066054946874593,5.38
USR_12402,Standard,Crypto,159,8,2601.52,3,3,3,Lost / Inactive,2,27,1,0.9954846203561771,2589.77
USR_14386,Gold,High-Yield Savings,90,10,2597.97,3,3,3,Lost / Inactive,0,35,0,0.002066054946874593,5.37
USR_11306,VIP Wealth,Equities,129,9,2595.95,3,3,3,Lost / Inactive,0,28,1,0.9954846203561771,2584.23
USR_11373,Standard,Robo-Advisory,13,9,2595.51,1,3,3,Lost / Inactive,1,41,0,0.002066054946874593,5.36
USR_11326,Standard,High-Yield Savings,8,9,2590.4900000000002,1,3,3,Lost / Inactive,3,35,0,0.002066054946874593,5.35
USR_11406,Standard,Equities,3,10,2584.24,1,3,3,Lost / Inactive,0,27,0,0.002066054946874593,5.34
USR_10186,Standard,Robo-Advisory,113,10,2580.0200000000004,3,2,3,Lost / Inactive,1,30,1,0.9954846203561771,2568.37
USR_12448,Standard,Equities,52,10,2577.98,2,3,3,Lost / Inactive,3,23,0,0.002066054946874593,5.33
USR_14967,Standard,High-Yield Savings,121,10,2574.75,3,3,3,Lost / Inactive,1,26,1,0.9954846203561771,2563.12
USR_14144,Gold,High-Yield Savings,2,8,2574.4199999999996,1,3,3,Lost / Inactive,1,14,0,0.002066054946874593,5.32
USR_11390,Gold,Equities,162,8,2572.3500000000004,3,3,3,Lost / Inactive,1,24,1,0.9954846203561771,2560.73
USR_11473,Standard,Equities,6,7,2571.78,1,3,3,Lost / Inactive,0,17,0,0.002066054946874593,5.31
USR_11354,Gold,High-Yield Savings,119,10,2571.71,3,2,3,Lost / Inactive,1,44,1,0.9954846203561771,2560.1
USR_11687,Standard,High-Yield Savings,3,7,2571.3399999999997,1,3,3,Lost / Inactive,2,9,0,0.002066054946874593,5.31
USR_12160,Standard,High-Yield Savings,56,15,2567.52,2,1,3,Lost / Inactive,0,40,0,0.002066054946874593,5.3
USR_12159,Standard,High-Yield Savings,77,8,2565.2200000000003,3,3,3,Lost / Inactive,0,27,0,0.002066054946874593,5.3
USR_12768,Standard,Equities,56,12,2564.14,2,2,3,Lost / Inactive,0,22,0,0.002066054946874593,5.3
USR_10466,Gold,Equities,16,8,2561.1599999999994,1,3,3,Lost / Inactive,1,15,0,0.002066054946874593,5.29
USR_11763,Gold,Equities,10,10,2558.9799999999996,1,3,3,Lost / Inactive,1,0,1,0.9954846203561771,2547.43
USR_12591,Gold,Equities,9,8,2558.7200000000003,1,3,3,Lost / Inactive,0,16,0,0.002066054946874593,5.29
USR_13776,Standard,Crypto,29,6,2549.5400000000004,2,3,3,Lost / Inactive,0,43,0,0.002066054946874593,5.27
USR_11522,Standard,High-Yield Savings,51,11,2539.8600000000006,2,2,3,Lost / Inactive,1,10,0,0.002066054946874593,5.25
USR_13451,VIP Wealth,Equities,8,4,2535.77,1,3,3,Lost / Inactive,2,3,1,0.9954846203561771,2524.32
USR_13825,Gold,High-Yield Savings,236,7,2534.29,3,3,3,Lost / Inactive,2,2,1,0.9954846203561771,2522.85
USR_11097,Standard,Crypto,105,7,2533.77,3,3,3,Lost / Inactive,3,15,1,0.9954846203561771,2522.33
USR_10264,Standard,Equities,10,9,2533.75,1,3,3,Lost / Inactive,3,15,0,0.002066054946874593,5.23
USR_14568,Gold,Robo-Advisory,47,7,2531.34,2,3,3,Lost / Inactive,2,2,1,0.9954846203561771,2519.91
USR_10454,Gold,High-Yield Savings,120,7,2522.5099999999998,3,3,3,Lost / Inactive,1,21,1,0.9954846203561771,2511.12
USR_10187,Gold,Equities,104,9,2520.9800000000005,3,3,3,Lost / Inactive,1,3,1,0.9954846203561771,2509.6
USR_10728,Gold,High-Yield Savings,56,12,2519.079999999999,2,2,3,Lost / Inactive,1,41,0,0.002066054946874593,5.2
USR_10089,Gold,Robo-Advisory,38,10,2516.0000000000005,2,3,3,Lost / Inactive,0,43,0,0.002066054946874593,5.2
USR_11982,Standard,Robo-Advisory,140,8,2515.0999999999995,3,3,3,Lost / Inactive,0,20,1,0.9954846203561771,2503.74
USR_12737,Gold,Crypto,27,4,2507.9700000000003,2,3,3,Lost / Inactive,0,2,1,0.9954846203561771,2496.65
USR_13054,Gold,High-Yield Savings,148,5,2500.25,3,3,3,Lost / Inactive,1,30,1,0.9954846203561771,2488.96
USR_14579,Standard,Equities,108,8,2496.73,3,3,3,Lost / Inactive,0,9,1,0.9954846203561771,2485.46
USR_13179,Gold,Robo-Advisory,88,9,2492.3299999999995,3,3,3,Lost / Inactive,1,29,0,0.002066054946874593,5.15
USR_14593,Gold,Crypto,171,8,2488.8899999999994,3,3,3,Lost / Inactive,0,24,1,0.9954846203561771,2477.65
USR_11181,Standard,Robo-Advisory,40,7,2486.1400000000003,2,3,3,Lost / Inactive,2,16,0,0.002066054946874593,5.14
USR_10476,Standard,High-Yield Savings,75,7,2484.52,3,3,3,Lost / Inactive,0,35,0,0.002066054946874593,5.13
USR_12243,Gold,Robo-Advisory,131,8,2479.78,3,3,3,Lost / Inactive,0,12,1,0.9954846203561771,2468.58
USR_14729,Standard,Crypto,117,10,2477.57,3,2,3,Lost / Inactive,1,27,1,0.9954846203561771,2466.38
USR_10278,Gold,High-Yield Savings,330,7,2475.09,3,3,3,Lost / Inactive,1,16,1,0.9954846203561771,2463.91
USR_11131,Standard,Equities,4,11,2472.2900000000004,1,2,3,Lost / Inactive,1,28,0,0.002066054946874593,5.11
USR_12906,Gold,Equities,98,6,2469.9,3,3,3,Lost / Inactive,1,30,1,0.9954846203561771,2458.75
USR_13121,Standard,High-Yield Savings,128,5,2469.47,3,3,3,Lost / Inactive,0,11,1,0.9954846203561771,2458.32
USR_14346,VIP Wealth,Equities,41,12,2466.9000000000005,2,2,3,Lost / Inactive,1,38,0,0.002066054946874593,5.1
USR_10630,Standard,Equities,33,9,2449.23,2,3,3,Lost / Inactive,2,1,1,0.9954846203561771,2438.17
USR_11603,Gold,Robo-Advisory,3,10,2448.83,1,3,3,Lost / Inactive,1,8,0,0.002066054946874593,5.06
USR_11829,Standard,Equities,210,6,2448.25,3,3,3,Lost / Inactive,0,29,1,0.9954846203561771,2437.2
USR_11809,Standard,High-Yield Savings,97,14,2447.2099999999996,3,1,3,Lost / Inactive,0,29,1,0.9954846203561771,2436.16
USR_11607,Standard,Robo-Advisory,182,10,2446.8199999999997,3,3,3,Lost / Inactive,0,12,1,0.9954846203561771,2435.77
USR_12403,VIP Wealth,Robo-Advisory,13,7,2446.6000000000004,1,3,3,Lost / Inactive,0,27,0,0.002066054946874593,5.05
USR_13688,Standard,High-Yield Savings,202,9,2444.0,3,3,3,Lost / Inactive,0,28,1,0.9954846203561771,2432.96
USR_14543,Gold,Robo-Advisory,84,9,2443.76,3,3,3,Lost / Inactive,1,20,0,0.002066054946874593,5.05
USR_12606,Standard,Crypto,89,8,2442.67,3,3,3,Lost / Inactive,0,3,1,0.9954846203561771,2431.64
USR_12634,Standard,High-Yield Savings,24,6,2441.53,1,3,3,Lost / Inactive,1,4,1,0.9954846203561771,2430.51
USR_12257,Gold,Equities,75,7,2440.2599999999998,3,3,3,Lost / Inactive,0,27,0,0.002066054946874593,5.04
USR_13915,Standard,Equities,253,7,2436.6899999999996,3,3,3,Lost / Inactive,1,22,1,0.9954846203561771,2425.69
USR_14430,VIP Wealth,Equities,39,6,2433.58,2,3,3,Lost / Inactive,2,2,1,0.9954846203561771,2422.59
USR_13698,Gold,Robo-Advisory,60,9,2430.58,2,3,3,Lost / Inactive,2,23,0,0.002066054946874593,5.02
USR_14961,Standard,Equities,116,6,2423.74,3,3,3,Lost / Inactive,1,25,1,0.9954846203561771,2412.8
USR_14812,Standard,Crypto,17,10,2422.8300000000004,1,3,3,Lost / Inactive,0,33,0,0.002066054946874593,5.01
USR_11673,Gold,Crypto,53,9,2422.6299999999997,2,3,3,Lost / Inactive,1,22,0,0.002066054946874593,5.01
USR_10438,Gold,Robo-Advisory,239,5,2422.09,3,3,3,Lost / Inactive,0,14,1,0.9954846203561771,2411.15
USR_14739,VIP Wealth,Equities,23,6,2419.39,1,3,3,Lost / Inactive,0,0,1,0.9954846203561771,2408.47
USR_11289,Standard,Crypto,88,12,2416.92,3,2,3,Lost / Inactive,2,22,0,0.002066054946874593,4.99
USR_10698,Gold,Crypto,23,11,2412.87,1,2,3,Lost / Inactive,0,16,0,0.002066054946874593,4.99
USR_11736,Gold,High-Yield Savings,20,9,2405.23,1,3,3,Lost / Inactive,1,22,0,0.002066054946874593,4.97
USR_13348,Standard,Robo-Advisory,47,9,2404.9700000000003,2,3,3,Lost / Inactive,0,27,0,0.002066054946874593,4.97
USR_13879,Standard,Crypto,77,4,2402.81,3,3,3,Lost / Inactive,0,11,0,0.002066054946874593,4.96
USR_11275,Gold,Crypto,51,6,2397.72,2,3,3,Lost / Inactive,0,21,0,0.002066054946874593,4.95
USR_14299,Standard,Equities,62,7,2396.31,2,3,3,Lost / Inactive,0,40,0,0.002066054946874593,4.95
USR_14626,Standard,High-Yield Savings,116,7,2396.29,3,3,3,Lost / Inactive,1,20,1,0.9954846203561771,2385.47
USR_14648,Standard,Crypto,72,11,2387.87,3,2,3,Lost / Inactive,0,8,0,0.002066054946874593,4.93
USR_13918,Standard,Robo-Advisory,56,6,2385.6200000000003,2,3,3,Lost / Inactive,2,24,0,0.002066054946874593,4.93
USR_14050,VIP Wealth,Crypto,62,10,2380.1099999999997,2,3,3,Lost / Inactive,0,31,0,0.002066054946874593,4.92
USR_14128,Standard,High-Yield Savings,231,8,2375.63,3,3,3,Lost / Inactive,1,10,1,0.9954846203561771,2364.9
USR_10691,Gold,Robo-Advisory,156,11,2373.1599999999994,3,2,3,Lost / Inactive,0,33,1,0.9954846203561771,2362.44
USR_14975,Standard,Robo-Advisory,21,8,2372.74,1,3,3,Lost / Inactive,5,19,0,0.002066054946874593,4.9
USR_11178,Standard,High-Yield Savings,27,7,2371.59,2,3,3,Lost / Inactive,0,8,0,0.002066054946874593,4.9
USR_12068,VIP Wealth,Equities,5,7,2367.4,1,3,3,Lost / Inactive,2,36,0,0.002066054946874593,4.89
USR_11674,Gold,High-Yield Savings,43,9,2364.62,2,3,3,Lost / Inactive,2,26,0,0.002066054946874593,4.89
USR_10798,Standard,Equities,118,5,2356.9500000000003,3,3,3,Lost / Inactive,0,0,1,0.9954846203561771,2346.31
USR_12487,Standard,High-Yield Savings,26,7,2343.99,2,3,3,Lost / Inactive,0,0,1,0.9954846203561771,2333.41
USR_14449,Gold,Equities,48,10,2341.25,2,3,3,Lost / Inactive,5,24,0,0.002066054946874593,4.84
USR_14980,Gold,High-Yield Savings,31,10,2341.12,2,3,3,Lost / Inactive,0,26,0,0.002066054946874593,4.84
USR_14996,Standard,Crypto,56,12,2337.9300000000003,2,2,3,Lost / Inactive,0,2,1,0.9954846203561771,2327.37
USR_13887,Standard,Equities,26,7,2334.68,2,3,3,Lost / Inactive,0,40,0,0.002066054946874593,4.82
USR_10849,Standard,High-Yield Savings,155,9,2332.1099999999997,3,3,3,Lost / Inactive,0,33,1,0.9954846203561771,2321.58
USR_13846,Standard,Equities,81,4,2330.9599999999996,3,3,3,Lost / Inactive,2,35,0,0.002066054946874593,4.82
USR_11118,Standard,Robo-Advisory,43,10,2325.4300000000003,2,3,3,Lost / Inactive,1,28,0,0.002066054946874593,4.8
USR_10041,Standard,Equities,28,7,2319.72,2,3,3,Lost / Inactive,3,19,0,0.002066054946874593,4.79
USR_14757,Gold,Equities,33,9,2319.43,2,3,3,Lost / Inactive,0,25,0,0.002066054946874593,4.79
USR_14034,VIP Wealth,Crypto,18,9,2316.96,1,3,3,Lost / Inactive,1,17,0,0.002066054946874593,4.79
USR_13164,Gold,High-Yield Savings,26,8,2314.87,2,3,3,Lost / Inactive,0,25,0,0.002066054946874593,4.78
USR_12989,Gold,High-Yield Savings,106,9,2312.45,3,3,3,Lost / Inactive,0,31,1,0.9954846203561771,2302.01
USR_11871,Gold,Equities,103,12,2306.8100000000004,3,2,3,Lost / Inactive,0,6,1,0.9954846203561771,2296.39
USR_13029,Gold,High-Yield Savings,33,10,2305.46,2,3,3,Lost / Inactive,2,40,0,0.002066054946874593,4.76
USR_10367,Standard,Equities,37,12,2301.33,2,2,3,Lost / Inactive,0,38,0,0.002066054946874593,4.75
USR_12246,VIP Wealth,High-Yield Savings,29,10,2299.1499999999996,2,3,3,Lost / Inactive,0,34,0,0.002066054946874593,4.75
USR_14287,Standard,Equities,3,7,2298.59,1,3,3,Lost / Inactive,2,6,0,0.002066054946874593,4.75
USR_12905,Standard,High-Yield Savings,446,5,2297.21,3,3,3,Lost / Inactive,1,36,1,0.9954846203561771,2286.84
USR_13640,Standard,Crypto,30,7,2292.81,2,3,3,Lost / Inactive,0,44,0,0.002066054946874593,4.74
USR_11901,Standard,Robo-Advisory,88,9,2284.49,3,3,3,Lost / Inactive,1,7,0,0.002066054946874593,4.72
USR_11855,Standard,High-Yield Savings,42,8,2279.6000000000004,2,3,3,Lost / Inactive,1,23,0,0.002066054946874593,4.71
USR_13896,Gold,High-Yield Savings,5,6,2279.07,1,3,3,Lost / Inactive,0,32,0,0.002066054946874593,4.71
USR_11042,Standard,Crypto,29,5,2277.15,2,3,3,Lost / Inactive,2,16,0,0.002066054946874593,4.7
USR_12855,Standard,Crypto,109,7,2269.33,3,3,3,Lost / Inactive,1,32,1,0.9954846203561771,2259.08
USR_12491,Standard,Equities,154,8,2266.91,3,3,3,Lost / Inactive,1,18,1,0.9954846203561771,2256.67
USR_14289,Standard,Equities,100,9,2264.33,3,3,3,Lost / Inactive,2,7,1,0.9954846203561771,2254.11
USR_14745,Standard,Crypto,22,6,2262.21,1,3,3,Lost / Inactive,0,12,0,0.002066054946874593,4.67
USR_10673,Gold,Crypto,110,8,2257.94,3,3,3,Lost / Inactive,0,42,1,0.9954846203561771,2247.74
USR_14495,Gold,High-Yield Savings,88,11,2243.03,3,2,3,Lost / Inactive,0,29,0,0.002066054946874593,4.63
USR_12107,Standard,Robo-Advisory,291,5,2242.31,3,3,3,Lost / Inactive,0,3,1,0.9954846203561771,2232.19
USR_13935,Standard,Equities,8,6,2241.5299999999997,1,3,3,Lost / Inactive,0,35,0,0.002066054946874593,4.63
USR_10748,Gold,Crypto,162,9,2229.52,3,3,3,Lost / Inactive,2,12,1,0.9954846203561771,2219.45
USR_12422,Standard,Robo-Advisory,7,8,2228.14,1,3,3,Lost / Inactive,1,32,0,0.002066054946874593,4.6
USR_14721,Standard,High-Yield Savings,120,10,2225.25,3,2,3,Lost / Inactive,2,25,1,0.9954846203561771,2215.2
USR_14355,VIP Wealth,Crypto,59,6,2222.42,2,3,3,Lost / Inactive,0,17,0,0.002066054946874593,4.59
USR_14675,VIP Wealth,Crypto,296,5,2221.92,3,3,3,Lost / Inactive,0,36,1,0.9954846203561771,2211.89
USR_11364,Standard,High-Yield Savings,49,7,2216.67,2,3,3,Lost / Inactive,0,19,0,0.002066054946874593,4.58
USR_12407,Standard,Crypto,57,8,2210.6900000000005,2,3,3,Lost / Inactive,0,41,0,0.002066054946874593,4.57
USR_10213,Standard,High-Yield Savings,51,8,2210.59,2,3,3,Lost / Inactive,1,19,0,0.002066054946874593,4.57
USR_11536,Standard,Equities,14,10,2209.46,1,3,3,Lost / Inactive,1,21,0,0.002066054946874593,4.56
USR_11283,Standard,Equities,86,7,2203.07,3,3,3,Lost / Inactive,1,31,0,0.002066054946874593,4.55
USR_12176,Standard,Equities,23,11,2196.26,1,2,3,Lost / Inactive,0,9,0,0.002066054946874593,4.54
USR_10396,Standard,Robo-Advisory,7,10,2195.36,1,3,3,Lost / Inactive,0,15,0,0.002066054946874593,4.54
USR_13812,Standard,High-Yield Savings,32,8,2194.8999999999996,2,3,3,Lost / Inactive,1,2,1,0.9954846203561771,2184.99
USR_14550,Gold,High-Yield Savings,73,10,2193.12,3,3,3,Lost / Inactive,0,2,1,0.9954846203561771,2183.22
USR_10149,VIP Wealth,Robo-Advisory,379,5,2192.51,3,3,3,Lost / Inactive,0,14,1,0.9954846203561771,2182.61
USR_10033,Standard,Equities,117,9,2188.99,3,3,3,Lost / Inactive,0,29,1,0.9954846203561771,2179.11
USR_13859,Gold,High-Yield Savings,123,7,2184.83,3,3,3,Lost / Inactive,1,35,1,0.9954846203561771,2174.96
USR_10578,Standard,Robo-Advisory,139,8,2183.41,3,3,3,Lost / Inactive,0,4,1,0.9954846203561771,2173.55
USR_13496,Standard,Equities,202,9,2182.99,3,3,3,Lost / Inactive,1,36,1,0.9954846203561771,2173.13
USR_12494,Standard,Crypto,13,7,2174.0699999999997,1,3,3,Lost / Inactive,2,42,0,0.002066054946874593,4.49
USR_11435,Standard,Equities,169,6,2173.1,3,3,3,Lost / Inactive,0,29,1,0.9954846203561771,2163.29
USR_11046,Standard,Crypto,171,9,2172.1900000000005,3,3,3,Lost / Inactive,1,23,1,0.9954846203561771,2162.38
USR_14218,Gold,Robo-Advisory,57,10,2171.5800000000004,2,3,3,Lost / Inactive,1,18,0,0.002066054946874593,4.49
USR_12550,Standard,High-Yield Savings,2,10,2167.7200000000003,1,3,3,Lost / Inactive,1,20,0,0.002066054946874593,4.48
USR_13188,Standard,High-Yield Savings,89,6,2165.77,3,3,3,Lost / Inactive,0,20,0,0.002066054946874593,4.47
USR_14829,Standard,Robo-Advisory,13,6,2164.56,1,3,3,Lost / Inactive,1,18,0,0.002066054946874593,4.47
USR_10933,Standard,High-Yield Savings,60,11,2161.9,2,2,3,Lost / Inactive,1,23,0,0.002066054946874593,4.47
USR_13997,Standard,Crypto,10,9,2155.19,1,3,3,Lost / Inactive,0,14,0,0.002066054946874593,4.45
USR_12431,Standard,Crypto,97,9,2144.4399999999996,3,3,3,Lost / Inactive,2,42,1,0.9954846203561771,2134.76
USR_14000,Standard,Crypto,14,5,2144.32,1,3,3,Lost / Inactive,0,5,0,0.002066054946874593,4.43
USR_11000,Standard,High-Yield Savings,233,9,2142.8900000000003,3,3,3,Lost / Inactive,0,12,1,0.9954846203561771,2133.21
USR_10711,Standard,High-Yield Savings,121,8,2142.12,3,3,3,Lost / Inactive,1,35,1,0.9954846203561771,2132.45
USR_11939,Gold,Equities,76,10,2138.09,3,3,3,Lost / Inactive,0,28,0,0.002066054946874593,4.42
USR_13502,Standard,Robo-Advisory,187,4,2135.96,3,3,3,Lost / Inactive,0,25,1,0.9954846203561771,2126.32
USR_11162,Standard,Equities,10,7,2131.6299999999997,1,3,3,Lost / Inactive,2,8,0,0.002066054946874593,4.4
USR_11754,Gold,High-Yield Savings,47,12,2129.5,2,2,3,Lost / Inactive,1,12,0,0.002066054946874593,4.4
USR_11297,Gold,Crypto,2,7,2122.06,1,3,3,Lost / Inactive,3,15,0,0.002066054946874593,4.38
USR_12758,Standard,Equities,51,6,2121.0,2,3,3,Lost / Inactive,0,29,0,0.002066054946874593,4.38
USR_11659,Gold,High-Yield Savings,30,9,2112.11,2,3,3,Lost / Inactive,0,10,0,0.002066054946874593,4.36
USR_13375,Standard,Robo-Advisory,32,13,2110.7200000000003,2,2,3,Lost / Inactive,1,21,0,0.002066054946874593,4.36
USR_14755,Standard,High-Yield Savings,89,10,2091.25,3,3,3,Lost / Inactive,0,10,0,0.002066054946874593,4.32
USR_10333,Standard,High-Yield Savings,107,7,2090.74,3,3,3,Lost / Inactive,1,36,1,0.9954846203561771,2081.3
USR_13391,Gold,High-Yield Savings,64,8,2087.1699999999996,2,3,3,Lost / Inactive,0,19,0,0.002066054946874593,4.31
USR_10932,Standard,Equities,44,6,2085.4500000000003,2,3,3,Lost / Inactive,1,11,0,0.002066054946874593,4.31
USR_12171,Gold,High-Yield Savings,65,9,2080.5499999999997,2,3,3,Lost / Inactive,0,35,0,0.002066054946874593,4.3
USR_14516,Standard,High-Yield Savings,92,7,2071.15,3,3,3,Lost / Inactive,1,25,1,0.9954846203561771,2061.8
USR_10042,Standard,High-Yield Savings,61,6,2068.45,2,3,3,Lost / Inactive,0,32,0,0.002066054946874593,4.27
USR_13421,Gold,High-Yield Savings,14,7,2067.09,1,3,3,Lost / Inactive,2,8,0,0.002066054946874593,4.27
USR_12338,Gold,Robo-Advisory,18,7,2065.5,1,3,3,Lost / Inactive,1,12,0,0.002066054946874593,4.27
USR_13882,Standard,High-Yield Savings,134,6,2061.46,3,3,3,Lost / Inactive,1,42,1,0.9954846203561771,2052.15
USR_12609,Standard,Equities,28,10,2059.78,2,3,3,Lost / Inactive,1,17,0,0.002066054946874593,4.26
USR_10294,Standard,Robo-Advisory,106,5,2058.03,3,3,3,Lost / Inactive,0,15,1,0.9954846203561771,2048.74
USR_11704,Gold,Equities,24,6,2056.29,1,3,3,Lost / Inactive,0,13,0,0.002066054946874593,4.25
USR_11038,Gold,High-Yield Savings,108,6,2051.29,3,3,3,Lost / Inactive,1,32,1,0.9954846203561771,2042.03
USR_13006,VIP Wealth,High-Yield Savings,34,9,2043.2399999999998,2,3,3,Lost / Inactive,0,9,0,0.002066054946874593,4.22
USR_12964,VIP Wealth,High-Yield Savings,103,9,2043.2199999999998,3,3,3,Lost / Inactive,1,6,1,0.9954846203561771,2033.99
USR_14666,Standard,Equities,123,7,2037.49,3,3,3,Lost / Inactive,1,3,1,0.9954846203561771,2028.29
USR_13302,Standard,Equities,405,7,2030.16,3,3,3,Lost / Inactive,0,21,1,0.9954846203561771,2020.99
USR_14308,Gold,Equities,64,9,2026.8400000000001,2,3,3,Lost / Inactive,0,37,0,0.002066054946874593,4.19
USR_13513,Standard,Robo-Advisory,76,7,2020.41,3,3,3,Lost / Inactive,2,28,0,0.002066054946874593,4.17
USR_14234,Standard,Equities,52,8,2020.35,2,3,3,Lost / Inactive,1,10,0,0.002066054946874593,4.17
USR_14103,Standard,High-Yield Savings,24,8,2017.22,1,3,3,Lost / Inactive,0,10,0,0.002066054946874593,4.17
USR_14260,Standard,High-Yield Savings,197,6,2016.21,3,3,3,Lost / Inactive,1,5,1,0.9954846203561771,2007.11
USR_11089,Standard,Crypto,52,8,2013.13,2,3,3,Lost / Inactive,0,25,0,0.002066054946874593,4.16
USR_13469,Standard,Robo-Advisory,279,8,2007.66,3,3,3,Lost / Inactive,1,37,1,0.9954846203561771,1998.59
USR_12817,Standard,Crypto,14,6,1990.1399999999999,1,3,3,Lost / Inactive,3,36,0,0.002066054946874593,4.11
USR_13387,Gold,High-Yield Savings,48,8,1989.63,2,3,3,Lost / Inactive,2,43,0,0.002066054946874593,4.11
USR_13085,Standard,Crypto,4,6,1989.22,1,3,3,Lost / Inactive,1,30,0,0.002066054946874593,4.11
USR_10655,Gold,Equities,214,6,1985.3799999999999,3,3,3,Lost / Inactive,0,38,1,0.9954846203561771,1976.42
USR_14591,Standard,Crypto,44,8,1980.98,2,3,3,Lost / Inactive,0,38,0,0.002066054946874593,4.09
USR_10124,Standard,Equities,188,5,1980.78,3,3,3,Lost / Inactive,0,3,1,0.9954846203561771,1971.84
USR_14136,Standard,Crypto,96,11,1976.8300000000002,3,2,3,Lost / Inactive,0,11,1,0.9954846203561771,1967.9
USR_11424,Standard,High-Yield Savings,25,6,1971.8200000000002,2,3,3,Lost / Inactive,2,10,0,0.002066054946874593,4.07
USR_13636,VIP Wealth,Equities,23,7,1951.35,1,3,3,Lost / Inactive,0,17,0,0.002066054946874593,4.03
USR_14293,Standard,Robo-Advisory,19,4,1946.53,1,3,3,Lost / Inactive,1,2,1,0.9954846203561771,1937.74
USR_12656,Standard,Crypto,93,6,1939.58,3,3,3,Lost / Inactive,1,30,1,0.9954846203561771,1930.82
USR_11447,Standard,Equities,315,4,1938.75,3,3,3,Lost / Inactive,1,4,1,0.9954846203561771,1930.0
USR_11339,Gold,Equities,98,8,1934.4399999999998,3,3,3,Lost / Inactive,1,23,1,0.9954846203561771,1925.71
USR_12755,Standard,Robo-Advisory,142,11,1927.04,3,2,3,Lost / Inactive,0,21,1,0.9954846203561771,1918.34
USR_13569,Gold,Robo-Advisory,226,6,1925.2800000000002,3,3,3,Lost / Inactive,1,16,1,0.9954846203561771,1916.59
USR_10326,Standard,Equities,46,9,1924.78,2,3,3,Lost / Inactive,0,43,0,0.002066054946874593,3.98
USR_10561,Standard,High-Yield Savings,157,9,1924.54,3,3,3,Lost / Inactive,0,24,1,0.9954846203561771,1915.85
USR_10835,Standard,Equities,13,7,1918.21,1,3,3,Lost / Inactive,1,44,0,0.002066054946874593,3.96
USR_10706,Standard,High-Yield Savings,39,9,1915.6499999999999,2,3,3,Lost / Inactive,1,38,0,0.002066054946874593,3.96
USR_12869,Standard,High-Yield Savings,19,5,1904.3300000000002,1,3,3,Lost / Inactive,1,12,0,0.002066054946874593,3.93
USR_12514,Gold,High-Yield Savings,135,6,1898.6900000000003,3,3,3,Lost / Inactive,2,9,1,0.9954846203561771,1890.12
USR_14151,Standard,Equities,150,8,1891.99,3,3,3,Lost / Inactive,0,25,1,0.9954846203561771,1883.45
USR_14684,Gold,Equities,47,4,1891.8700000000001,2,3,3,Lost / Inactive,0,41,0,0.002066054946874593,3.91
USR_12371,Gold,High-Yield Savings,182,7,1877.43,3,3,3,Lost / Inactive,1,0,1,0.9954846203561771,1868.95
USR_12521,Standard,Equities,69,7,1865.31,3,3,3,Lost / Inactive,1,34,0,0.002066054946874593,3.85
USR_10026,Standard,Equities,24,10,1857.09,1,3,3,Lost / Inactive,2,26,0,0.002066054946874593,3.84
USR_13309,Standard,High-Yield Savings,54,8,1856.9099999999999,2,3,3,Lost / Inactive,2,8,0,0.002066054946874593,3.84
USR_13720,Standard,Robo-Advisory,79,6,1855.0400000000002,3,3,3,Lost / Inactive,0,30,0,0.002066054946874593,3.83
USR_13150,Standard,Equities,26,9,1854.0700000000002,2,3,3,Lost / Inactive,0,43,0,0.002066054946874593,3.83
USR_14085,Standard,Equities,136,6,1848.2099999999998,3,3,3,Lost / Inactive,0,11,1,0.9954846203561771,1839.86
USR_11887,Standard,Equities,161,9,1846.3600000000001,3,3,3,Lost / Inactive,0,44,1,0.9954846203561771,1838.02
USR_13408,VIP Wealth,Equities,32,7,1834.5199999999998,2,3,3,Lost / Inactive,1,9,0,0.002066054946874593,3.79
USR_10621,Standard,High-Yield Savings,24,8,1833.4299999999998,1,3,3,Lost / Inactive,1,26,0,0.002066054946874593,3.79
USR_13535,Standard,Robo-Advisory,240,6,1832.6799999999998,3,3,3,Lost / Inactive,0,35,1,0.9954846203561771,1824.4
USR_11496,Standard,Robo-Advisory,113,9,1832.15,3,3,3,Lost / Inactive,1,4,1,0.9954846203561771,1823.88
USR_12723,Standard,Equities,38,8,1832.0099999999998,2,3,3,Lost / Inactive,1,24,0,0.002066054946874593,3.79
USR_10325,Standard,High-Yield Savings,35,8,1821.22,2,3,3,Lost / Inactive,0,23,0,0.002066054946874593,3.76
USR_14539,Standard,Equities,135,7,1819.89,3,3,3,Lost / Inactive,3,21,1,0.9954846203561771,1811.67
USR_11079,Standard,Crypto,12,7,1813.56,1,3,3,Lost / Inactive,0,36,0,0.002066054946874593,3.75
USR_13458,Standard,Robo-Advisory,110,6,1813.03,3,3,3,Lost / Inactive,1,43,1,0.9954846203561771,1804.84
USR_10225,Gold,Equities,33,9,1806.3200000000004,2,3,3,Lost / Inactive,2,29,0,0.002066054946874593,3.73
USR_11863,Standard,Crypto,122,7,1803.0,3,3,3,Lost / Inactive,0,0,1,0.9954846203561771,1794.86
USR_14584,Standard,Robo-Advisory,293,8,1794.3400000000001,3,3,3,Lost / Inactive,1,16,1,0.9954846203561771,1786.24
USR_13653,Standard,High-Yield Savings,176,7,1780.2499999999998,3,3,3,Lost / Inactive,0,17,1,0.9954846203561771,1772.21
USR_14021,Gold,High-Yield Savings,38,9,1780.0,2,3,3,Lost / Inactive,0,38,0,0.002066054946874593,3.68
USR_12861,Gold,High-Yield Savings,94,10,1777.7900000000004,3,3,3,Lost / Inactive,0,43,1,0.9954846203561771,1769.76
USR_10651,Gold,High-Yield Savings,22,7,1753.24,1,3,3,Lost / Inactive,1,30,0,0.002066054946874593,3.62
USR_11176,Standard,Equities,53,9,1748.08,2,3,3,Lost / Inactive,0,10,0,0.002066054946874593,3.61
USR_13494,Gold,Crypto,162,9,1747.38,3,3,3,Lost / Inactive,2,7,1,0.9954846203561771,1739.49
USR_14147,Standard,Crypto,74,11,1714.85,3,2,3,Lost / Inactive,1,18,0,0.002066054946874593,3.54
USR_14447,Gold,Robo-Advisory,150,6,1706.82,3,3,3,Lost / Inactive,0,42,1,0.9954846203561771,1699.11
USR_13477,Gold,High-Yield Savings,112,7,1701.76,3,3,3,Lost / Inactive,0,8,1,0.9954846203561771,1694.08
USR_14997,Gold,Robo-Advisory,28,5,1694.69,2,3,3,Lost / Inactive,1,26,0,0.002066054946874593,3.5
USR_10494,VIP Wealth,Crypto,57,5,1691.67,2,3,3,Lost / Inactive,2,12,0,0.002066054946874593,3.5
USR_12801,Gold,Equities,109,8,1679.0,3,3,3,Lost / Inactive,1,31,1,0.9954846203561771,1671.42
USR_14940,Standard,High-Yield Savings,89,5,1668.87,3,3,3,Lost / Inactive,0,8,0,0.002066054946874593,3.45
USR_11609,Gold,High-Yield Savings,92,7,1667.73,3,3,3,Lost / Inactive,2,8,1,0.9954846203561771,1660.2
USR_14991,Standard,High-Yield Savings,46,9,1655.65,2,3,3,Lost / Inactive,3,31,0,0.002066054946874593,3.42
USR_12694,Gold,Crypto,107,6,1632.14,3,3,3,Lost / Inactive,1,22,1,0.9954846203561771,1624.77
USR_12931,Standard,High-Yield Savings,7,7,1632.0700000000002,1,3,3,Lost / Inactive,1,27,0,0.002066054946874593,3.37
USR_10998,VIP Wealth,Crypto,8,6,1626.1799999999998,1,3,3,Lost / Inactive,3,24,0,0.002066054946874593,3.36
USR_11862,Gold,High-Yield Savings,70,8,1614.0099999999998,3,3,3,Lost / Inactive,0,25,0,0.002066054946874593,3.33
USR_10320,Standard,High-Yield Savings,51,6,1606.61,2,3,3,Lost / Inactive,0,26,0,0.002066054946874593,3.32
USR_11159,Standard,Equities,112,7,1595.56,3,3,3,Lost / Inactive,0,23,1,0.9954846203561771,1588.36
USR_10861,Standard,Crypto,150,9,1591.26,3,3,3,Lost / Inactive,0,26,1,0.9954846203561771,1584.07
USR_11420,Gold,Equities,73,7,1589.04,3,3,3,Lost / Inactive,1,24,0,0.002066054946874593,3.28
USR_13222,Gold,Equities,73,5,1584.3300000000002,3,3,3,Lost / Inactive,2,7,0,0.002066054946874593,3.27
USR_12361,Gold,Robo-Advisory,28,10,1583.6300000000003,2,3,3,Lost / Inactive,1,8,0,0.002066054946874593,3.27
USR_11452,Standard,Crypto,6,6,1576.06,1,3,3,Lost / Inactive,0,41,0,0.002066054946874593,3.26
USR_10501,Standard,High-Yield Savings,38,6,1574.7299999999998,2,3,3,Lost / Inactive,1,11,0,0.002066054946874593,3.25
USR_10788,Standard,High-Yield Savings,55,8,1574.06,2,3,3,Lost / Inactive,1,1,1,0.9954846203561771,1566.95
USR_10371,Standard,Equities,4,6,1573.31,1,3,3,Lost / Inactive,0,9,0,0.002066054946874593,3.25
USR_13034,Gold,Equities,275,7,1565.6100000000001,3,3,3,Lost / Inactive,3,40,1,0.9954846203561771,1558.54
USR_10747,Standard,High-Yield Savings,214,7,1558.2799999999997,3,3,3,Lost / Inactive,0,23,1,0.9954846203561771,1551.24
USR_11570,Standard,High-Yield Savings,238,6,1556.47,3,3,3,Lost / Inactive,1,28,1,0.9954846203561771,1549.44
USR_12581,Standard,Equities,79,6,1548.8999999999999,3,3,3,Lost / Inactive,0,1,1,0.9954846203561771,1541.91
USR_11990,Gold,Robo-Advisory,37,4,1527.4099999999999,2,3,3,Lost / Inactive,1,24,0,0.002066054946874593,3.16
USR_12954,Gold,High-Yield Savings,76,6,1522.91,3,3,3,Lost / Inactive,1,43,0,0.002066054946874593,3.15
USR_13111,Standard,Equities,28,8,1516.47,2,3,3,Lost / Inactive,1,22,0,0.002066054946874593,3.13
USR_14627,Standard,Crypto,26,9,1516.06,2,3,3,Lost / Inactive,1,24,0,0.002066054946874593,3.13
USR_13158,Standard,Equities,91,8,1513.7599999999998,3,3,3,Lost / Inactive,0,34,1,0.9954846203561771,1506.92
USR_11880,Standard,Equities,261,7,1481.4700000000003,3,3,3,Lost / Inactive,1,17,1,0.9954846203561771,1474.78
USR_12349,Standard,Crypto,3,8,1479.72,1,3,3,Lost / Inactive,3,37,0,0.002066054946874593,3.06
USR_12254,Gold,Crypto,26,9,1466.78,2,3,3,Lost / Inactive,0,24,0,0.002066054946874593,3.03
USR_10425,Standard,Crypto,252,7,1463.51,3,3,3,Lost / Inactive,1,41,1,0.9954846203561771,1456.9
USR_10114,Gold,Equities,69,6,1454.72,3,3,3,Lost / Inactive,0,12,0,0.002066054946874593,3.01
USR_11476,Standard,Crypto,55,8,1453.67,2,3,3,Lost / Inactive,2,2,1,0.9954846203561771,1447.11
USR_14549,Gold,Equities,249,5,1445.9100000000003,3,3,3,Lost / Inactive,1,37,1,0.9954846203561771,1439.38
USR_10582,Standard,High-Yield Savings,145,7,1406.97,3,3,3,Lost / Inactive,1,14,1,0.9954846203561771,1400.62
USR_13024,Standard,Equities,71,7,1398.6699999999998,3,3,3,Lost / Inactive,2,9,0,0.002066054946874593,2.89
USR_11582,Standard,Equities,225,8,1371.82,3,3,3,Lost / Inactive,1,25,1,0.9954846203561771,1365.63
USR_12008,Gold,Crypto,39,5,1362.58,2,3,3,Lost / Inactive,1,42,0,0.002066054946874593,2.82
USR_10094,Gold,Equities,12,8,1348.2799999999997,1,3,3,Lost / Inactive,2,20,0,0.002066054946874593,2.79
USR_12358,Standard,Crypto,59,6,1341.0399999999997,2,3,3,Lost / Inactive,2,7,0,0.002066054946874593,2.77
USR_10997,Standard,High-Yield Savings,239,6,1340.19,3,3,3,Lost / Inactive,0,37,1,0.9954846203561771,1334.14
USR_12592,Standard,High-Yield Savings,123,8,1332.4000000000003,3,3,3,Lost / Inactive,3,12,1,0.9954846203561771,1326.38
USR_11864,Gold,Crypto,93,8,1327.8100000000002,3,3,3,Lost / Inactive,0,29,1,0.9954846203561771,1321.81
USR_14794,Gold,Crypto,93,9,1324.87,3,3,3,Lost / Inactive,2,20,1,0.9954846203561771,1318.89
USR_11928,Standard,Crypto,177,6,1323.34,3,3,3,Lost / Inactive,1,31,1,0.9954846203561771,1317.36
USR_12118,Standard,Equities,75,8,1309.42,3,3,3,Lost / Inactive,0,27,0,0.002066054946874593,2.71
USR_12880,Standard,Crypto,86,10,1307.2799999999997,3,3,3,Lost / Inactive,0,17,0,0.002066054946874593,2.7
USR_11101,Gold,Crypto,21,5,1289.9299999999998,1,3,3,Lost / Inactive,1,4,1,0.9954846203561771,1284.11
USR_13949,Standard,High-Yield Savings,2,9,1282.8500000000001,1,3,3,Lost / Inactive,0,25,0,0.002066054946874593,2.65
USR_14560,Gold,Equities,87,5,1278.7500000000002,3,3,3,Lost / Inactive,0,27,0,0.002066054946874593,2.64
USR_13746,VIP Wealth,Equities,26,6,1274.0,2,3,3,Lost / Inactive,0,17,0,0.002066054946874593,2.63
USR_11791,Gold,Equities,126,7,1254.79,3,3,3,Lost / Inactive,1,31,1,0.9954846203561771,1249.12
USR_11701,Standard,Robo-Advisory,64,9,1247.5199999999998,2,3,3,Lost / Inactive,3,15,0,0.002066054946874593,2.58
USR_13115,Gold,Equities,142,6,1224.78,3,3,3,Lost / Inactive,0,23,1,0.9954846203561771,1219.25
USR_11008,Gold,Equities,138,6,1152.33,3,3,3,Lost / Inactive,1,16,1,0.9954846203561771,1147.13
USR_11167,VIP Wealth,Crypto,221,6,1095.9,3,3,3,Lost / Inactive,1,34,1,0.9954846203561771,1090.95
USR_13737,Standard,Crypto,147,5,1085.4699999999998,3,3,3,Lost / Inactive,0,28,1,0.9954846203561771,1080.57
USR_11628,Gold,Equities,146,3,1049.2,3,3,3,Lost / Inactive,1,35,1,0.9954846203561771,1044.46
USR_10305,Gold,Crypto,26,7,987.39,2,3,3,Lost / Inactive,0,44,0,0.002066054946874593,2.04
USR_10679,Standard,Crypto,70,6,971.0899999999999,3,3,3,Lost / Inactive,0,23,0,0.002066054946874593,2.01
USR_13104,Standard,High-Yield Savings,77,8,932.81,3,3,3,Lost / Inactive,0,28,0,0.002066054946874593,1.93
USR_10520,Standard,Crypto,49,6,931.7499999999999,2,3,3,Lost / Inactive,0,41,0,0.002066054946874593,1.93
USR_13137,Standard,Equities,48,4,918.97,2,3,3,Lost / Inactive,0,7,0,0.002066054946874593,1.9
USR_10701,Gold,High-Yield Savings,44,3,906.1800000000001,2,3,3,Lost / Inactive,1,7,0,0.002066054946874593,1.87
USR_10868,Standard,Equities,373,5,896.27,3,3,3,Lost / Inactive,0,13,1,0.9954846203561771,892.22
USR_13727,Standard,Robo-Advisory,51,8,862.13,2,3,3,Lost / Inactive,1,4,1,0.9954846203561771,858.24
USR_10549,Standard,Equities,14,7,792.68,1,3,3,Lost / Inactive,1,2,1,0.9954846203561771,789.1
USR_12449,Standard,Equities,29,3,750.29,2,3,3,Lost / Inactive,1,20,0,0.002066054946874593,1.55
USR_13418,Standard,Crypto,192,5,735.3100000000001,3,3,3,Lost / Inactive,2,31,1,0.9954846203561771,731.99
USR_13696,Gold,High-Yield Savings,134,4,719.15,3,3,3,Lost / Inactive,0,21,1,0.9954846203561771,715.9
USR_10286,Standard,Equities,289,4,634.9300000000001,3,3,3,Lost / Inactive,0,22,1,0.9954846203561771,632.06
USR_13786,Gold,Robo-Advisory,43,5,597.8399999999999,2,3,3,Lost / Inactive,1,4,1,0.9954846203561771,595.14
USR_13071,Standard,Equities,24,8,577.5500000000001,1,3,3,Lost / Inactive,5,44,0,0.002066054946874593,1.19
USR_11910,Standard,Crypto,109,4,573.8,3,3,3,Lost / Inactive,1,34,1,0.9954846203561771,571.21
USR_11860,Standard,Equities,341,3,529.4300000000001,3,3,3,Lost / Inactive,0,39,1,0.9954846203561771,527.04
USR_11539,Gold,Equities,375,4,325.09999999999997,3,3,3,Lost / Inactive,1,14,1,0.9954846203561771,323.63
USR_11322,Standard,High-Yield Savings,472,3,324.16999999999996,3,3,3,Lost / Inactive,0,37,1,0.9954846203561771,322.71
